7124522129089217280,静观其变[呲牙]静观其辩！,3,150,0,2022-07-26 11:45:27,来自江苏,3922683758122507,容则宽
7124485618582930176,有图有真相，低调走过，不点评了。,0,89,0,2022-07-26 09:23:56,来自广西,2071070172521437,自在的灵宝宝
7124531636116701960,以为朋友圈都是朋友，殊不知朋友圈都是。。。,2,48,1,2022-07-26 12:22:42,来自江苏,20010085248,遥望的星空
7124537475070133024,我挺羡慕他的生活，现实中，一个领导都不认识,4,69,0,2022-07-26 12:45:30,来自安徽,355897918109460,逗友逗章瑜
7124591639774905088,为什么要公司成立调查组，自己调查自己吗？[抠鼻]小伙子把国企的日常工作生活跟大家分享一下多实在的一个人。,1,131,0,2022-07-26 16:15:12,来自江苏,5922179075,大杨宝宝哈喽
7124525969088070440,又给我们江西长脸了[尬笑],1,36,0,2022-07-26 12:00:33,来自江西,7718696355,老涂配房
7124512732879438633,我临居闲谈起来他说，他儿是某南市银行行长，这几年买了三套房，每次去都是几万几万的给，这次去给了十五万，我没吱声我在想才上班不多年就这么有钱，干行长就是有钱，我-生工作到现在还没有属于自己的一套房，唉悲哀。,3,59,0,2022-07-26 11:09:08,来自山东,923235245635486,正大ZFZ
7124503372648694531,20万一斤的茶都是正常操作，往上查查，深扒会发现直接刷新三观的操作,3,97,0,2022-07-26 10:32:20,来自安徽,101442488234,勺子挖西瓜
7124518684734915332,朋友圈可不都是朋友啊，年轻人，还有敌人，所以，我不发,2,22,0,2022-07-26 11:32:50,来自黑龙江,48017574472254,默东北
7124530389146157859,领导真不容易，日理万机废寝忘食工作，喝点好茶叶补补不应该么,0,20,0,2022-07-26 12:17:33,来自安徽,5576304242,与人为善爱我中华
7124539186278957836,辛苦张公子了！明明可以高调生活的，偏偏要低调生活,2,12,0,2022-07-26 12:52:09,来自河南,52234529741,风136657531
7124529861070947083,什么茶叶要那么贵啊,1,3,0,2022-07-26 12:16:24,来自江苏,1156291532701230,春风十里不同天独特
7124529806486160166,普通员工能喝20万的公家茶,0,21,0,2022-07-26 12:16:08,来自四川,64489342703,大将军jh
7124560256591971076,进去没错了。,1,1,0,2022-07-26 14:14:17,来自安徽,57254875587,媚俗的帕慕克
7124527915638833956,人家只是说了实话,0,21,0,2022-07-26 12:08:19,来自广东,6795817215,连破
7124647615316558596,应该表扬才对[泪奔]实话实说！如果因为发朋友圈讲了实话而被革职我觉得才有问题！,2,280,1,2022-07-26 19:53:10,来自广东,1763236587511415,开心123456789654321
7124291413076427560,难道不鼓励实话实说？[大笑],1,18,0,2022-07-25 20:50:06,来自江西,88506011274,江南笑笑云
7124281584236544775,还是太年轻哦,2,152,0,2022-07-25 20:12:28,来自江西,2075478435825037,直爽橘子JG
7124633900944704295,说实话是要承担后果滴，有关系没办法,0,18,0,2022-07-26 18:59:58,来自山东,109278593094,智惠能源
7124884232228799272,所以说没有自爆，或者别人曝光，这种事太多了，谁去查，细极恐思，唉,0,1,0,2022-07-27 11:10:43,来自江苏,157965600177166,神秘精灵9Z999
7124876184332747560,实话的代价,0,0,0,2022-07-27 10:39:35,来自上海,64697122828,子15481301
7124674680522720036,是的，只有崇拜权力，才能追求享受,0,5,0,2022-07-26 21:37:42,来自天津,54977867033,开朗轮船g
7124679683928539912,这世界本来就这样[石化],0,2,0,2022-07-26 21:57:01,来自山东,71240086484,奇幻天空Qt
7124658567235617540,人家是不忘初心。,0,100,3,2022-07-26 20:35:22,来自浙江,6713951330,KKVI
7124280773846434575,社会的真实写照,0,5,1,2022-07-25 20:08:43,来自山东,4038048621335,花开夜雨声
7124667767873110820,给你发奖状,0,2,0,2022-07-26 21:10:39,来自山东,2022721737996238,聪颖知易
7124291116115378976,烟不抽呀？哪儿可以买,0,41,1,2022-07-25 20:49:24,来自四川,725333259324200,kolinkolin
7124282289194107689,太年轻[尬笑],0,38,2,2022-07-25 20:14:43,来自安徽,110638406113,固山贝子贝勒
7124287678908416775,躺赢,0,31,1,2022-07-25 20:35:53,来自河南,5845493134,庄之行
7124884570985906983,这几年南昌限购，咋对他们没有，还有每年资产都要上报的，他们怎么做到的上报,2,59,0,2022-07-27 11:12:47,来自江西,62995167164,文妈妈090205
7124489210249691936,"周劼，你大义灭亲的壮举太豪横啦[赞][赞][赞]
周劼，你为国家扫黑除恶又贡献了你所有的力量。[碰拳][赞][赞][赞]",12,323,0,2022-07-26 10:11:36,,55053706231,蓉儿寻找靖哥哥
7124640521385231136,你们还相信光吗,14,203,0,2022-07-26 19:25:49,来自四川,100724786170,躺平先生
7124499760816063264,佩服朋友圈截图的这个人，19年截图保存现在发出来,1,36,0,2022-07-26 10:18:20,来自湖北,144778722280675,通透人生唔
7124676938212066063,感觉在写红楼梦[抠鼻],5,124,0,2022-07-26 21:46:10,来自云南,3685162205326612,画在紫陶
7124432124484092705,他可能是实话实说而已,6,565,1,2022-07-26 05:58:46,来自北京,65138807864,斐然
7124540972327289608,这个单位里可真么有普通老百姓,8,48,0,2022-07-26 12:59:00,来自江西,6571636597,96597286
7124909143693624101,六套房让我明白了什么是实力[捂脸],1,0,0,2022-07-27 12:47:52,来自山东,51981780793,一颗柿子树
7124329146498564867,我已经预测通告内容了[捂脸][捂脸],3,38,0,2022-07-25 23:17:37,来自安徽,52477179495,额额额曲项向天歌2
7124464181214561036,各地皆如此,11,363,1,2022-07-26 08:02:11,来自山东,610953447619292,一蓑烟雨任平生117
7124584442123076367,周某爸爸叫啥名,8,15,1,2022-07-26 15:47:22,来自广东,109286162520,大小二宝
7124278665294218018,注：是“经研究决定后”发布，而不是“经查实后”发布。,4,204,2,2022-07-25 20:00:29,来自重庆,5507553455,相忘-江湖
7124559191180329728,真是一个实诚的孩子！,0,86,0,2022-07-26 14:09:29,来自云南,2678039672002295,豌豆花姐姐
7124673991247381287,查查他家经济就知道，就看想不想查,4,41,0,2022-07-26 21:35:14,来自河北,53146660409,Hsh航行
7124568942379156227,这个职员是怎么入职的？程序公正公平公开吗？如果入职程序没有问题，其他的都是次要的。,1,3,0,2022-07-26 14:48:20,来自福建,1522193002925611,果山
7124620489204695816,相当于自首，坦白应该从宽吧。,1,0,0,2022-07-26 18:07:32,来自内蒙古,606572436007230,开朗辰星7I
7124624545164034855,如此诚实的孩子现在不多了，有关部门核实后，一定要重奖啊！,0,37,0,2022-07-26 18:23:56,来自江苏,102939871592,公道自在人心911
7124446878376329999,周某竟敢把别人不敢说的事实暴露出来，吃了豹子胆，饭碗也许不保。,15,216,3,2022-07-26 06:53:48,来自湖南,64136655968,郝欣晴280
7124449272187061028,他没说错什么，只是将真话说出来而已[大笑],4,351,1,2022-07-26 07:03:29,来自广东,64525832201,樵山读书人
7124603437454967582,只不过实话实说了！,0,36,0,2022-07-26 17:01:30,来自辽宁,65075812349,太阳之火52
7124886021997052675,他不是说资产没过亿，还得努力吗？,1,12,1,2022-07-27 11:18:24,来自湖北,2346891526,傲家九宝
7124539883011785480,没犯法，说了实话，无罪,2,95,3,2022-07-26 12:54:41,来自河南,93380918947,洋哥得道
7124911804836479752,“我有点想你，你呢？”前男友刚刚给我发来了这条消息，忽然间有些恍惚。好像我们还在一起。那一年多里，我们一起放羊，一起喂猪，一起下地插秧。他亲手制作的那一大束大蒜花捧美如繁星。我难以忘记，我们分开的那一天，他发来的最后一条信息：今天肯德基疯狂星期四谁请我吃？,0,0,0,2022-07-27 12:57:55,来自黑龙江,2428186291873395,萨拉热窝的朱丽叶
7124298068706673443,这小伙子是人才！要天天报料！好样的[赞][赞][憨笑],1,101,0,2022-07-25 21:15:49,来自陕西,3976621959,锦华科技融媒体
7124916872575320869,由此可见，他们这一类的人与老百姓怎么可能同舟共济，风雨同舟！,1,8,0,2022-07-27 13:17:45,来自重庆,52744140704,猫哥162604536
7124592848506274601,是个老实人,0,30,0,2022-07-26 16:19:54,来自湖北,63304320313,清新可乐lC
7124484803600237352,当阳光下看到一只蟑螂，就意味着暗处的蟑螂太多了,5,207,0,2022-07-26 09:20:43,来自浙江,55075547081,正直旭日U
7124605407045583655,他不过是不计后果地说出了事实,0,25,0,2022-07-26 17:09:29,来自浙江,2691249803898379,无法优雅老去
7124858193486086953,大概率会被辞退。,2,2,0,2022-07-27 09:29:38,来自四川,857243382186355,ly1962
7124870885081137935,小孩不懂事，尽说大实话！,2,214,0,2022-07-27 10:18:27,来自江西,4641932480,哈利波罗
7124880094367580968,其实出社会都知道他说的是实话,1,56,0,2022-07-27 10:54:45,来自河南,1433401598152240,不辞远的浩
7124633286378734377,为扫黑除恶贡献你的力量，值得点赞,1,6,0,2022-07-26 18:56:53,来自广东,110272984315,禅定自我
7124644773704729348,老胡在哪儿？司马北在哪儿？,3,34,0,2022-07-26 19:42:09,来自广东,4252551297106072,AlanFW
7124482924229231397,穷苦人如何才能翻身？,6,84,0,2022-07-26 09:13:49,来自墨西哥,59117777652,那年的天空
7124870633678209799,这孩子实诚，说的都是实话，好好查查吧！,1,61,0,2022-07-27 10:17:24,来自湖南,241532507269709,元气溪水hC
7124885450367779617,茶叶店老板好黑，明明6800元一斤，骗客人20万一斤。,2,30,0,2022-07-27 11:16:07,来自江苏,6654881481,微风细雨softwind
7124459141384880900,也要查一下他是怎么入职的，是校招还是特招？是正常入职还是特殊入职?,5,39,0,2022-07-26 07:42:29,来自江西,56794828221,zdy36820
7124872375346512675,他说的是大实话,0,51,0,2022-07-27 10:24:12,来自河北,106905214178,月亮捕手
7124908872887780132,2岁女儿去看医生，医生问她有没有吃手的习惯，女儿紧张地摇摇头。医生又问她：哪只手比较好吃啊?女儿举起了右手。,1,0,0,2022-07-27 12:46:29,来自黑龙江,2428186291873395,萨拉热窝的朱丽叶
7124588192791085824,没错，周公子发的不是朋友圈，而是实名举报信。一直没被重视，为周公子点赞！,1,192,0,2022-07-26 16:01:48,来自山东,85929420878,我已经关注你了
7124723202261353223,如果举报可以奖励查处金额的一半，一阵血雨腥风后，马上天朗气清，惠风和畅。,0,21,0,2022-07-27 00:49:04,来自福建,3186592361,何所见闻
7124478428182922023,这种行为不应该通报表扬吗？,2,60,0,2022-07-26 08:56:57,来自重庆,4248124352637757,多彩画板Jr
7124465051561853709,为这样诚实敢说实话的员工点赞！！！！,0,41,0,2022-07-26 08:04:50,来自安徽,80286324470,阳光普照59208
7124913646173602600,听说你有十套房子，不知道真假？这是小道消息,1,1,0,2022-07-27 13:04:41,来自广东,68752791267,身边大小事天天说
7124471683473769254,社会从来是两套运行逻辑，一套是明一套是喑。,1,106,0,2022-07-26 08:30:48,来自广西,52376662398,柠檬198707338
7124282885435261736,实力不允许低调呀！[机智][偷笑][偷笑],0,109,0,2022-07-25 20:16:59,来自河南,95587185648,真善美慧848
7124653604233020190,是普通员工没错啊，就是董事长，总经理也是企业的普通－员嘛[捂脸],3,52,0,2022-07-26 20:15:52,来自四川,3484348853,阳光下的小蜗牛
7124473461435204393,这样的公司很难进,3,49,0,2022-07-26 08:36:54,来自山东,4063414456690302,清新海洋qp
7124897899415782179,"四级调研员是县处级副职级别。
他说其父副局没问题，也没有错[大笑]",1,8,0,2022-07-27 12:03:30,来自广西,87523915149,大个子黑豆
7124476657410409252,虽有寒门贵子，但那是极少数，这些人天天打游戏都能进国企！,2,23,0,2022-07-26 08:49:41,来自湖北,676919533896311,余与清风
7124636076496782114,真是一个实诚的好孩子,0,8,0,2022-07-26 19:07:43,来自陕西,110965095503,神兽和黑米
7124586562952364841,这是个例现象吗？,1,31,0,2022-07-26 15:55:42,来自四川,14788231382,边远城市一家长
7124326999232955169,这么优秀的孩子是怎么进去的，不知道公开招聘的材料补全了没,1,32,0,2022-07-25 23:09:13,来自新疆,111269248736,User1119
7124483023998927619,150元一包的烟，快够我一周的生活费了。,2,6,0,2022-07-26 09:14:41,来自重庆,103116614303,热情远山jq
7124887164055765774,这些人名下的房产都查查,0,7,0,2022-07-27 11:22:46,来自河北,6702316383,沙漠玫瑰呀
7124466065115513640,这是英雄，敢于揭露社会现实,1,127,0,2022-07-26 08:08:11,来自浙江,98225873854,金酒
7124336912407724840,最后希望不是不了了之。期待下文。,7,41,0,2022-07-25 23:47:20,来自广东,21151590421,Morley2
7124906969575473928,世界上有五种药中药，西药，毒药，解药，还有这福气给你要不要。,0,0,0,2022-07-27 12:39:02,来自黑龙江,2428186291873395,萨拉热窝的朱丽叶
7124877898716381985,我认为他说的都是实话，没有一点夸大～,1,21,0,2022-07-27 10:46:50,来自河北,3734640207,别动我在飘
7124633795386671876,王澄澄一点事没有[捂脸][捂脸][捂脸][捂脸],3,52,1,2022-07-26 18:59:29,来自山东,59727366270,农素衣
7124872503910712099,六套住房和两套商铺，总是真的吧，这还是普通中层干部家庭的财产情况！,1,11,0,2022-07-27 10:24:48,来自河南,93763750700,郑州诸葛房探
7124331077199774498,要抓重点:烟的主人，烟的价格，普通员工已然如此，高级员工情何以堪？仅限江西？,2,91,0,2022-07-25 23:24:21,来自广东,6469505000,路边奢评
7124911874700886821,消息回得慢大家请理解，今天疯狂星期四，我在炸吮指原味鸡！,0,0,0,2022-07-27 12:58:12,来自黑龙江,2428186291873395,萨拉热窝的朱丽叶
7124908937727509279,为了安抚犯罪嫌疑人的情绪，王警官答应停止哭闹,0,0,0,2022-07-27 12:46:44,来自黑龙江,2428186291873395,萨拉热窝的朱丽叶
7124466133872214821,有些人发抖冒虚汗[捂脸][捂脸],2,5,0,2022-07-26 08:08:37,来自四川,62123761159,我是丰收哥呀
7124539791441986334,不及许州的许大小姐万分之一,0,22,0,2022-07-26 12:54:27,来自江西,50269371509,呵呵呵呵呵呵呵呵hi
7124907920240149262,诸葛：风，你向东刮 风：你才像冬瓜,0,0,0,2022-07-27 12:43:07,来自黑龙江,2428186291873395,萨拉热窝的朱丽叶
7124910080747176717,我：你看偶像练习生吗？ 朋友：不像,0,0,0,2022-07-27 12:51:21,来自黑龙江,2428186291873395,萨拉热窝的朱丽叶
7124910147545252622,求推荐有没有男主很有脆弱感的电影 答：西游记,0,0,0,2022-07-27 12:51:24,来自黑龙江,2428186291873395,萨拉热窝的朱丽叶
7124906204870394638,噩运来的时候，你没有躲或没有躲过，那么当好运来的时候，才能和你撞个满怀。,0,0,0,2022-07-27 12:36:18,来自黑龙江,2428186291873395,萨拉热窝的朱丽叶
7124473479705559844,调查什么，人家自己不全交代了吗？,1,8,0,2022-07-26 08:37:34,来自江苏,82676723013,敢不到好名字
7124597464116036367,反过来想象一下那些“聪明人”没有炫富的，有多少,1,3,0,2022-07-26 16:38:06,来自广东,9512757244,搞笑脑洞君
7124453037447709472,"比吹牛更可怕的是他们没有吹牛
比坑爹更可怕的是那些不坑爹的",7,329,2,2022-07-26 07:18:40,来自广东,5527935190,欢天喜地小黄人
7124286238974591751,说实话的年轻人，这是他们的初心。,2,57,0,2022-07-25 20:30:21,来自浙江,6001573448,活泉75155161
7124910629898601252,张飞和刘备骑马骑到悬崖边，刘备：“张飞你快勒马！”张飞“我快乐鸭”,0,0,0,2022-07-27 12:53:17,来自黑龙江,2428186291873395,萨拉热窝的朱丽叶
7124906252106269476,不向命运的安排低头，至死都抵抗,0,0,0,2022-07-27 12:36:17,来自黑龙江,2428186291873395,萨拉热窝的朱丽叶
7124907262996939533,这世界上有五种花，梅花，桃花，樱花，玫瑰花，还有一种挣钱给我花。,0,0,0,2022-07-27 12:40:25,来自黑龙江,2428186291873395,萨拉热窝的朱丽叶
7124910935454106382,阿笠博士在做博士之前是什么？阿笠硕士。,0,0,0,2022-07-27 12:54:52,来自黑龙江,2428186291873395,萨拉热窝的朱丽叶
7124468925575856931,"江西四大公子
周公子 谢公子 高公子",7,79,1,2022-07-26 08:19:07,来自广东,91947457434,深圳市金安卓科技
7124910931767313182,奥特曼上课举手发言结果老师死掉了。,0,0,0,2022-07-27 12:54:57,来自黑龙江,2428186291873395,萨拉热窝的朱丽叶
7124906232661410596,千万不要把钱当做是全部的生活，我怕你误解生活。,0,0,0,2022-07-27 12:36:10,来自黑龙江,2428186291873395,萨拉热窝的朱丽叶
7124906128337240839,什么叫遗憾？明明可以的，你却没有,0,0,0,2022-07-27 12:36:07,来自黑龙江,2428186291873395,萨拉热窝的朱丽叶
7124906938651362061,世界上有五种痛：牙痛、头痛、心痛、胃痛，还有剪秋本宫的头好痛。,0,0,0,2022-07-27 12:39:07,来自黑龙江,2428186291873395,萨拉热窝的朱丽叶
7124907995905573639,你知道一颗星星多重吗？八克，因为星八(巴)克,0,0,0,2022-07-27 12:43:14,来自黑龙江,2428186291873395,萨拉热窝的朱丽叶
7124910993792484133,花儿为什么会笑？因为它有梗啊~,0,0,0,2022-07-27 12:54:50,来自黑龙江,2428186291873395,萨拉热窝的朱丽叶
7124907942641779492,这世界上有五种风 微风 大风 刮风 台风 还有我的玉树临风,0,0,0,2022-07-27 12:42:53,来自黑龙江,2428186291873395,萨拉热窝的朱丽叶
7124906263342793479,万物皆有它的审美，听所有人意见，保留自己的判断。,0,0,0,2022-07-27 12:36:20,来自黑龙江,2428186291873395,萨拉热窝的朱丽叶
7124886026644013827,其实这就结束了[捂脸]，基本没有后续了,1,3,0,2022-07-27 11:18:29,来自山东,62203204181,小布叮咚咚咚
7124911013987746568,有一天螃蟹出门，不小心撞倒了泥鳅，泥鳅很生气地说：“你是不是瞎啊！”螃蟹说：“不是啊，我是螃蟹。”,0,0,0,2022-07-27 12:54:48,来自黑龙江,2428186291873395,萨拉热窝的朱丽叶
7124885404234400552,一个家族都贡献交通事业，,1,8,0,2022-07-27 11:15:07,来自广东,8944064199,新石2
7124482852527342344,@江西省委，需要保护敢说真话的好干部！,1,45,0,2022-07-26 09:13:31,来自重庆,98913077402,得瑟一点
7124906898906137357,世界上有五种堂 大堂 澡堂 食堂 教堂 还有我的仪表堂堂,0,0,0,2022-07-27 12:38:57,来自黑龙江,2428186291873395,萨拉热窝的朱丽叶
7124906862755676958,世界上有五种面，东面，西面，南面，北面，还有我想见你一面,0,0,0,2022-07-27 12:39:11,来自黑龙江,2428186291873395,萨拉热窝的朱丽叶
7124906925841990407,世界上有五种场 煤场 磁场 雨场 沙场 还有我闪亮登场,0,0,0,2022-07-27 12:39:06,来自黑龙江,2428186291873395,萨拉热窝的朱丽叶
7124871354172212007,江西6套房多少钱？,2,9,1,2022-07-27 10:20:17,来自上海,53955526313,橘中甲
7124907234974810916,这世上有五种是，小事家事国事天下事，还有能不能让娘娘容下是嫔妾的本事。,0,0,0,2022-07-27 12:40:21,来自黑龙江,2428186291873395,萨拉热窝的朱丽叶
7124278666791830280,不小心说了实话,0,202,2,2022-07-25 20:00:59,来自福建,86732112096,浅夏蔷薇9898
7124906143990432520,不向命运的安排低头，至死都抵抗,0,0,0,2022-07-27 12:36:06,来自黑龙江,2428186291873395,萨拉热窝的朱丽叶
7124506532229792544,这孩子实诚，能交~[抠鼻],2,26,0,2022-07-26 10:45:35,来自河南,6422539177,顺流逆流88773716
7124910584852218632,求推荐有没有男主很有脆弱感的电影 答：西游记,0,0,0,2022-07-27 12:53:11,来自黑龙江,2428186291873395,萨拉热窝的朱丽叶
7124306365362848552,多实事求是的孩子，道出了江西现形记！,3,130,1,2022-07-25 21:48:02,来自广东,98746089797,人生百态even博士
7124486032011264779,其实这就是社会现实！有人只做不说而已。,1,34,0,2022-07-26 09:26:12,来自山西,6842202236,隔壁大叔还年轻
7124910041530401549,马了很多文章，最后都没看，请叫我白马王子。,0,0,0,2022-07-27 12:51:20,来自黑龙江,2428186291873395,萨拉热窝的朱丽叶
7124441499009565474,必须有违纪,1,8,1,2022-07-26 06:33:03,来自辽宁,82722820589,堂堂正正TT22
7124907265748435743,世界上有五种岁，十岁、百岁、千岁、万岁，还有粉色娇嫩你如今几岁。,0,0,0,2022-07-27 12:40:32,来自黑龙江,2428186291873395,萨拉热窝的朱丽叶
7124910931766919966,花儿为什么会笑？因为它有梗啊~,0,0,0,2022-07-27 12:54:46,来自黑龙江,2428186291873395,萨拉热窝的朱丽叶
7124907944735015693,我：你看偶像练习生吗？ 朋友：不像,0,0,0,2022-07-27 12:43:08,来自黑龙江,2428186291873395,萨拉热窝的朱丽叶
7124513583702098723,将相王侯另有种乎,2,22,0,2022-07-26 11:12:13,来自安徽,70095395742,我是那一伙的
7124905391578284814,你其实不是想玉米，你是想当年的自己啊。,0,0,0,2022-07-27 12:33:16,来自黑龙江,2428186291873395,萨拉热窝的朱丽叶
7124904902874710820,大家都想谈恋爱，我不想，我想解封，我想不封校，我想出去玩！,0,0,0,2022-07-27 12:31:18,来自黑龙江,2428186291873395,萨拉热窝的朱丽叶
7124474507796349710,其实他就是把实话说出来了，还有多少只做不说的,1,32,0,2022-07-26 08:41:19,来自陕西,98606449767,夏桑木
7124887833709839138,这么多钱，这么多房产，怎么来路，严查,0,9,0,2022-07-27 11:24:39,来自浙江,1420176727744013,极速香瓜QZ
7124513258262217472,我爸是周刚[呲牙][呲牙][呲牙],1,4,0,2022-07-26 11:11:06,来自北京,104235758493,股市暴跌才赚钱
7124910923449877255,青青草原上一只小羊🐏在吃草，打一个水果，草莓（没）🍓这时候来了一只大灰狼，大灰狼把小羊吃了，再打一个水果？杨梅（羊没）,0,0,0,2022-07-27 12:54:32,来自黑龙江,2428186291873395,萨拉热窝的朱丽叶
7124906936696800013,世界上有五种辣 微辣 中辣 麻辣 超辣 和我想你辣,0,0,0,2022-07-27 12:39:13,来自黑龙江,2428186291873395,萨拉热窝的朱丽叶
7124904905139045127,一点一线𝓛𝓲𝓯𝓮,0,0,0,2022-07-27 12:31:08,来自黑龙江,2428186291873395,萨拉热窝的朱丽叶
7124882772804076303,深耕交通运输系统。果然专注一个行业是有回报的。,1,31,0,2022-07-27 11:05:08,来自安徽,82718134550,自然的风91
7124908891062338341,孩子问妈妈，为什么蜡烛的火苗一窜一窜的就不能消停一会吗，妈妈说因为这是精神小火。,0,0,0,2022-07-27 12:46:40,来自黑龙江,2428186291873395,萨拉热窝的朱丽叶
7124905250163180324,ᐇ早八人打卡,0,0,0,2022-07-27 12:32:40,来自黑龙江,2428186291873395,萨拉热窝的朱丽叶
7124907318818964231,这世界上有五种豆 红豆 黄豆 绿豆 豌豆 还有我的才高八斗,0,0,0,2022-07-27 12:40:35,来自黑龙江,2428186291873395,萨拉热窝的朱丽叶
7124910568096105229,有一个人特别喜欢讲笑话，有一天他跑到海边去讲笑话，结果一去不复返，这是为什么呢？因为海笑（啸）了,0,0,0,2022-07-27 12:53:18,来自黑龙江,2428186291873395,萨拉热窝的朱丽叶
7124910999706583838,在离开前，我只想问一句，我们两真的回不去了吗？是的，宿舍门已经关了。,0,0,0,2022-07-27 12:54:55,来自黑龙江,2428186291873395,萨拉热窝的朱丽叶
7124910882941469454,在一个夜黑风高的晚上，包大人对着魔镜说: 魔镜魔镜，请问这个世界上最帅的人是谁？然后魔镜说: 谁！？谁在说话！？谁呀？谁在说？,0,0,0,2022-07-27 12:54:29,来自黑龙江,2428186291873395,萨拉热窝的朱丽叶
7124882287296676608,发一个大义灭亲，无私奉献奖。,0,97,2,2022-07-27 11:03:18,来自浙江,1063945424603463,24389546653247
7124910875882210085,把柯基砍一半，会得到什么？半拉柯基,0,0,0,2022-07-27 12:54:31,来自黑龙江,2428186291873395,萨拉热窝的朱丽叶
7124906158330544927,小时候是词不达意，长大后是言不由衷,0,0,0,2022-07-27 12:36:08,来自黑龙江,2428186291873395,萨拉热窝的朱丽叶
7124906969970115358,世界上有五种痛：牙痛、头痛、心痛、胃痛，还有剪秋本宫的头好痛。,0,0,0,2022-07-27 12:39:14,来自黑龙江,2428186291873395,萨拉热窝的朱丽叶
7124441697350091554,估计研究后发布结果跟吴阿萍的差不多，只会更轻，纯属个人行为，酒后胡发，小孩子乱发的，惩戒教育。[微笑],1,20,0,2022-07-26 06:34:02,来自河南,4423833788,13213339500
7124523301468259113,穷人无法想象！,1,1,0,2022-07-26 11:49:51,来自河北,55129174725,看风景的人208934603
7124906965746385672,世界上有五种选择：A B C D 还有一种我选流域流域,0,0,0,2022-07-27 12:39:09,来自黑龙江,2428186291873395,萨拉热窝的朱丽叶
7124906951884243719,世界上有五种堂 大堂 澡堂 食堂 教堂 还有我的仪表堂堂,0,0,0,2022-07-27 12:39:00,来自黑龙江,2428186291873395,萨拉热窝的朱丽叶
7124910080541147917,孩子问妈妈，为什么蜡烛的火苗一窜一窜的就不能消停一会吗，妈妈说因为这是精神小火。,0,0,0,2022-07-27 12:51:12,来自黑龙江,2428186291873395,萨拉热窝的朱丽叶
7124905275832124191,关于那些被疫情偷走的日子ಥ_ಥ,0,0,0,2022-07-27 12:32:37,来自黑龙江,2428186291873395,萨拉热窝的朱丽叶
7124907949797524255,马了很多文章，最后都没看，请叫我白马王子。,0,0,0,2022-07-27 12:43:12,来自黑龙江,2428186291873395,萨拉热窝的朱丽叶
7124904931097920264,三餐一顿解决🍈,0,0,0,2022-07-27 12:31:11,来自黑龙江,2428186291873395,萨拉热窝的朱丽叶
7124325154590966536,问题是，他说的是不是真的啊。或者说，他们现在连装都懒得装一下了吗？,2,64,1,2022-07-25 23:01:52,来自天津,4078812695,海河下游
7124469381400838950,老爸副厅？,3,20,1,2022-07-26 08:22:03,来自浙江,2612057376565736,上善流水深度研究
7124486178224603912,他只是说了实话，这个圈层的人媒体无法监督，否则新闻绝不比娱乐圈少。,0,60,0,2022-07-26 09:26:36,来自福建,57168917325,虎纠资深拆迁户
7124904869223744270,沉闷的日子里守望春天🍃,0,0,0,2022-07-27 12:31:07,来自黑龙江,2428186291873395,萨拉热窝的朱丽叶
7124910558008722212,有一个人特别喜欢讲笑话，有一天他跑到海边去讲笑话，结果一去不复返，这是为什么呢？因为海笑（啸）了,0,0,0,2022-07-27 12:53:14,来自黑龙江,2428186291873395,萨拉热窝的朱丽叶
7124904905139208967,大家都想谈恋爱，我不想，我想解封，我想不封校，我想出去玩！,0,0,0,2022-07-27 12:31:13,来自黑龙江,2428186291873395,萨拉热窝的朱丽叶
7124908036342301476,我觉得白雪公主之所以命运坎坷主要原因是身边的小人太多。,0,0,0,2022-07-27 12:43:06,来自黑龙江,2428186291873395,萨拉热窝的朱丽叶
7124910627432416037,在离开前，我只想问一句，我们两真的回不去了吗？是的，宿舍门已经关了。,0,0,0,2022-07-27 12:53:19,来自黑龙江,2428186291873395,萨拉热窝的朱丽叶
7124907320043258655,世界上有五种刀，大刀小刀中刀菜刀和臣妾做不到。,0,0,0,2022-07-27 12:40:31,来自黑龙江,2428186291873395,萨拉热窝的朱丽叶
7124907349650965284,这世界上有五种吗 饿吗 困吗 累吗 无聊吗 还有合成与分解你都做不来吗,0,0,0,2022-07-27 12:40:28,来自黑龙江,2428186291873395,萨拉热窝的朱丽叶
7124496870734463776,当阳光下看到一只蟑螂，就意味着暗处的蟑螂太多了,1,11,0,2022-07-26 10:07:01,来自江西,78050391303,石头5475
7124906168325751583,你可以喜欢一种书，但你不能只读一种书,0,0,0,2022-07-27 12:36:15,来自黑龙江,2428186291873395,萨拉热窝的朱丽叶
7124734054875988771,幸好是朋友圈，要是头条，他根本没机会发出来,1,31,1,2022-07-27 01:31:44,来自四川,1271457963840816,涪江不肖生
7124566597968233254,有夲事就查一查。,1,21,0,2022-07-26 14:38:57,来自江苏,2216207459290579,爱生活的湖边人
7124906939904983821,世界上有五种钱 金钱 银钱 铜钱 纸钱和我说这是另外的价钱,0,0,0,2022-07-27 12:38:58,来自黑龙江,2428186291873395,萨拉热窝的朱丽叶
7124475267069805353,周某如果实话实说沒有问题，可以帮助整改现行陋习。,2,10,0,2022-07-26 08:43:40,来自中国澳门,1046323483651060,禅承
7124905332106593055,近日状态：无,0,0,0,2022-07-27 12:32:38,来自黑龙江,2428186291873395,萨拉热窝的朱丽叶
7124908054797435655,求推荐有没有男主很有脆弱感的电影 答：西游记,0,0,0,2022-07-27 12:43:16,来自黑龙江,2428186291873395,萨拉热窝的朱丽叶
7124280816951837447,别人都说真话了，还说是同学的同学.,1,57,0,2022-07-25 20:09:25,来自广东,9129229846,癫疯大虾
7124911741679174413,可以emo 可以迷茫，甚至可以自暴自弃，但是你不能忘记肯德基每周都有疯狂星期四！,0,0,0,2022-07-27 12:57:57,来自黑龙江,2428186291873395,萨拉热窝的朱丽叶
7124295521983939340,资源好、工作好找、钱好赚，实话实说公平公正呢！,1,61,0,2022-07-25 21:06:33,来自河南,59646737674,多才奶酪56
7124881590597731102,六套房子700多平，一套别墅就500多平，剩下五套房子一套平均20平米？,1,72,1,2022-07-27 11:00:57,来自江西,55614480716,温青柠
7124472255832802062,这是不当言论的事吗？,1,13,0,2022-07-26 08:32:53,来自广东,96096538559,进退失据
7124526133446099751,正常呀，只不过说出来而已！,0,12,0,2022-07-26 12:01:58,来自北京,58032158258,冬天的红叶4
7124909885019390727,我曾当过搓澡工，有一次给客人搓澡，客人突然猝死，我吓哭，后来在眼泪中明白，有些人一旦搓过就不在。,0,0,0,2022-07-27 12:50:13,来自黑龙江,2428186291873395,萨拉热窝的朱丽叶
7124418657073185577,这是不当言论吗？,1,42,1,2022-07-26 05:06:11,来自江苏,16540480921,LuciferMorningster
7124332388682941225,把实话说得太认真了,0,14,0,2022-07-25 23:29:36,来自广东,97431916657,彭锞
7124883305757492003,古人说，财不外露。真的金口烁言哦,0,0,0,2022-07-27 11:07:10,来自福建,109531017866,背着行李箱的太阳
7124609265389863715,究竟是谁怕小伙子说出这些？,1,61,2,2022-07-26 17:23:40,来自广东,103513344692,㘴井觀天
7124652688365011745,用脚想都知道他是诚实的孩子,0,5,0,2022-07-26 20:12:38,来自北京,101396550852,红油菜123456
7124652322449834767,人家说的是不是实话？，说的是实话，为什么叫不当言论？,0,79,0,2022-07-26 20:10:41,来自甘肃,3729989126,笑看人生纵谈天下
7124874159633171236,为诚实的孩子点赞！[赞][赞][赞],1,68,0,2022-07-27 10:31:14,来自广东,3531257885504733,亮剑李毅
7124904900391404325,抱紧我的绿码📗,0,0,0,2022-07-27 12:31:17,来自黑龙江,2428186291873395,萨拉热窝的朱丽叶
7124451465020130088,实话实说而已[捂脸]公开的秘密,1,84,1,2022-07-26 07:11:48,来自浙江,2872657318,初一那年
7124477902397604639,内心很挣扎，希望是真的，又希望不是真的,1,0,0,2022-07-26 08:54:37,来自甘肃,1173934537183607,涌泉山人
7124285144907383583,还好这种玩意 喜欢发朋友圈,1,32,1,2022-07-25 20:26:09,来自广东,60072619184,焱森田垚淼鑫
7124910041530614541,小时候不爱吃饭，导致现在个矮；现在是爱吃饭了，导致又胖又矮。,0,0,0,2022-07-27 12:51:27,来自黑龙江,2428186291873395,萨拉热窝的朱丽叶
7124592378623247138,恐怕假话很少，甚至没有假话，因为小孩子不会说假话。,0,29,0,2022-07-26 16:18:22,来自江苏,105863713177,SHANSHANGYIREN
7124506234514424617,真想让我爷爷骑着白马走一次草地,0,0,0,2022-07-26 10:43:54,来自上海,35306,魔多Mordor
7124908882832671519,你在阳台抽烟，你抽一半，风抽一半，你没跟风计较，可能风也有烦恼吧，你事后越想越气，于是抽起风来。,0,0,0,2022-07-27 12:46:37,来自黑龙江,2428186291873395,萨拉热窝的朱丽叶
7124592186440123136,2022年度诚实员工,1,140,1,2022-07-26 16:17:29,来自宁夏,4129401746505540,兰亭醉客
7124854887019578144,700多平才600多万，据他自己说还有九龙湖别墅，这真的调查清楚了嘛,3,102,4,2022-07-27 09:17:30,来自江西,2151087994844836,小拳拳爱生活
7124533359967322894,都是事实啊，只是现在失业的人太多，这撞枪口上了,0,6,0,2022-07-26 12:29:19,来自安徽,3751522489,z252317
7124784794164757281,单从本文的图片，看不出炫富啊，还有其他的吗？,0,1,0,2022-07-27 04:50:30,来自德国,734103987817646,是中有非非中有是
7124885140144456452,还要查大伯二伯三伯的儿子孙子媳妇女婿孙子孙女一大堆人等。。。。。。,0,25,0,2022-07-27 11:15:02,来自四川,57662057360,二水天蓝
7124649856823771937,人事档案调出来看看，户口簿查查，难度很大吗,0,1,0,2022-07-26 20:01:32,来自北京,1046356940034704,京顺律师李龙
7124906170598900510,平淡的生活里，除了扎破皮肤的刺，还有那些原本让你魂牵梦萦的诗与远方。,0,0,0,2022-07-27 12:36:11,来自黑龙江,2428186291873395,萨拉热窝的朱丽叶
7124470073980584736,就是实话实说而已，普通百姓的玻璃心就受不了了,2,27,1,2022-07-26 08:24:22,来自上海,19473649407,岛主143055929
7124576387629171492,把实情给说出来了而已，小伙子不说假话，太难得！,0,150,1,2022-07-26 15:16:42,来自辽宁,105232412940,时不时地在线
7124479546166297383,这样的好孩纸能多来几个吗？[比心],0,3,0,2022-07-26 09:01:20,来自四川,4424025289273533,单纯奶茶UO
7124534231467836199,调查结果：临时工,0,0,0,2022-07-26 12:32:43,来自浙江,69351770415,上海人民电工1
7124635176378565389,这孩子交了一份诚实的答卷，如要评2022年度诚实的年青人，我投他一票。,0,16,0,2022-07-26 19:04:54,来自江苏,897672568642556,幸运原野sK
7124994641531257630,持续围观中,0,0,0,2022-07-27 18:19:33,来自天津,99259972150,幽默麻酱Yj
7124614559839191823,这情商高耸入云啊[捂脸][捂脸][捂脸],0,4,0,2022-07-26 17:44:17,来自广东,4579204277,友爱风木
7124880072561460007,消防队分队已经出发了。,1,49,1,2022-07-27 10:55:26,来自江西,5560529983,好好黄师傅
7124464781616415488,如此诚实之人现在不多了。,0,78,0,2022-07-26 08:03:11,来自浙江,5877528901,万山机
7124870706500453135,急于灭火的人很多。,0,160,1,2022-07-27 10:17:48,来自福建,96853360904,0712敦行致远
7124587653613454087,不稀奇，能够进这种单位没有关系能进吗,0,3,0,2022-07-26 16:00:16,来自湖北,3836551885,小布点28200018
7124512786545804047,诚实的孩子,0,3,0,2022-07-26 11:09:19,来自江苏,103559915333,向日葵7442
7124628416862929667,应该叫周劫[捂脸],0,3,0,2022-07-26 18:38:49,来自湖南,50832762230,野狼142802580
7124303209938141965,又一个坑爹的,0,11,0,2022-07-25 21:36:12,来自山东,4003328748,悠小悠的悠悠
7124910145142260514,别墅算其中一套？,0,1,0,2022-07-27 12:51:10,来自江西,3568258226,天涯明月剑
7124604268245615393,替国家感谢这诚实孩子，很好，再接再厉,0,0,0,2022-07-26 17:05:03,来自广东,5876944484,ChtistineHoooo
7124472873246819106,古已有之，于今尤烈，不奇怪,0,41,0,2022-07-26 08:34:36,来自福建,3271766208156384,无忧小虫
7124515216070591247,我们那一司机都搞了1000多个w，不是我说的，每次喝酒后自己说的。而且还是准确的说出来存款多少，房产多少[灵光一闪]所以，不稀奇,0,16,0,2022-07-26 11:18:40,来自江苏,5527567272,缓缓的安静Liekkas
7124884767547573027,果然，昨天说有类似小镇做题家的瓜，甚至还大今天就爆出来了。,0,9,0,2022-07-27 11:12:41,来自福建,109531017866,背着行李箱的太阳
7124813665115243275,最实诚国企员工，要保护好线人,0,16,0,2022-07-27 06:39:00,来自山东,1930364289035751,有趣的画板wg
7124627414898426664,该中纪委出手,0,0,0,2022-07-26 18:34:12,来自广东,105115923185,SHIhy
7124439728174793486,实事求是而己！,0,78,0,2022-07-26 06:27:21,来自河北,102883290968,悦母458
7124592667845034785,孩子说的是实话地球人都知道,0,34,1,2022-07-26 16:19:43,来自河南,50263346683,萝t
7124525946291749673,这次没有说临时工，有进步,0,12,0,2022-07-26 12:00:15,来自江西,74961943165,安逸奶茶yp
7124659499616617251,平地搅了一锅,0,0,0,2022-07-26 20:38:22,来自广西,2771248026252743,三代老师四代穷
7124884101307646757,父亲升职合不合规不应由儿子公司来下结论,0,22,0,2022-07-27 11:10:30,来自安徽,3408077490230988,乐观的幸运阳光
7124482932693041950,这个周公子就是中国版的斯诺登啊！,0,23,0,2022-07-26 09:13:45,来自北京,10896483013,老糊涂神331
7124497538907931433,孩子没错，只是不该揭开特殊团体的遮羞布。,0,12,0,2022-07-26 10:09:34,来自湖北,197536638314782,万亿光年的风景
7124471063446537001,这不是炫富，是实话实说吧,0,30,0,2022-07-26 08:27:31,来自广东,1648876932308244,快乐白云RY
7124324395774575367,有没有可能曲线形式的大义灭亲？,0,3,0,2022-07-25 22:59:03,来自天津,52019510539,白羊座的安
7124533971609781031,这娃太实在了，被人羡慕嫉妒恨了,0,4,0,2022-07-26 12:31:54,来自陕西,2305050702250253,克里马擦卫宝宝vv
7124693386774463246,古有吕布杀爹，今有周某大义灭亲，这次是大义之举！,0,0,0,2022-07-26 22:50:40,来自河南,52221312521,地球要完蛋了吗
7124766470886327048,知道因为啥消费提不起来了吧，有钱人不需要消费，穷人消费不起！,0,6,0,2022-07-27 03:45:49,来自河南,93316277562,潇瑶子
7124857691184710433,一千万的财产，怎么来的，工资？给老百姓一个回答,0,89,1,2022-07-27 09:28:39,来自江西,3052660196114443,白里透人
7124544580133061390,懂得人自然懂,0,2,0,2022-07-26 13:12:55,来自宁夏,101650147838,愉悦的咖啡YY
7124870678042002211,没有人脉没有背景，被别人玩弄于股掌之间，我想看到这位被玩弄的同学自己出来发声,0,25,0,2022-07-27 10:17:42,来自河南,84312225074,愚人直言
7124320972647252740,这种事不少了,0,4,0,2022-07-25 22:45:22,来自江西,103097921106,天天爱你0902
7124471854869299971,说真话有错吗？,0,33,0,2022-07-26 08:31:14,来自广东,3284942013859918,大梦9999999
7124468255590515456,"比吹牛更可怕的是他们没有吹牛
比坑爹更可怕的是那些不坑爹的",0,15,0,2022-07-26 08:16:34,,4303289322,王子38002006
7124663064233968424,确实辜负了老胡的一片苦心啊！,0,22,0,2022-07-26 20:52:09,来自广东,342668645763928,想飞起来的毛毛虫
7124538105495175947,普通大众终其一生都达不周劼的起点,0,3,0,2022-07-26 12:48:08,来自四川,1482675811,牙痛哥哥
7124874713511248670,说的是大实话。[赞][赞][赞][赞],0,16,0,2022-07-27 10:33:13,来自四川,22199204651,莫辛纳甘廖
7124605463664788254,"说得对，""不当言论″表述欠妥。",0,48,0,2022-07-26 17:09:43,来自江西,1701652756435427,和乐大同
7124534667147379496,没犯法就行。,0,2,0,2022-07-26 12:34:02,来自云南,5779069358,红豆64508071
7124837645872169768,国企生态圈,0,7,0,2022-07-27 08:10:12,来自海南,101663941039,阳光椰子树
7124542372767613731,言论哪里不当了？实事求是的反映问题嘛！还是实名,0,15,0,2022-07-26 13:04:02,来自云南,6627203361,虾米生活日记
7124466766390330112,被朋友圈害了,0,3,0,2022-07-26 08:10:51,来自浙江,3821549791480622,碎了青瓷
7124524025677660960,这个小可爱太有趣了，媲美带自毁装置的土地雷，引线另一头连着父母，伯伯，朋友，同事，省长楼[捂脸],0,6,0,2022-07-26 11:53:20,来自黑龙江,1961173928385304,无双水滴
7124498512997679903,实际上是普遍存在的，只是不小心被他说了出来让大家知道了,0,10,0,2022-07-26 10:13:25,来自湖南,98803658583,山高我即峰
7124464299636278049,这是位实事求是的老实人！！真实反映了他们的美好生活……,0,21,0,2022-07-26 08:02:21,来自北京,63386412884,逍遥散人5721
7124435659024761600,人狂必有祸，做人要低调，做事要高调。,0,4,0,2022-07-26 06:11:00,来自江西,93239285102,刘建珍179
7124909979035517737,奉献给交通事业,0,0,0,2022-07-27 12:50:39,来自江西,3568258226,天涯明月剑
7124302813915857678,哈哈，94年的也不小啊，怎么思想觉悟如此！？,0,4,0,2022-07-25 21:34:26,来自湖北,6961439300,粉糖love果果
7124619785623012111,其实这样的家长很多，这样的孩不多,0,7,0,2022-07-26 18:04:27,来自江苏,5534182788,hshxz
7124606382976156455,两桶油都亏死了，看来当国企员工也是不容易,0,5,0,2022-07-26 17:13:14,来自安徽,4441023522,海阔天空40831114
7124917059514827556,希望有关部门彻查。,0,1,0,2022-07-27 13:18:13,来自重庆,52744140704,猫哥162604536
7124454904562762532,问得好！前段貌似无关，但怎么进入的呢,0,5,0,2022-07-26 07:25:17,来自四川,6690732001,人生如茶105729517
7124281758556013349,人家说的句句属实，没毛病呀,0,111,1,2022-07-25 20:13:01,来自甘肃,11982010865,老诗人
7124456288146801439,这孩子，啧啧，,0,0,0,2022-07-26 07:31:03,来自福建,4378164089,有礼的斌斌
7124469343005541151,很实在的一个小伙子,0,19,0,2022-07-26 08:21:11,来自湖北,6833555543,忧郁的水管工
7124288121495094024,没觉不妥啊，不是正常写照吗,0,20,0,2022-07-25 20:37:29,来自浙江,55074461904,皮皮和笨笨
7124538385792451367,总有当挂件的时候 希望那一天早点到来,0,6,0,2022-07-26 12:49:23,来自广东,4256941788113879,勇者奶酪tg
7124496267006853924,和坤:国库就这样被我们掏空[我想静静]电影《看问题不是问题》[捂脸],0,34,0,2022-07-26 10:04:45,来自广东,52536652720,寂多欢少
7124882099840746280,一千万的财产，怎么来的，工资？给老百姓一个回答。,0,20,0,2022-07-27 11:02:34,来自福建,91502859293,知情达理阳光g
7124604686292435727,这孩子文化水平很高，比当年我爸是李刚的作文写的好！写的生动。太有才了！,0,9,0,2022-07-26 17:06:10,来自湖北,1816022502094531,湖北彪歌
7124477996043895565,圈子里的人在一起都不发朋友圈的,0,2,0,2022-07-26 08:55:04,来自浙江,108102326991,天使爱美就是我
7124667578568147746,高高抬起，轻轻落下，不牵连他人,0,9,0,2022-07-26 21:09:52,,59474337188,峰162937734
7124648331863229220,如果是实话，何来不当,0,14,0,2022-07-26 19:55:38,来自辽宁,1754470451513534,小强先森s
7124328480678429440,学校教导有方，一定要做个诚实的孩子[赞],0,6,0,2022-07-25 23:14:21,来自广东,3524043792,真的怕了17886928
7124884983533421343,家族垄断企业,0,7,0,2022-07-27 11:14:09,来自江西,62344970395,啊吃呗
7124525213621994253,很多人还饿饭呢，还没钱去医院治病。这差距太大了吧！！！,0,9,0,2022-07-26 11:57:45,来自湖南,62616870009,传承民族医
7124459692801295104,权利不交换，谈感情呀,0,23,0,2022-07-26 07:43:21,来自广东,2088695582962795,乘风破浪的船帆Wd
7124625829698994955,这样的事每天都在上演，只是有的人说出来了。,0,6,0,2022-07-26 18:28:40,来自湖北,4345688717533256,玄剑惊天变
7124635416803869476,要抓重点:烟的主人，烟的价格，普通员工已然如此，高级员工情何以堪？仅限江西？,0,0,0,2022-07-26 19:05:28,来自广西,2686813801032643,清爽香瓜9G
7124520287123194655,国企的员工就是这些高素质的人材了！,0,25,0,2022-07-26 11:38:58,来自湖北,101857664491,江清月近人abc
7124274098636931853,有鼻子有眼，应该是真话,0,47,0,2022-07-25 19:43:17,来自山西,5838481649,雄5838481649
7124597590729016072,为什么我们负重前行，因为有人帮我们岁月静好,0,10,0,2022-07-26 16:38:43,来自安徽,54422965146,艺元丹
7124287008091964201,这人我看挺好，挺“实在”[捂脸],0,15,0,2022-07-25 20:32:49,来自吉林,4437255146192583,宝泰电气
7124533872289334046,果然是国有资本运营啊[捂脸][捂脸],0,7,0,2022-07-26 12:31:36,来自江苏,51792526484,默253628815
7124312737684947725,坑爹的娃[呲牙][呲牙],0,1,0,2022-07-25 22:13:05,来自重庆,39226358370926,非凡露珠3
7124693050022019844,这是妥妥的实名举报[赞],0,12,0,2022-07-26 22:49:23,来自河南,461449688265876,大展宏图xy
7124540477936206623,他有错吗？如果查处了他，说明了什么？,0,3,0,2022-07-26 12:57:01,来自陕西,2779207448137415,沙漠穿行人
7124597975997367075,老实人实在[赞],0,9,0,2022-07-26 16:40:01,来自广东,97103254958,山村梦寒
7124286901091779331,关键能深查一下家庭经济来源不,0,29,0,2022-07-25 20:33:20,来自河南,25804866781,仙亭悠曲
7124881608217396002,这样的好孩子太少了！,0,33,0,2022-07-27 11:00:28,来自山西,110163624016,天地任逍遥任我行
7124656999069221643,应该表扬才对[泪奔]实话实说！如果因为发朋友圈讲了实话而被革职我觉得才有问题！,0,20,0,2022-07-26 20:29:25,来自新疆,54656980024,跟往事干杯144082567
7124487264197526276,依法依规处理？他没犯法吧，发朋友圈也没违规吧。[捂脸][捂脸][捂脸],0,7,0,2022-07-26 09:31:14,来自辽宁,52083830522,东莞仔第一
7124535266127446825,更想看后续,0,0,0,2022-07-26 12:36:19,来自河南,6902911057,绿萝48
7124884411618837283,六套房，两个门头，真是一般家庭,0,0,0,2022-07-27 11:11:17,来自山东,72367868190,高冷葡萄c6
7124689339866465032,不高调炫富如锦衣夜行。,0,8,0,2022-07-26 22:34:46,来自江苏,74632652348,玩个游戏玩
7124977927409648424,只要是举报就应该嘉奖,0,0,0,2022-07-27 17:14:11,来自河北,3856469748,前诚不欺我
7124603261629399842,期待后续更精彩。,0,6,0,2022-07-26 17:00:19,来自湖南,4292466535,博湖沙蚊275863
7124315366230852389,童言无忌啊！他还是个孩子！,0,2,0,2022-07-25 22:23:44,来自山东,101299507934,老赵的自留地
7124602903901455139,我觉得这个周只是享受胜利的果子。老百姓是水。,0,1,0,2022-07-26 16:58:53,来自浙江,95026027465,阿星2021
7124495528142390030,他又没有造谣，又没有危害社会，句句大实话，是个纯朴好青年。,0,6,0,2022-07-26 10:01:51,来自江苏,2928726144977853,灵敏晚风k1
7124485262444954383,孩子说:我也想低调呀，可是实力它不允许啊！！！,0,17,1,2022-07-26 09:22:40,来自安徽,58893713832,毅痞骏马
7124881994718479145,这个实话说的道尽人间百态,0,21,0,2022-07-27 11:02:04,来自江西,61519819942,造型师俊博
7124884038124897065,6套房子，二个商铺，小周有魄力,0,0,0,2022-07-27 11:09:57,来自陕西,52867621870,不凡明月yN
7124635653131911966,应该鼓励实话实说的好孩子,0,4,0,2022-07-26 19:06:24,来自江西,55451169742,请你喝一壶
7124337559890608911,怎么不当了,0,4,0,2022-07-25 23:49:46,来自河南,2990325251180640,高贵阳光E
7124532207527772962,诚实的孩子多好啊，让穷苦孩子死心不也挺好么,0,4,0,2022-07-26 12:24:35,来自湖南,105423828494,米斯特老邓
7124349611791844103,应该重奖啊，举报有功,0,5,0,2022-07-26 00:39:54,来自广西,92750805600,xingchenzi
7124504506133938974,说的大实话，有权有钱！,0,21,0,2022-07-26 10:37:43,来自安徽,16578726345,孙伟245472149
7124298510509376256,说实话，跟朋友分享日常，有什么问题？,0,8,0,2022-07-25 21:17:25,来自广东,109021081158,窿痴指
7124685370763084584,别说～周某为社会发展更进一步贡献了自己的力量，他应该值得普通老百姓尊重，而不是嘲笑！,0,6,0,2022-07-26 22:18:48,来自陕西,52788309242,铁血宇宙大爆炸
7124313649497375521,这智商啊 [我想静静],0,0,0,2022-07-25 22:17:01,来自四川,1517767121965771,唯心悠兮1
7124892716164875016,被我猜对了,0,0,0,2022-07-27 11:43:57,来自广东,25917730982,a雅逸miss绮绮0604
7124693624289428228,周劼，反腐倡廉的英雄[微笑],0,0,0,2022-07-26 22:51:46,来自湖南,61839792740,引田益生
7124314295672046371,国投公司，大家都懂,0,6,0,2022-07-25 22:18:55,来自甘肃,355887762128707,十月的城
7124884232274821923,公开的秘密也是秘密,0,9,0,2022-07-27 11:10:34,来自江西,104801159257,打发時間
7124481097928311592,刚开始我以为是个笑话，后来发现，还真是个笑话！,0,9,0,2022-07-26 09:06:20,来自河北,104103658465,去加拿大读高中
7124884337740792608,希望这个家族能多给国家做贡献,0,9,0,2022-07-27 11:11:56,来自山东,2150279347441852,路过者123456
7124506552593597196,这才是现实社会,0,5,0,2022-07-26 10:46:01,来自江西,2295417964332464,南昌专业疏通下水道
7124845688537989888,应该表扬+鼓励,0,0,0,2022-07-27 08:41:08,来自江西,52573681585,跌跌撞壮
7124870925861847840,"""国企""会被唾骂在历史长河中。",0,1,0,2022-07-27 10:18:29,来自湖南,3528052844,宝里砣
7124891687838909224,严查，严惩！给普通老百姓一个交代。,0,0,0,2022-07-27 11:39:33,来自安徽,63230879655,迎客松7066
7124880066429551368,娃是个好娃，说了实话[呲牙],0,0,0,2022-07-27 10:55:02,来自甘肃,343525406550430,花蕊有心dg
7124685280812450563,不过说了一部分实话，现实比他说的更严重的多。,0,0,0,2022-07-26 22:19:15,来自陕西,76592461160,正大光明百灵鸟Sw
7124335465385296648,这是发出来的，没发出来的呢？,0,3,0,2022-07-25 23:42:03,来自河南,2837203080196312,升学和就业规划猎哥
7124324902882476836,孩子真好，诚实的让人感动,0,3,0,2022-07-25 23:01:01,来自湖南,91615967632,乡村小玩子
7124309337916539679,他是我儿子的同学的同学,0,5,0,2022-07-25 22:00:00,来自湖南,103473258605,黄昏再美终要黑夜854
7124962508762727202,房6套，还有店面，不简单了。,0,0,0,2022-07-27 16:14:38,来自江西,2814348571453640,梦幻龙井茶
7124448230905021198,好孩子，卧底工作做的很好！,0,2,0,2022-07-26 06:59:34,来自江苏,52788557860,梦云花卉1
7124830799719547648,炫富肯定不好，但是违规违法么？倒是他“举报”的内容，应该很好查一下,0,5,0,2022-07-27 07:43:41,来自安徽,6893619013,chenconglin
7124526481870816000,如果是事实，就把事实还原彻底一点。,0,2,0,2022-07-26 12:02:25,来自江西,60948582691,志方346
7124305490649318156,你们家族得骄傲啊，小伙子,0,12,0,2022-07-25 21:45:14,来自江西,95434886197,无聊de一个人
7124484404458160927,不能只查他一人吧,0,2,0,2022-07-26 09:19:46,来自黑龙江,4393270741052756,敏锐风声iO
7124471006890279719,牛逼，一次坑一家族[呲牙],0,2,0,2022-07-26 08:28:03,来自贵州,5866919360,恋上冰点1987
7124547212268995332,究竟是真是假,0,10,0,2022-07-26 13:23:41,来自河南,104404814365,安心338
7124881176300847911,想低调，但是实力不允许啊。,0,0,0,2022-07-27 10:59:48,来自天津,2985912968160493,向往春天2026年到来了
7124316679303086848,天真无邪 童言无忌[赞],0,3,0,2022-07-25 22:28:06,来自河南,9473414561,黄河渔翁LL110316
7124580700191638313,还是这些企业好玩啊，,0,0,0,2022-07-26 15:32:54,来自河南,110840270717,乐天派百香果ZR
7124326008748507934,江西在东部区域这么多年发展不好不是偶然！,0,3,0,2022-07-25 23:05:23,来自浙江,68061974190,胡红平10
7124435595094868771,这都是门阀，普通人根本没机会进入这个圈子。,0,5,0,2022-07-26 06:10:32,来自重庆,81550974871,Mr.宋
7124455341882557191,别人藏着掖着还来不及，这小孩拼命的往外送料，有前途哈哈哈,0,5,0,2022-07-26 07:27:34,来自广东,6465912278,鬆泉雲居
7124532135544865551,公开的秘密而已，静观其编[大笑],0,3,0,2022-07-26 12:24:07,来自安徽,98608066008,无为zJlN
7124881934438236941,孩子还小，不懂事，最大的缺点就是实诚，希望大家不要太在意。,0,14,0,2022-07-27 11:02:17,来自广西,1798439656233725,下里巴人之路人乙
7124501733824545536,这个孩子啊，把事实说出来干嘛,0,3,0,2022-07-26 10:25:55,来自四川,54621818027,付兴简
7124888009954509579,符合任职规定，要是不符合不打自己脸吗？,0,1,0,2022-07-27 11:26:22,来自江苏,59588761727,佩韦yz
7124977441529266959,还有不知道的不[我想静静],0,0,0,2022-07-27 17:12:24,来自河南,50219723122,W_biubiubiu
7124628718202749726,成功把江西推上热搜，有前途[呲牙],0,2,0,2022-07-26 18:39:37,来自河南,4300896752385367,老是有道理的中年大叔
7124500650364928798,看樣子還是父母教的好呀，從小要說真話，長大了還一樣堅持，他是父母的好孩子！,0,3,0,2022-07-26 10:21:44,来自四川,72319935803,社會雜談院
7124664441014698783,实话而已！对诚实的孩子应当奖励。不能全做两面人啊，台上一套，台下一套。,0,4,0,2022-07-26 20:57:56,来自宁夏,2084296211563357,辽远的髙原
7124887490716762894,童言无忌，把现实社会抖的一清二楚……[呲牙][加油][加油],0,2,0,2022-07-27 11:24:01,来自贵州,4436801450,持之以恒勇哥
7125000873403122469,小伙子只是说出现在大家的共识罢了[灵光一闪]网友们就是说到底就是嫉妒，仔细想想也比那些偷着乐的蛀虫实在吧[呲牙],0,0,0,2022-07-27 18:43:52,来自贵州,97269780666,骑士梦688
7124311754406150912,我就喜欢这样的小朋友，从不欺骗我们底层社会的！,0,5,0,2022-07-25 22:08:57,来自浙江,105517422626,自由的清风fm
7124662488821465888,有钱不炫，犹如锦衣夜行，太难受了,0,3,0,2022-07-26 20:50:20,来自湖北,56245001200,稀奇古怪实验室
7124801861630542633,这才是打黑英雄！应该鼓励,0,1,0,2022-07-27 05:52:14,来自安徽,1961175683434223,乐观的枫叶jU
7124544565952496395,这小伙前途光明。不信十年后再看看。,0,3,0,2022-07-26 13:13:24,来自广东,1050780729873464,魔法星球Kd
7124534612063863591,真情流露，一点都不虚伪，应该表扬。,0,2,0,2022-07-26 12:34:45,来自广东,61305244395,伯公李
7124887534315979524,家族势力太强大了!,0,1,0,2022-07-27 11:24:08,来自湖北,104349011822,完美小鱼ov
7124943112585528101,这孩子实诚，警察要保护起来录口供，不然要被坏人教坏了学会撒谎,0,3,0,2022-07-27 14:59:55,来自安徽,6033354254,四天打鱼三天晒网
7124885799371473698,这孩子诚实，家教很好。比那些隐藏的好太多了，人品不错。,0,5,0,2022-07-27 11:16:39,来自辽宁,2660468067146444,蚂蚁哥777
7124536481322484521,有办公室的人提醒他，还是要朴素一点[呲牙],0,5,0,2022-07-26 12:41:08,来自湖北,3906446141,微笑
7124672280164107042,之前没有暴雷，现在才暴雷，啥原因？,0,0,0,2022-07-26 21:27:56,来自新疆,663729383938692,鱼儿的水水中的鱼
7124996843309941535,热搜故意给降下来！！！！！,0,0,0,2022-07-27 18:28:00,来自浙江,4184869290,谭养鱼
7124887708312470305,2022年新词语：一锅端！,0,2,0,2022-07-27 11:24:43,来自河南,102849793075,你要的186不是
7124625179569570560,只是讲了其他人没说的实话而已,0,11,0,2022-07-26 18:25:34,来自河北,3840641424,花开的声音TXH
7124471964546401065,多懂事的孩子啊！,0,2,0,2022-07-26 08:30:55,来自浙江,99589152257,Zhw0000000000
7124605621064205069,日常生活纪录而已,0,1,0,2022-07-26 17:10:06,,51926491863,A鑫鑫66
7124442906694009637,这种情况已经烂大街了不是吗？问题的根源解决还是需要在其他更深的面上下功夫。,0,3,0,2022-07-26 06:39:40,来自四川,3903624383,小狐狸大刺猬
7124339027981239081,多实诚的年轻人！,0,3,0,2022-07-25 23:55:49,来自湖北,72058216380,襄阳一根排骨
7124624198437880616,各省各市各区各事业单位基本如此，不过是他情商太高罢了,0,3,0,2022-07-26 18:21:44,来自上海,109644728938,大王叫我来看头条
7124511209323414306,又一反腐壮士，为你点赞！,0,4,0,2022-07-26 11:03:06,来自广东,5954496544,芝兰之室72789400
7124304398926955301,好孩子，诚实[赞],0,3,0,2022-07-25 21:40:55,来自四川,60494921836,江柳抚月
7124506482838127395,收拾周哥，天理不容！太诚实了！,0,3,0,2022-07-26 10:44:54,来自辽宁,108129621993,帷幕8564
7124672085800076036,意思低调点就没事可以咯呗[泣不成声],0,0,0,2022-07-26 21:27:47,来自广东,108432812178,体坛风云录
7124617754698613519,我曾以为最强弃少中的情节来自作者虚构，想不到是真的来源于现实生活。,0,2,0,2022-07-26 17:56:32,来自四川,2339368963670349,碧潭之主
7124660142083195685,怎么是不当之言[打脸][打脸][打脸],0,0,0,2022-07-26 20:41:02,来自山西,5004253405,正行直言
7124669941706097443,我们喜欢实诚的孩子,0,3,0,2022-07-26 21:19:00,来自广西,2410581457377208,随心生愿
7124636728010261281,孩子，你真有实力，敢说实话，充满正能量，哥给你赞一个[赞],0,2,0,2022-07-26 19:10:39,来自重庆,3820074272,巴人27937601
7124568632411390724,肯定是真的,0,0,0,2022-07-26 14:46:53,来自广东,105807355137,路人灵能100
7124541377564263201,真实的世界难道不是这样吗,0,1,0,2022-07-26 13:00:47,来自辽宁,84702194753,太岳
7125015396189192971,这小孩是个大聪明,0,0,0,2022-07-27 19:40:19,来自浙江,61487817524,咩咩的羊123
7124857216007766824,已经有结论了，没毛病？！,0,0,0,2022-07-27 09:25:57,来自河北,110089579565,锦绣2019
7124549584558228235,他只是实话实说话罢了，别人的日常生活就如此！不是我们普通老百姓所向往的！,0,3,0,2022-07-26 13:32:43,来自广东,4179883560,来自中国的我
7124598014190617359,多么纯真的孩子！,0,2,0,2022-07-26 16:40:08,来自广东,108698337958,六月l流火
7124591607219340072,“周劼”应该说了他应该说的话，现实中不是这样吗？！,0,2,0,2022-07-26 16:15:15,来自江西,95190584512,陈定华967
7124655659013964583,如果说的是真的就没有错啊,0,1,0,2022-07-26 20:23:48,来自上海,98576723603,台风7279
7125015741669196574,他说的这些事没法查，查他提到的那些人就行了,0,0,0,2022-07-27 19:41:11,来自河北,1217882299307720,北纬三十一度三分
7124291348899545891,诚实的好孩子。,0,5,0,2022-07-25 20:49:50,来自江西,59959895879,四股东
7124312662435414788,一般都是闷生发大财,0,3,0,2022-07-25 22:13:24,来自湖北,2167874804528316,叫我小刘就行
7124872311613883143,谁知道呢？没有亲身体验，写不出这么火🔥的朋友圈！,0,10,0,2022-07-27 10:23:53,来自山西,6212098069,xb012345
7124888314142114597,还需努力深挖呀。,0,1,0,2022-07-27 11:26:47,来自江西,6604935309,你是我兄弟98953237
7124886211445048079,20万一斤的茶叶，用工资买的？谁信？,0,3,0,2022-07-27 11:18:20,来自浙江,2630485057218941,智慧火车6I
7124681690949370662,"千古真理至理名言
闷声发大财",0,0,0,2022-07-26 22:05:00,来自湖南,86191468105,岳阳闲暇
7124882604780176163,所以书还是要读的，不然到手的鸭子也会飞走，还会坑死一群人[捂脸],0,3,0,2022-07-27 11:04:21,来自浙江,2749823727,MitcheLL
7124296874450486016,必须表彰反斗士,0,5,0,2022-07-25 21:11:20,来自江西,104914268198,茫然中的父亲
7124594419445138207,这孩子可能已经够低调了,0,0,0,2022-07-26 16:26:26,来自重庆,5565180168,梦幻风声EX
7124283215224996608,没办法，天生起点高，他说的是实话,0,10,0,2022-07-25 20:18:14,来自江苏,52133290476,寒士欢颜
7124681173179712295,普通老百姓是进不去这种公司的,0,0,0,2022-07-26 22:03:17,来自四川,110296399607,青涩清风U
7124884113521394467,这孩子净说真话,0,5,0,2022-07-27 11:10:09,来自辽宁,110313067574,刚玲兄弟
7124882433946354463,这样的公司不能先背锅，今后查出问题怎么交待？怕拔出萝卜带出泥？,0,18,0,2022-07-27 11:04:12,来自四川,64250015842,网上云云
7125008274122588968,你没说错，只是有人怪你多话[呲牙],0,0,0,2022-07-27 19:12:08,来自贵州,102512355436,杨32175
7124659507350815502,一部微型《官场现形记》,0,3,0,2022-07-26 20:38:31,来自广西,95424659962,俊俏豆花s
7124657043583419177,肯定是真的，但是最后肯定被说成假的,0,0,0,2022-07-26 20:28:53,来自辽宁,54000601912,回复的市场yyyyyy
7124611997815325452,看看评论，特有意思。,0,0,0,2022-07-26 17:35:07,来自江西,6009350295,热闹鲸鱼D8
7124530047444075268,人家说的是事实啊，说实话也有错吗,0,4,0,2022-07-26 12:16:44,来自重庆,110921528079,大橘很重
7124635122766627614,牛逼加闪电[赞][赞][赞],0,2,0,2022-07-26 19:04:30,来自重庆,21291076063,直爽南疆卫士
7124866974685545253,爆光隐密而真实的现状而已,0,1,0,2022-07-27 10:03:18,来自江西,50253147764,正义凛然豆浆c
7124455778924299044,社会上这样的人太多了。坑吧，最后坑自己,0,1,0,2022-07-26 07:28:43,来自北京,76587694711,AndyWeng5568
7124629602869248799,孩子是个诚实人，有一说一，没藏着掖着，值得点赞[赞],0,6,1,2022-07-26 18:42:53,来自江西,105777314177,田野16521
7124688826564002594,公仆越来越淳朴了,0,0,0,2022-07-26 22:32:24,来自山东,5594571755,thdaqwe
7124863794606211873,如果社会上人人都这么诚实，诚信。那这个世界将是多么的美好!空气是多么的清新啊！,0,2,0,2022-07-27 09:51:00,来自甘肃,80399762185,哈二叔
7124606280635089679,周劼这种青年才是中国的希望，敢于讲真话，这是社会进步的表现。应该大加表彰。[玫瑰][玫瑰][玫瑰],0,3,0,2022-07-26 17:12:14,来自湖北,528187414817640,清风8tDt
7125007255066116876,哈哈，有些事你相信了那是你错了，有些事你不信那就是你错了,0,0,0,2022-07-27 19:08:59,来自山东,88330079826,雪原苍鹰01
7124766002189697827,感谢他治好多年的高度近视，让我看清了这个花花的世界！[捂脸],0,2,0,2022-07-27 03:41:06,来自江苏,67692870681,sq2009
7124321200398582569,哎，还是年轻了，沉不住气，喜欢实话实说[捂脸],0,3,0,2022-07-25 22:45:58,来自湖北,5816921311,村野闲人
7124616565878162215,鼓励人家说实话，别吓着孩子。,0,4,0,2022-07-26 17:53:02,来自重庆,5858932304,wa1xi2
7124580822639788841,摊牌了，不装了,0,0,0,2022-07-26 15:33:14,来自江西,4051066758369052,淡泊搬砖哥
7124515109170610947,这是在晒犯罪证据啊,0,1,0,2022-07-26 11:19:02,来自江苏,111158458438,能飞的大鹏
7125000171963843342,这么老实的孩子，居然说他说谎,0,2,0,2022-07-27 18:40:48,来自江西,6907687116,qq潘潘潘潘潘潘先生
7124443987070534435,人家只是说了实话而已，“有错吗”？,0,3,0,2022-07-26 06:42:44,来自广东,58153909059,爱生活的松鼠0
7124877092323853097,白天不懂夜的黑！,0,0,0,2022-07-27 10:43:04,来自安徽,4089786343884654,苏小妹出家
7124472895107121928,实话实说，实力摆在那里，不服不行。,0,33,1,2022-07-26 08:35:04,来自陕西,110520506858,A上善若水有方圆
7124490966966321953,应该调查那些说假话的,0,1,0,2022-07-26 09:44:05,来自河北,94780672297,好蓝的天R
7124934092298601228,别墅，房子几套，黄金几斤，豪茶等，这些我看都很正常吧,0,0,0,2022-07-27 14:25:05,来自广西,1670867068921560,奋发有为芒果dO
7124453898735338252,当然要研究出一个完美的说辞,0,1,0,2022-07-26 07:22:06,来自湖北,50789417421,奇幻松鼠tC
7124870943205819177,这回该社会教教他了，最近的瓜好多了，但总是烂尾。,0,8,1,2022-07-27 10:18:41,来自天津,9318464587,天天向上天天向上
7124494653797253929,一个直言的二代。[赞],0,3,0,2022-07-26 09:58:23,来自青海,3668424107,飘逸21106309
7124680874440524547,这个人没有炫富，他说的是实话,0,0,0,2022-07-26 22:02:12,来自四川,110296399607,青涩清风U
7124609201397285647,这是普遍现象吧！只是大部分人不知道而已[晕][灵光一闪],0,1,0,2022-07-26 17:23:25,来自湖南,52208704013,龙骑士969
7124864089377211139,赤裸裸撕开遮羞布,0,2,0,2022-07-27 09:52:01,来自广东,1860028150848008,江湖上的渝人
7124902401874166566,自查自纠，最完美了,0,3,0,2022-07-27 12:22:07,来自河北,110676697896,皮蛋蛋蛋蛋皮蛋蛋蛋蛋
7124455572824736553,希望多一点像他一样说实话的人,0,2,0,2022-07-26 07:27:29,来自江西,2137052500993599,房产大实话93
7124876786747851534,三胎贷了解一下[呲牙],0,0,0,2022-07-27 10:42:14,来自辽宁,870446935836616,老虎聊球
7124875127313515301,我也是想到了老胡,0,0,0,2022-07-27 10:35:54,来自江苏,8379401258,马马虎虎333
7124887353961300775,说实话的孩子被家长批评为说谎话,0,1,0,2022-07-27 11:23:42,来自广西,4041422773951796,心动1976
7124320012386648870,朝阳大妈，江西小伙,0,1,0,2022-07-25 22:41:43,来自陕西,4475718481,俩棵木头41699021
7124716370407441156,炫，让我们长长见识,0,1,0,2022-07-27 00:22:38,来自湖北,51584913569,抱朴守拙316
7124879835377648388,不患贫而患不均,0,0,0,2022-07-27 10:54:29,来自重庆,6019371011,walf2099
7124928902593659683,情商这么高的人会后悔？[捂脸][捂脸][捂脸],0,3,0,2022-07-27 14:03:57,来自贵州,109642223417,zhj高级工程师
7124882009881133864,这孩子让周围有些人心里蹦蹦跳,0,21,0,2022-07-27 11:02:05,来自辽宁,104987513364,英明果断麻酱Va
7124288893998383907,有哈哈哈，赶紧说不认识，聪明,0,3,0,2022-07-25 20:40:15,来自江西,3785763951,介嘎蝈蝈有点蟀
7124340285655630592,这是大义灭亲啊…,0,1,0,2022-07-26 00:00:37,来自湖北,461424568566500,Maboooooo
7124634550289924877,小伙子如果说的都是实话应该表扬，现在说真话的人不多。,0,13,0,2022-07-26 19:02:10,来自江苏,103566849278,信多知少
7124827757930005284,普通员工都那么富？这国企有没有亏损,0,1,0,2022-07-27 07:32:14,来自广东,109618971963,國O國69
7124280356194648843,不奇怪，正常现象！,0,30,0,2022-07-25 20:07:54,来自江苏,6589678387,dong179999034
7124668638849975053,官方否认=确实。,0,2,0,2022-07-26 21:14:05,来自河南,98388978576,知情达理河流rV
7124282574059078441,全是大实话,0,9,0,2022-07-25 20:15:48,来自江西,3979508215,对天空说YUAN
7124660831069029134,央视实话实说栏目应该由他来主持！,0,2,0,2022-07-26 20:43:54,来自河南,3861955581584487,浪漫一生李平
7124985791709397773,反正我一点都不信这调查！！！,0,0,0,2022-07-27 17:45:17,来自广东,64066779713,南190591424
7124546720360858372,真所谓：坑就坑到家，实就实到底,0,0,0,2022-07-26 13:22:04,来自浙江,5770198781,华风雨
7124886445764150053,唉，无言独上西楼，却道天凉好个秋。,0,2,0,2022-07-27 11:19:32,来自山西,5186383969,天山寒西风冷
7124567347184550697,说实话还有罪吗？,0,2,0,2022-07-26 14:41:04,来自辽宁,100649213789,聪明的欧力给
7124641635984114471,给这个诚实的孩子点赞[赞]这孩子是一股清流[赞],0,1,0,2022-07-26 19:30:20,来自江西,104928131681,秋实370
7124550342863667975,地方国企威武[赞],0,2,0,2022-07-26 13:35:29,来自安徽,66498742451,示示东
7124564524111676164,我以为朋友圈只能发广告,0,2,0,2022-07-26 14:30:42,来自内蒙古,5576670369,十年之久攀登
7124807367522386688,企业老总为什么都有那么多钱？,0,2,0,2022-07-27 06:13:04,来自江苏,11598329250,王玉申4
7124532817103127335,“集团公司正在调查当中，相关情况经过公司研究决定后会对外发布。”各位大神，有没有看出一点不一样的东西啊？,0,2,0,2022-07-26 12:27:47,来自湖南,85836956124,江湖夜雨十年灯718
7124514477650805544,这就是真实的⭕，颜色必须纯正,0,2,0,2022-07-26 11:15:43,来自山东,109028180586,a反正你也记不住a
7124641451442520873,感觉有好几条大鱼,0,2,0,2022-07-26 19:28:24,来自安徽,51635808977,农夫在
7124834486990308128,冰山一角啊,0,2,0,2022-07-27 07:58:21,来自浙江,5854767119,皓月清风68580627
7124334207308350249,所有人都懂，就这孩子爱说出来，给这勇敢而诚实的孩子点点赞👍！,0,4,0,2022-07-25 23:36:50,来自上海,63917460943,建青3013
7124638343451181865,这个小伙儿是个实在人。,0,1,0,2022-07-26 19:16:35,来自天津,102826983943,力源728
7124341275830354727,调查这个员工不是很搞笑吗，难道不应该调查公司吗,0,12,0,2022-07-26 00:06:04,来自北京,99255329022,玉麒麟8209
7124664550506464007,网上的第二波爆料更厉害，期待第三波，某些人真做不住了！,0,1,0,2022-07-26 20:58:12,来自山东,105437934122,一头条用户
7124447895390536459,微信朋友圈里有坏人呀。加好友不慎呀。,0,8,0,2022-07-26 06:59:09,来自陕西,3550084700,张栋超
7124884532951859981,烟酒这种无据的事又不是关键，关键是超过自身消费水平的别墅，房子，奢侈品,0,6,0,2022-07-27 11:12:12,来自浙江,6786889450,英雄同伤
7124914635945296675,太真实了！打谁的脸,0,3,0,2022-07-27 13:08:31,来自北京,4252518392803053,闪电麦坤123456
7124480597330510600,阐述了事实，该怎么处理,0,1,0,2022-07-26 09:05:03,来自江苏,52081759218,专打伪爱国的弱智
7124949510329713441,悲哀的是，他说到能做到，现实就是这么残酷！,0,1,0,2022-07-27 15:24:58,来自广东,95419315030,金嘴杂侃
7124483652808999693,孩子妈妈让你回家吃饭,0,0,0,2022-07-26 09:16:44,来自安徽,100385556522,tw6921
7124688282218332958,最后通报说，普通人，父亲是农民？,0,0,0,2022-07-26 22:30:34,来自山西,7193735056,寒劲草
7124975189876179724,网友不满意，那我回去再改改？,0,2,0,2022-07-27 17:04:52,来自湖南,333903405005757,相见不如怀念0520
7124632353976845090,什么地方有例外？？,0,1,0,2022-07-26 18:53:27,来自甘肃,522968434479463,默宅大叔
7124983928124883746,羡慕二字表达我的敬意,0,0,0,2022-07-27 17:37:24,来自浙江,2445782711283803,睿睿爷321
7124887399154615077,中国诚实好男孩[赞][赞][赞][大笑][大笑][大笑][大笑],0,1,0,2022-07-27 11:23:18,来自重庆,21291076063,直爽南疆卫士
7124654417101767432,国企是全体人民的国企，对吗？？？,0,1,0,2022-07-26 20:19:04,来自湖南,51034954004,好人有好报666666666
7124338968141316894,快看，外面那一群就是老百姓,0,2,0,2022-07-25 23:56:46,来自四川,6923832539,熊猫不是猫B
7124492067044737832,这是位义士啊，举报了多名领导啊,0,2,1,2022-07-26 09:48:30,来自广东,110100693479,一生愿众生安
7124326484684522253,[捂脸][捂脸]这种傻孩子 他父母可急死了,0,1,0,2022-07-25 23:07:25,来自广东,55487724154,lawrance2
7124854194539873037,现在的社会需要解决问题的方法？,0,0,0,2022-07-27 09:14:34,来自辽宁,110117278586,紫气东来4459
7124571445665219360,这还是冰城一角[凝视][捂脸]，还有更好玩的,0,0,0,2022-07-26 14:57:43,来自江西,4239786450,吃饭不洗碗哎呀
7124273877819474723,明显是微商,2,8,0,2022-07-25 19:42:08,来自江西,50323295209,一刀不愁
7124514841394119463,实话实说，实力摆在那里，不服不行。,0,5,0,2022-07-26 11:18:19,来自福建,57336503105,爱思考铁力3W
7124457658857800482,依法严查严惩深挖,0,9,0,2022-07-26 07:35:37,来自广东,105148823877,天奉
7124536991308071715,只要钱银来得正你喝四十万一斤的茶我都给你点赞！,0,3,0,2022-07-26 12:43:15,来自广东,51212028725,天山雪莲花11
7124914314939122446,自己说第7套了,0,0,0,2022-07-27 13:07:58,来自青海,67339558642,不凡轮船zk
7124852747891508002,所以，中央再三强调家风、家规、家教。,0,0,0,2022-07-27 09:08:36,来自陕西,51438635615,游戏160998231
7124542280773501730,实力不允许低调啊,0,1,0,2022-07-26 13:03:31,来自海南,51164999538,陈裔4
7124627492656300813,还有江西交通系统的周杰呢,0,0,0,2022-07-26 18:34:47,来自江西,71331634405,流萤227651034
7124612772364698381,查实就发布啊，为什么真相还有必要研究决定吗？,0,0,0,2022-07-26 17:37:38,来自广西,5999382458,傅说人生
7124624666614088486,只是记录自己的真实生活，没必要这么大惊小怪的。,0,1,0,2022-07-26 18:24:13,来自山东,69526547587,清茶66766
7124887768580899619,只有吃的好，穿的好，住的好，才能沉下心为人民群众服务。,0,0,0,2022-07-27 11:24:28,来自湖北,52684087363,吹牛养殖基地副研究员
7124320455586333474,公知：不要破坏内部团结，要一致对外,0,2,0,2022-07-25 22:42:58,来自重庆,71571319967,存在怎样
7124531243584717609,唉呀，有个好爹，好大爷，好叔叔等近亲是真好啊，我等草民啥时候能翻身,0,4,0,2022-07-26 12:20:54,来自江苏,96448896956,真诚橙子2
7124676193294795551,敢说不简单,0,0,0,2022-07-26 21:43:31,来自四川,826420770641528,进取蜻蜓OO
7124886403821290275,老师有说过，做人要诚实,0,0,0,2022-07-27 11:19:01,来自广东,5701924470,果实AJ
7124721213569975055,这个自查有说服力吗？,0,0,0,2022-07-27 00:40:14,来自四川,52292249133,时光流水888
7124745581708722979,我不相信他发的这些！！我从小接受的教育告诉我，成功的人是因为更努力！,0,1,0,2022-07-27 02:18:12,来自山东,50487691183,草民不草包
7124551072542901026,比曹德旺那个和尚请的茶贵，人家都羡慕啊。,0,0,0,2022-07-26 13:38:02,来自江苏,1596111155915283,又是来领红包了
7124593862923797288,这小伙子有前途！要好好的培养！,0,1,0,2022-07-26 16:23:45,来自安徽,1249478772268352,农夫ZJB
7124868928899203844,这种人政府应该重用，实话实说要发扬光大，值得提倡！,0,1,0,2022-07-27 10:10:47,来自江苏,2053534390692404,再次启航tcn
7124659893549712160,小伙子很爱国啊，国家给了这么多好处。,0,5,0,2022-07-26 20:40:25,来自广东,60531985513,蓝兰舟
7124987677632037664,一荣俱荣😄😄😄,0,0,0,2022-07-27 17:53:01,来自陕西,544946243824808,水滴的生活
7124635144899592999,周厅，儿子教的不错[赞]，实在人！,0,1,0,2022-07-26 19:04:45,来自上海,55676629982,马丁211766414
7124321832610005796,图片打码的是什么字？好奇，，，[尬笑][尬笑],0,1,0,2022-07-25 22:48:52,来自广东,104086548307,任我行qq
7124549908333560613,“希望初心还在”自己内心已爆完了,0,1,0,2022-07-26 13:33:42,来自浙江,4603251974,农村户口有酒有肉
7124887138067366692,欧米茄手表？LV皮带也算炫富？？,0,1,0,2022-07-27 11:22:17,来自辽宁,1499375830569435,这世界不是那么美好
