7124930858062676771,记者注意到，目前多个售票平台已搜索不到关于“夏日祭”的购票信息。[鼓掌][鼓掌][鼓掌],0,230,0,2022-07-27 14:11:46,来自福建,4142560058023691,薇薇逛红尘
7124868972923290383,中国有夏日祭这一说？[吐彩虹],2,291,0,2022-07-27 10:11:02,来自日本,5695672252,进取小红花Fn
7124894450807227151,第一次听说夏日祭，细思极恐,0,428,0,2022-07-27 11:50:15,来自江苏,93649753740,幸运遇见1
7124797955185541895,普及夏日祭含义，坚决抵制遏制,5,752,0,2022-07-27 05:38:02,来自新疆,6150674642,自由雪碧Uv
7124878352951083814,不要再打着漫展的旗号了。,0,256,0,2022-07-27 10:48:30,来自福建,62460926709,灰的理由
7123115956918272798,夏日祭，备案了吗？审批了吗？,1,143,0,2022-07-22 16:49:20,来自甘肃,105604312928,进取晚风P1
7124863109420548871,为什么只曝光这些承办的地方和酒店，谁策划的，为什么策划为什么一直没有曝光,2,492,0,2022-07-27 09:48:20,来自新疆,5757726939,沧海一声笑63314851
7124901815564534562,我们的清明节 中元节都是祭祀日 为什么还弄一个夏日祭？,1,292,1,2022-07-27 12:18:46,来自广东,3910280749806136,生活有许多因为
7124891398310626082,为什么不追究是些什么人要举办此活动呢？,0,146,0,2022-07-27 11:38:36,来自宁夏,59681835755,一一洁净
7123045778452890383,南京却是最先忘却了南京大屠杀,0,50,0,2022-07-22 12:16:26,来自山东,3052712737646400,上官敢吾
7124943070646616865,要追查到底，什么人在联系，什么势力在推动。不是不办了，不来了就算了。,1,37,0,2022-07-27 14:59:47,来自江西,5206988579,抵制日货自强不息
7124943506686722829,夏日祭为何惹众怒？！因是严重文化渗透！,0,246,0,2022-07-27 15:01:26,来自山东,85749023132,心安即是归处88
7124863087370765069,不是取消就完了，是要严查好吗？,0,105,0,2022-07-27 09:48:08,来自湖北,103110049771,木有支
7123129516817875749,还有洗白的电视剧！,0,97,0,2022-07-22 17:41:53,来自浙江,4230541554759815,下雨天不怕冷
7124877431706206979,我90年出生，听都没听说过夏日祭,9,106,1,2022-07-27 10:45:27,来自广西,3118673589446558,馨怡
7124933454940455695,什么叫夏日祭？,0,44,0,2022-07-27 14:21:47,来自广东,5840790205,轻车熟路lei
7124845868452823821,相当一部分人确实不知道夏日祭的含义，甚至只是以为是有商家趁着夏天搞活动而已，这也正常，该取消的取消就完了，没必要过于针对。但对于幕后的黑手不能放过！！,0,88,0,2022-07-27 08:42:30,来自河南,2797890453,远离鸡汤做自己
7123115503924921125,这已经不是普通事件了，一定要出重拳！,1,131,0,2022-07-22 16:47:24,来自辽宁,2735228295319304,小奇猫mmm
7124828709336531727,长此以往，几代或十几代人以后，传统的中国节日没有了，代之的是圣诞节，夏日祭。,0,176,0,2022-07-27 07:35:17,来自江苏,70479649158,自强不息梦想家CO
7124830827762647823,举办方都是怎么想？必须好好的查查？,0,130,0,2022-07-27 07:43:37,来自天津,58632078726,手机用户姜玉洁
7124822238981210911,文章标题很显然是有问题，！猛然间给别人的理解以为是大家因取消这个活动而惹众怒。,3,149,2,2022-07-27 07:11:04,来自山西,96712973212,藏穹观察
7124838897154638629,全国各地都有这活动，这是什么原因[发怒],1,82,0,2022-07-27 08:15:33,来自广东,3096651973006366,dtp@459092588
7124916096624788239,为什么B站不遗余力的举办夏日祭？全世界有很多节日啊。,0,42,0,2022-07-27 13:14:22,来自广东,184317075271888,PannySZ
7124831361155908360,b站和夏日祭什么关系呢[抠鼻],1,202,1,2022-07-27 07:46:13,来自河北,5930583469,交个朋友友商
7124930406453560104,就像我们国家文化部门现在禁止日本的动漫很有效果，但是现在无线平台还有很多日本的动漫，还有奥特曼文化也是严重渗透，对青少年一代影响巨大 也要引起国人重视。,0,42,0,2022-07-27 14:10:01,来自江苏,6815629711,因为遇见美丽
7124940230469485319,这是日本民间的活夏日祭，中国为什么要举办夏日祭？,0,49,0,2022-07-27 14:48:36,来自上海,66261041368,刘浏543
7124855458292417320,你直接就说是动漫展，为什么要说是夏日祭,0,43,0,2022-07-27 09:19:02,来自云南,3714837817,万三24219347
7124873038667154184,活了五十多年，第一次听夏日祭。,0,39,0,2022-07-27 10:26:43,来自广东,2295431040615598,我心向善HXP
7124934655849186078,什么叫夏日祭？为什么在中国会有夏日祭活动？,0,12,0,2022-07-27 14:26:38,来自浙江,6216213502,磨刀人88
7123144126140629764,南京！南京！！受伤最深的地方却忘却伤痛最快,0,74,0,2022-07-22 18:38:33,来自内蒙古,107852793344,等到天蓝再看海6088
7124926473148187396,既要宣传爱国主义教育，也需要普及中国传统文化，中国人要有中国人的灵魂,0,41,0,2022-07-27 13:55:22,来自河北,85503723486,有你在水一方
7124897084020998915,中国风的动漫更美,0,30,0,2022-07-27 12:01:25,来自江苏,102108516718,连云港立聪堂
7124831697900127014,这都怎么了，再不重视思想和传统文化教育， 00后（包括90后）的这一代就完了，,1,66,0,2022-07-27 07:48:06,来自河南,62377101699,蓝天摄手
7124937526997107469,长春怎么还不取消,0,15,0,2022-07-27 14:38:01,来自吉林,4173374420954679,爱吃的招财猫
7123183460181246720,南京啊南京，，，跑得了和尚跑不了庙，多简单的事啊,0,24,0,2022-07-22 21:10:33,来自上海,17431886714,null127322461
7124838608980443945,猛然间给别人的理解以为是大家因取消这个活动而惹众怒，看标题以为是取消“夏日祭”惹众怒,0,26,0,2022-07-27 08:13:45,来自吉林,53025997683,明江32
7123132564616774434,为何不能发图了？,0,406,1,2022-07-22 17:53:08,来自新疆,55777976589,愿景159834753
7123126031212774176,还有教材事件,0,78,0,2022-07-22 17:28:32,来自广东,81250434986,乘风3291
7123197146119013123,是我们中国人的心太善良了，把坏人想的太好了,0,14,0,2022-07-22 22:04:07,来自山东,2563674048045556,球妈爱国
7123170840937890591,文化圈的渗透是最致命又最隐秘的,0,53,0,2022-07-22 20:21:57,来自福建,58621532108,不装饰你的梦1007
7124896389032805131,所以夏日祭到底啥含义,0,11,0,2022-07-27 11:58:23,来自山东,4640049362,上升吧少年
7124816218665911080,夏日祭是什么部门组织开展的应该查查！,0,90,1,2022-07-27 06:47:13,来自山东,3316923223,生活中的海燕
7124901239938532136,真不知道你们举办是出于什么心理？,0,16,0,2022-07-27 12:16:34,来自福建,105140211654,eliane1118
7124891022165394190,夏日祭是纪念夏天死去的人吗？,0,9,0,2022-07-27 11:37:29,来自江苏,60672879931,用户9552苏
7124892851040682752,文化市场是该好好整顿一下，否则夏日祭这类活动今后还会出现！,0,26,0,2022-07-27 11:43:57,来自湖北,4389047708,心云独自闲
7124832586454713128,应该举办国风展,0,31,0,2022-07-27 07:50:21,来自江苏,4173396210888813,年轻的小盆友
7123117037421429517,进一步完善风控体系，文娱内容审核刻不容缓。,0,115,0,2022-07-22 16:53:29,来自河北,52510212962,影像随心像由心生
7124895090476270336,还多地?处理一地警示一下。,0,13,0,2022-07-27 11:52:41,来自安徽,1129938381187227,老黄家老三
7123173754468909864,都是故意的，哪来那么多巧合,0,37,0,2022-07-22 20:32:46,来自江苏,91634912059,喜爱香草拿铁
7124879523627139854,没有取消 他们改名字推迟了,0,17,0,2022-07-27 10:52:44,来自河南,95922450933,郑州毛小妞
7124868847043167017,应该从娃娃做起，从教科书做起，不忘百年屈辱历史。,0,20,0,2022-07-27 10:10:26,来自北京,56190478357,家园155141862
7124923816082162444,如果不是网友抵制就不叫停不取消啦？！！！现在到底到了什么情况什么地步！,0,12,0,2022-07-27 13:45:13,来自广东,63741703749,明明是我6741
7124908342757475103,二十四节气都记不住分不清，感觉民族文化逐渐丧失，外来文化加强渗入。,0,9,0,2022-07-27 12:44:31,来自广东,92310702804,羅霖兮
7123153486984512288,谁是主办方？谁是审批方？,0,16,0,2022-07-22 19:15:10,来自云南,2115931340023691,伶懿
7124925657880642338,呵呵，因为大家心里都很气,0,6,0,2022-07-27 13:51:33,来自湖北,2510912508671516,中原逍遥子
7124795923842024203,好好查一下举办方,0,77,0,2022-07-27 05:30:58,来自湖北,108119474206,热闹山丘tg
7123370351496872719,严查歪风刻不容缓,0,6,0,2022-07-23 09:16:00,来自广东,66479941366,虎子ljy
7124934660752786211,我们韶关居然有份[捂脸],0,5,0,2022-07-27 14:26:30,来自广东,4069176717,晒星星3晒月亮
7124867333830787870,这个夏日祭到底是谁在主办?,0,175,0,2022-07-27 10:04:37,来自山东,68521239007,田园元宝
7123137231292138281,南京问题不小啊,1,23,0,2022-07-22 18:11:21,来自山西,104789967390,燕西侯
7124807279488533285,举办方是谁？如此大规模的举办，应该好好查查,0,44,0,2022-07-27 06:13:41,来自甘肃,62985510407,Lassie诺
7124827815509345062,夏日祭，祭什么东东，第一次听说,0,81,0,2022-07-27 07:32:58,来自云南,4358106165020540,快乐的饺子lT
7123373552749036300,我们都没忘，南京你是怎么了！,0,555,1,2022-07-23 09:29:09,来自湖南,63037131693,张阿满am
7123187114900734732,如果不把抗日神剧剔除，会有更多人认为抗日是件儿戏！！！,0,17,0,2022-07-22 21:25:37,来自江西,98075910050,用户在找啥
7123154063759770402,国家要加大传统教育的力度,0,24,0,2022-07-22 19:16:42,来自江苏,6608083792,才高八斗星辰WB
7124498224937304872,能说说你们所谓的夏日祭是个什么东西吗？,0,1,0,2022-07-26 10:12:24,来自陕西,2009554649615767,世间九味
7123142150917210883,糖衣炮弹下有谁还坚持初心信仰,0,4,0,2022-07-22 18:31:13,来自江西,3526865111227591,自由沙滩vu
7124873465995395843,查 b站陈睿,0,12,0,2022-07-27 10:28:25,来自安徽,51845133029,单手解挂钩
7123119585393640229,支持你们[赞][握手],0,15,0,2022-07-22 17:03:14,来自甘肃,104982301142,夜空里一颗明亮的星
7124894893839254283,取消？取消就完了？！,0,6,0,2022-07-27 11:52:50,来自北京,5501875659,乐观的手机用户
7124925848179720964,活了半百，第一次听说这东东。,0,3,0,2022-07-27 13:52:56,来自安徽,3135451400242803,晨蕊蕊666
7124922626195079977,这几年疫情影响，我们应该多增添自己民族文化活动才是！,0,2,0,2022-07-27 13:39:31,来自上海,1904777727322759,开朗云朵8o
7124856311472620319,2016网友就爆光了 现在！！！！,0,5,0,2022-07-27 09:22:48,来自安徽,55460022944,将老虎
7123162603362501384,主要是没有德国类似的法律,0,15,0,2022-07-22 19:50:05,来自上海,1997150338945527,随风而逝避开纷纷扰
7123131980116050720,为红鲤鱼与绿鲤鱼点赞！,0,997,1,2022-07-22 17:51:33,来自河南,62848096291,夕照西山
7124829730934719265,动漫展一定要是日式的吗？！,15,329,0,2022-07-27 07:40:04,来自江苏,6909260630,紫金山人
7124876009484534562,好好过一下中元节，祭一下先祖比什么都强，,0,13,0,2022-07-27 10:38:40,来自云南,1415799232797040,Little罗
7124927795419267871,所以呢？为什么一个日本节日会伤害到我们的民族感情？,0,5,0,2022-07-27 14:00:19,来自北京,3658818721689949,tetsu
7124834033141728039,文化渗透太可怕了,0,26,0,2022-07-27 07:57:12,来自广东,97932449457,WesleyMartin
7123408671627297549,谁给他们的勇气！必须严查,0,4,0,2022-07-23 11:45:10,来自山东,24482952672,蛇吃兔
7124820805707711243,不能一句取消了，就算拉到完事了,0,32,0,2022-07-27 07:06:03,来自浙江,22778574477,追逐阳光的猫咪
7124814725267194639,商家赚钱，,0,14,0,2022-07-27 06:41:36,来自安徽,5842675861,2l55998
7123129014931473167,是个中国人 只认端午节和中元节，这个才是国人怀念祖先的节日,0,26,0,2022-07-22 17:39:28,来自广西,62042133018,笑对人生176934820
7124890948823597838,必须严查严办承办人，和举办人，都是故意为之吗？,0,8,0,2022-07-27 11:37:09,来自广东,62972756170,逆流而上213681079
7123133290240344869,红鲤鱼与绿鲤鱼，早就关注了，虽然就那么短短的几分钟，快板的方式紧跟实事，敢于发声，给他们两点赞！,0,2251,2,2022-07-22 17:56:19,来自湖北,106207583212,大胡子飞起来
7124818375683408652,也没听说别的国家痴迷的举办七夕节泼水节寒食节清明节以及各城市有传统文化的庙会等中华民族传统节日的活动啊。怎么咱们就非得举办不知外国内情的甚至伤害民族感情的这节那祭呢,0,48,0,2022-07-27 06:56:47,来自河北,59637688975,自在的麦兜儿
7124832648145142532,谁在举办，谁是负责人！,0,44,0,2022-07-27 07:52:02,来自山西,3341235621,大海无色
7124925503853134632,水至清则无鱼。为什么不换名字呢？改为夏日节，穿汉服也不行吗？社会还是应该多元化才好。,0,5,0,2022-07-27 13:51:00,来自新加坡,1626877493519103,南剑圣
7124819447567221535,日本文化侵略中国的开始？,0,16,0,2022-07-27 07:00:28,来自江西,106073563082,福聚东方
7124828453883003683,加强爱国主义教育，不忘历史不忘国耻。,0,29,0,2022-07-27 07:34:34,来自江苏,23753334915,静心赏月
7124837942216262440,不为什么，我们就是不喜欢这个节日,0,10,0,2022-07-27 08:11:13,来自广西,57067793521,蓝火ZM
7123470979132867361,娱乐过度的时代，该结束了,0,1,0,2022-07-23 15:47:22,来自广东,5550718525,决战之年2015
7123147381423522591,伪装者太多，,0,13,0,2022-07-22 18:50:51,来自湖北,3834715530073165,乖巧海浪G8
7123205694400709383,南京人的记忆就这么短吗？真是无法理解！,0,9,0,2022-07-22 22:37:41,来自广东,76463747320,医者九哥
7124948923227521823,多地！！！,0,2,0,2022-07-27 15:22:17,来自黑龙江,584569878479320,热闹枫叶Ja
7123437378647851817,那个夏日祭有什么意思,0,0,0,2022-07-23 13:36:14,来自江苏,5508398197,七哥1986
7124909984126796548,改成到烈士陵园扫墓。,0,8,0,2022-07-27 12:51:13,来自新疆,102752751784,毓熙123456789
7124938260413137679,别的地方先不说了，南京举办真的让人无法理解,0,4,0,2022-07-27 14:40:21,来自四川,84773756358,最爱看的新闻
7124754968229348126,日本文化侵略,0,13,0,2022-07-27 02:57:42,来自广东,101941595749,金融猫哥
7123797571399172903,还有唐山事件,0,0,0,2022-07-24 12:54:50,来自江苏,106871414363,平凡人生
7124899800592073505,动漫能强国？？？？[打脸][打脸][打脸][打脸],0,6,0,2022-07-27 12:12:01,来自云南,54303819935,白桦林里的枫叶
7124798768503227172,我们永远都不会忘记那段历史,0,38,0,2022-07-27 05:41:07,来自广东,101175455071,乘风破浪的星空IR
7124879076666131200,日防夜防家贼难防,0,8,0,2022-07-27 10:50:47,来自广东,51440969281,Beamapricot
7124884722215912206,B站瑟瑟发抖[机智],0,3,0,2022-07-27 11:13:00,来自江苏,110813709004,闪光的燠
7124840435109118751,看来全民近代史教育要开展起来！特别是那些商业圈的单位！,0,9,0,2022-07-27 08:21:18,来自广东,53495793501,东江立潮头
7125077107201606400,难以置信！上面提到的几个城市抗战时几乎都遭践踏，难道是巧合？,0,0,0,2022-07-27 23:39:46,来自宁夏,104690266438,潇洒西北风
7123385584567567142,严查，不是简单整改，这样如同放纵。,0,4,0,2022-07-23 10:14:45,来自四川,369048642660936,直率风铃mG
7124931622520734479,希望国，家安全机关严查慕后黑手,0,5,0,2022-07-27 14:14:42,来自广东,1877570388244083,123一站路
7124810878256038693,没有了信仰，多么的可怕。,0,7,0,2022-07-27 06:27:38,来自山东,3161803912912091,静心修心养性
7124942319383692044,圣诞节还能过吗？,0,2,0,2022-07-27 14:56:40,来自安徽,67399288558,子明207819553
7123190843326579491,而且还是都在玄武区，不知道为什么,0,7,0,2022-07-22 21:39:19,来自江苏,101661690686,春风化雨807
7124814033287086851,B站充当了马前卒……,0,8,0,2022-07-27 06:40:30,来自北京,2909416038,心怀家园
7124865739026334471,国家层面要彻查,0,6,0,2022-07-27 09:58:21,来自甘肃,55628682819,沧海182806982
7124948952415306530,因为日奸未能斩草除根,0,2,0,2022-07-27 15:21:48,来自江苏,2796760167619342,发发发88
7124845141596455713,不能只靠民间解决问题[what][what][what],0,8,0,2022-07-27 08:39:57,来自河北,61982348415,yukongjun
7124934755599958784,万聖夜还从来沒有被全网抵制過。,0,2,0,2022-07-27 14:26:50,来自四川,19410783730,Zuay
7124891386859832067,西方的节日怎么说[机智],0,3,0,2022-07-27 11:39:09,来自北京,3500444832500126,ssdsofast
7124945397725807399,会不会是在潜移默化中侵蚀人的灵魂？,0,3,0,2022-07-27 15:08:35,来自黑龙江,3505686440846039,qwb
7123362679981097736,庄南京还有什么没被发现的？,0,3,0,2022-07-23 08:47:06,来自重庆,804487705932813,快乐的菠萝dl
7124947500611765029,说白了 就是那些“爱国”的自媒体和那些无良的营销号带的节奏 他们就是唯恐天下不乱,0,2,0,2022-07-27 15:16:30,来自上海,3217683809,Z峰彩Z
7123263492656071427,这是公然挑衅！！！！,0,5,0,2022-07-23 02:32:19,来自新疆,59024100907,敏锐微风oy
7124900936145404707,应追究主办方的相关责任，,0,3,0,2022-07-27 12:15:37,来自重庆,4046633402107200,苍山洱海
7124949158351504169,不知者不怪，幕后黑手不能放过,0,3,0,2022-07-27 15:22:36,来自河北,111002988562,蓝色海洋啊hko
7124944355642852133,为何日本人不肯道歉？,0,3,0,2022-07-27 15:04:18,来自江苏,105319447098,一个走狗屎运的人
7124866826038854408,四川南充和攀枝花还要搞吗？……,0,6,0,2022-07-27 10:02:38,来自四川,104531426127,彼岸月华
7124805754288521991,日本的文化渗透无声无息。,0,257,0,2022-07-27 06:07:48,来自河北,58565783081,别跟我谈理想11
7123190135650435874,让人感到可怕,0,6,0,2022-07-22 21:36:24,来自广西,61872311603,上上签08
7123407819893883663,给钱就行。,0,2,0,2022-07-23 11:41:10,来自广西,2695627673437591,何文惠9
7123361972431029028,南京？南京！,0,2,0,2022-07-23 08:44:05,来自浙江,75000840847,哈1206
7123877661147398916,严惩不贷！严查到底！！！[发怒][发怒][发怒],0,1,0,2022-07-24 18:05:38,来自安徽,61482982388,高工设计
7124932381957751565,文化自信是在与世界各地各国各民族的交往交流中，逐渐形成的。狭隘的民粹主义很危险。,0,1,0,2022-07-27 14:18:00,来自上海,3368497153848204,曾经的南北大侠
7124906129536254760,B站账号已注销,0,4,0,2022-07-27 12:35:28,来自内蒙古,4353716056491127,可乐的牛市
7124934495761072896,中国风、中国文化不香吗,0,2,0,2022-07-27 14:25:44,来自山东,50643592469,凡之羽
7124838191991128832,招魂舞,0,6,0,2022-07-27 08:12:06,来自河北,55077864435,卢云知州
7123204381591356168,南京怎么啦？,0,4,0,2022-07-22 22:32:17,来自四川,97001742489,酒城望月
7124904736415089412,二次元已经把青年人都改变了,0,2,0,2022-07-27 12:30:52,来自吉林,3066202175,天竣飞飞
7124872878549877511,因为人的民族意识和文化自信以及对历史的铭记更加深了，醒了,0,4,0,2022-07-27 10:26:11,来自北京,1781627714283933,诗意豆花tRN
7124844982208348963,为什么，举办方自己想想,0,3,0,2022-07-27 08:38:17,来自吉林,71869950930,远行者195
7123344638995809037,哀其不幸，怒其不争,0,2,0,2022-07-23 07:36:58,来自陕西,774512807259831,读领风骚
7124792007792362276,早该取消了，,0,6,0,2022-07-27 05:15:00,来自河北,945228065812494,奇幻阳光MT
7124852215990878987,桂林好样的！,0,2,0,2022-07-27 09:07:25,来自广东,111287079357,有趣的星空OE
7123131477608825607,现在的人怎么了？忘记历史意味着背叛,0,1520,1,2022-07-22 17:49:17,来自北京,76478114196,金鳌玉蝀
7124906111873843972,这个曾经是我国的夏至祭祀活动，后来被学去了,0,2,0,2022-07-27 12:35:55,来自河北,83666395611,君子攸芋
7124859318927115008,经济复苏与文化自信的矛盾,0,4,0,2022-07-27 09:34:05,来自江苏,24629309265,老翁口琴
7124801656167858984,仅仅取消就完事了？,0,5,0,2022-07-27 05:51:05,来自安徽,5452227120,jcxm
7123531219178554150,有没有法，可依。,0,0,0,2022-07-23 19:41:18,来自江苏,71918060769,爱喝coffe690
7124879174258590472,什么东西？我一开始看成了夏天热犯了众怒,0,2,0,2022-07-27 10:51:25,来自内蒙古,114776280153133,白日不喝酒
7124886914616181545,哪里刚开了一家奥特曼公园还是游乐场？,0,1,0,2022-07-27 11:21:11,来自河北,52596887074,非非非非常了不起的兔
7124837736871707406,枣庄，台儿庄,0,5,0,2022-07-27 08:11:04,来自山东,5475025839,平平淡淡56097779
7123205761932460800,南京[打脸][打脸][打脸],0,179,0,2022-07-22 22:37:10,来自四川,70906710641,天龙山刚哥
7123129964349932326,现在的有些网红，真的该管管了。,0,861,0,2022-07-22 17:43:49,来自云南,5992953049,智慧的无忧的星星
7124947518060069646,您就看看这几个地儿,0,1,0,2022-07-27 15:16:46,来自北京,4687068239,没什么特别的啦
7124872734785946409,二次元是这样的,0,2,0,2022-07-27 10:25:37,来自北京,1710467722515726,正直旭日wp
7124830866290885379,小编题目的意思你可理解？,0,4,0,2022-07-27 07:44:36,来自北京,5729080773,RS军团
7124143423455642379,什么都变的已盈利为目的了,0,0,0,2022-07-25 11:16:28,来自河北,91946503768,左利爽
7124912064119767842,不知道好坏。反正我没参加过。,0,1,0,2022-07-27 12:58:29,来自广东,6035093966,帅帅16
7123171147423679270,南京南京1937,0,3,0,2022-07-22 20:23:07,来自广东,52561763399,极无聊1
7123124455135806246,主办方到底是谁,1,1398,1,2022-07-22 17:22:19,来自江苏,3284983042540190,朴实铅笔c5
7124834494204904203,支持一分为二的理性对待！,0,3,0,2022-07-27 07:58:45,来自湖北,4455654546216365,花儿9678
7123138556079866654,必须严肃处理,0,8,0,2022-07-22 18:16:43,来自安徽,6515482398,我想种田去
7124829845120860963,现今人人爱钱。,0,4,0,2022-07-27 07:39:48,来自江苏,109494231536,胡老三中国武协会员
7123815621393269545,已注销 B站,0,1,0,2022-07-24 14:03:59,来自广东,109624742356,個亼650
7123163171854074663,能骂人吗？！[发怒][发怒][发怒][发怒],0,5,0,2022-07-22 19:52:17,来自吉林,2790603530,流云随风7447
7124820343793074978,意思是以前有？,0,3,0,2022-07-27 07:03:03,来自四川,1539777044164888,11林12林
7123430370817327907,这个必须有,0,0,0,2022-07-23 13:09:01,来自江苏,2607665095911838,渐行渐老也是一种幸福
7124947381103624963,单纯开心。,0,0,0,2022-07-27 15:16:28,来自河北,153566161682317,斗争和平衡
7124912690573247269,看不懂看不懂,0,1,0,2022-07-27 13:01:39,来自上海,5761971915,看天下1123
7123142729852420872,保洁首先让我想到杨幂,0,1,0,2022-07-22 18:32:58,来自陕西,80512156124,正义凛然豆花mw
7123117114927760142,企业们应该加强ESG经营,0,4,0,2022-07-22 16:53:50,来自四川,923190362905956,易慕怡
7123135291950547747,宝洁那个，不是说有科学根据的吗？,0,2,0,2022-07-22 18:03:39,来自浙江,107987073371,胖子刘富贵
7123489721497535240,南京新国耻,0,1,0,2022-07-23 16:59:19,来自北京,21216316086,2150438457
7123132176552149791,谁赞助的主办方，主办方是谁？,0,1183,2,2022-07-22 17:52:17,来自河南,1653301070014078,用户冷眼观花
7123117312177226531,文化教育要严肃,0,14,0,2022-07-22 16:54:02,来自安徽,3733596975408163,63雁
7123202819276309283,加强审查管制,0,0,0,2022-07-22 22:25:49,来自山东,663726080397212,南山鲁生
7124937796976050985,说实话，是很多人是不了解， 知道后不办，可以理解的,0,0,0,2022-07-27 14:38:31,来自广东,96699150342,研究生月月
7123201239319724800,先是上海 这次是南京 太失望了,0,805,0,2022-07-22 22:19:40,来自天津,3991136006,无心伤害31166068
7124815134329553701,不知道是什么意思。,0,2,0,2022-07-27 06:43:56,来自辽宁,68448569368,北松哥
7123142738744722188,痛彻心扉[伤心][伤心][伤心],0,3,0,2022-07-22 18:33:19,来自重庆,108001089275,谈笑有鸿儒吧
7124928239771992832,夏日 祭！,0,1,0,2022-07-27 14:01:22,来自广东,593360312347499,奇魔猪的小股东
7123122218896786189,主办方是谁？,0,489,0,2022-07-22 17:13:43,来自广东,64046655261,机械设计师1980
7123146163733676814,我来报名！,0,0,0,2022-07-22 18:46:19,来自四川,2798914258,沐沐鑫
7124838005776646926,毒教材的影响显现了,0,11,0,2022-07-27 08:12:03,来自江苏,6754561771,剑锋110933246
7124817852837905164,b.站负责人才是罪魁祸首，没抓？,0,6,0,2022-07-27 06:54:29,来自北京,13583978800,田地在我忄
7123120877071745807,看戏就行，呵呵一下,0,2,0,2022-07-22 17:07:59,来自四川,77489022273,朱朱狭2
7123132685715342119,南京怎么了？怎么都出在南京了？心痛！,0,966,0,2022-07-22 17:54:26,来自新疆,4297089991,板凳006
7123272208885318400,之前谁批准了他们办此活动的？,0,369,0,2022-07-23 03:01:27,来自所罗门群岛,102482255270,来自南太平洋孤岛上
7124838833312645925,没听说还有这个活动[捂脸],0,2,0,2022-07-27 08:15:05,来自北京,91698639641,自若春风fJ
7124956682866279199,文化侵略,1,12,0,2022-07-27 15:52:21,来自浙江,527369926377118,centrestate
7123130827328242466,南京，南京，南京,0,1032,0,2022-07-22 17:46:31,来自新疆,103667189009,壮熊哥
7123130119166067469,南京人现在才发现这个问题的？,0,430,0,2022-07-22 17:44:15,来自湖南,104299599439,天下第一一等
7123257872045441800,南京咋的了？,0,121,0,2022-07-23 02:05:41,来自湖南,67926513015,清新漂流瓶89
7123130685443080975,B站这么多年了，居然还存在,0,1242,0,2022-07-22 17:45:50,来自福建,68838964427,十口文武11
7123122626415395598,严查,0,283,0,2022-07-22 17:15:20,来自河南,3966642311666748,啥都中了还不行吗
7124934483253560078,教科书,0,2,0,2022-07-27 14:26:06,来自广东,2400953002626376,浊酒话影
7123139892267238182,严查严办,0,5,0,2022-07-22 18:22:11,来自河北,104997005758,健健康康幸福快乐
7124926500645978883,好可怕,0,2,0,2022-07-27 13:55:27,来自江西,53194801172,哈哈啦啦哦哦嘻嘻嗯嗯
7123158137913508615,东京吧？,0,1,0,2022-07-22 19:32:49,来自山东,50650508923,斜阳幽草1
7123220282881884935,可怕,0,1,0,2022-07-22 23:34:55,来自山西,2418521252575070,那战旗峥嵘的岁月
7123130778711655179,对,0,42,1,2022-07-22 17:46:51,来自广东,94212285201,幻想天地78
7123404479324078881,事出必有妖！,0,2,0,2022-07-23 11:29:14,来自甘肃,685737860690062,自强不息生活家wo
7123171289640141602,讽刺,0,1,0,2022-07-22 20:23:17,来自广东,1116714337838957,123456789呵呵呵呵呵
7124933208063738637,不知道为什么，你以后搞一些动漫活动，夏天来了，暑假来了，让小朋友们活跃一下也可，为什么非要冠名一个什么夏日祭？事情搞得那么复杂，用中国的元素起名不可以吗？,0,2,0,2022-07-27 14:21:19,来自山东,7422184392,用户名莫名其妙不存在
7124822041966314277,对夏日祭最感兴趣的是青少年，小心文化渗透，取消的好。,0,6,0,2022-07-27 07:10:18,来自山东,84097994077,梅花姐姐
7124815029861712672,动漫展？请问四五线的城市有几个人知道动漫？挂羊头卖狗肉,0,4,0,2022-07-27 06:43:51,来自甘肃,61316220894,小鹿姐姐
7124924903165264640,我在某吧里边发了一个帖子内容是抵制夏日祭，一下子炸出来许多精日二次猿，文化渗透无处不在啊,0,2,0,2022-07-27 13:48:26,来自山西,111287245281,你的温柔是我的全部
7124926423198008094,为什么有这么多地方在同时举办所谓夏日祭，功夫下得不浅那！工作真够深入扎实的！,0,2,0,2022-07-27 13:54:43,来自河北,211521883086472,淡泊虚竹
7124813926407291655,严查夏日祭在中国的主办者，问一问是何居心？,0,8,0,2022-07-27 06:38:58,来自天津,5909955025,路国一
7123129539823928076,主办方一定是想钱想疯了？,0,209,0,2022-07-22 17:42:10,来自河南,101538956094,好歌4352
7124851444280460068,这标题肯定有问题，取消”夏日祭”惹众怒？,0,1,0,2022-07-27 09:03:57,来自河南,4287719570946148,自由大海7N0
7124803420124840704,小编你文章的标题是啥意图？说个明白,1,4,0,2022-07-27 05:57:59,来自北京,62092306300,云端轻盈
7124826918423593742,先有风情街，现在又是夏日祭。这些资本赚钱毫无底线,0,9,0,2022-07-27 07:29:08,来自江苏,50659759277,自信的小鸟儿
7123192437602517800,南京有部分人很健忘啊,0,110,0,2022-07-22 21:45:33,来自北京,57590491303,zhuhexzz
7123160505467962127,谁审核谁负责,0,5,0,2022-07-22 19:41:30,来自江苏,76117756672,ZXL林林
7124827006461608712,标是有误导倾向，看标题以为是取消“夏日祭”惹众怒,0,1,0,2022-07-27 07:29:18,来自江苏,62687516961,林边韬庐
7124807993493324579,政府为什么要批准日本在中国到处举办夏日祭？,0,3,0,2022-07-27 06:15:47,来自浙江,10581192886,狂奔的蜗牛211524191
7124868175258534694,河南的啥时候取消？,0,2,0,2022-07-27 10:07:54,来自河南,5819044259,一心一意蛋糕V5
7124835939238986532,这标题有问题。,0,3,0,2022-07-27 08:03:57,来自广西,4451268732387400,妮妮小阿狸
7123009409330266891,南京人这么木吗？,0,15,0,2022-07-22 09:55:02,来自贵州,92359150388,ZLJ6565
7123132789997961987,一座没有膝盖的城市！,0,12,0,2022-07-22 17:54:39,来自浙江,962762983085389,湖风徐来
7124830622786683686,文化渗透多可怕！！！！,0,10,0,2022-07-27 07:43:45,来自北京,391055120273310,进取帆船D3
7123149888610910984,反惨透刻不容缓！,0,6,0,2022-07-22 19:00:35,来自广东,61793979870,逢耀
7124815420037268231,从来没听过这个活动。今年是怎么了？浮出来一大片汉奸。,0,4,0,2022-07-27 06:45:01,来自吉林,51686964030,刘铁东2
7124806807713202956,南京最让人无语,0,3,0,2022-07-27 06:12:36,来自福建,107996732708,菩提树下285696981
7124902378821993220,多地取消，还有那些地方顶风作案，不知死活,0,3,0,2022-07-27 12:21:38,来自陕西,1222279307728571,小小书童or可笑
7124864091927315237,商家赚钱没底线,0,4,0,2022-07-27 09:52:01,来自江苏,6980260140,打工人一干饭人
7124833278372594469,这个标题太有问题了！,0,2,0,2022-07-27 07:53:36,来自海南,3628393217,壹泰阁ONETiger
7124923478108537614,早干什么去了？,0,1,0,2022-07-27 13:43:15,来自上海,2220651262248635,十字锥
7124839409593615141,欲盖弥彰！,0,4,0,2022-07-27 08:17:34,来自吉林,111142818397,苗不可言
7124807651661873924,商家也是为了刺激销售想破了脑袋,0,2,0,2022-07-27 06:15:44,来自广西,5483246415,沙的声音
7123282963261522729,倭寇现在该心花露放了。,0,0,0,2022-07-23 03:44:09,来自四川,97005523699,万龙6338
7124802094669988638,我就想知道国内哪儿的＂夏日祭＂活动还想搞。,3,59,1,2022-07-27 05:53:36,来自河北,60293717498,躺着的晶体管
7124821056640434948,很诡异，很奇怪，为什么日本的夏日祭的活动，会在中国这么大面积的开展？,2,44,0,2022-07-27 07:06:47,来自吉林,70871092013,人生旅程9291
7124798955262640926,日本的传统节日为何要在中国举办？,1,173,0,2022-07-27 05:41:22,来自黑龙江,50802776283,曾经的曾经426
7123907894521234208,难怪B站那么多学日语的,6,166,0,2022-07-24 20:02:43,来自湖北,50309807990,张芸胭
7123907433319875368,就怕自己人不争气,2,113,0,2022-07-24 20:00:18,来自四川,3205328836,春天8700231
7122997712399975200,这样的活动要有政府部门审批吗？！,1,21,0,2022-07-22 09:10:50,来自广东,8657562451,地上一草
7123783848546566925,国家应该拿出铁血手腕对这些伤害民族感情的一切坏分子严惩！！！,2,524,1,2022-07-24 12:01:11,来自四川,105111595911,幸福帆船GU
7123955668377436966,国家还是要监管起来，这些视频网站的内容，文化有没有问题，得监管啊,1,44,0,2022-07-24 23:08:15,来自北京,101521613934,flora3992
7124215297506771727,什么夏日祭，那时间就是中国的中元节呀，在这个节日，我们应该祭奠我们的英烈才对,1,5,0,2022-07-25 15:54:59,来自山东,2440519208940260,端庄优雅露珠eu
7124072696572822285,这些伤害民族的一切坏人必须严惩！,1,17,0,2022-07-25 06:42:53,来自湖北,73358969343,笑颜如花   牡丹
7124118887469351721,关键是中国的教育系统正确指导和民众的认知，大国国民是要容纳各方精华知识，但是要去其糟粕，守底线不癫狂才是正道啊,1,6,0,2022-07-25 09:40:18,来自贵州,2524130918019735,筑黔人
7123938326427845379,这比战争侵略还要恶劣！[发怒],1,82,0,2022-07-24 22:00:34,来自云南,55991262363,豆子一颗999
7124236472638948099,看来B站也需要国家调查组进驻一下，绝对有猫腻,1,12,0,2022-07-25 17:17:49,来自陕西,7361375293,喵嘞个喵勒个咪的
7124291892518994703,这个也必須深挖，判刑！绝非偶然。主从犯同罪，斩立决！[发怒],6,177,1,2022-07-25 20:51:57,来自广东,1390235289133213,草原银河夜
7124076520481571615,现在全国各地都有很多日料店,2,1,0,2022-07-25 06:57:06,来自天津,99368868606,灵敏蜻蜓Co
7123909852393014031,国家应该拿出铁血手腕对这些伤害民族感情的一切坏分子严惩！！！[发怒][发怒][发怒][发怒],1,56,0,2022-07-24 20:09:36,来自陕西,104815934087,第一缕晨晖
7124189185896612643,索尼公司曾经为B站注资。,1,1,0,2022-07-25 14:13:43,来自河北,2757200542708763,随风而去志存高远
7124914263080731396,到此为止了？不追查举办方？,5,68,0,2022-07-27 13:08:09,来自江西,110949668708,信修而慕
7123939551273878287,枣庄德州都取消了,1,16,0,2022-07-24 22:04:45,来自山东,54238370456,胡小串
7125024199206830889,严查幕后操纵者！,1,3,1,2022-07-27 20:13:42,来自重庆,3817976175789787,机智的百香果d9
7125028311977394984,如果真有此事彻查，严惩！如果没有也无需自乱阵脚。记住: 故意挑起民众猜忌，引诱民众相互诋毁也是敌对势力侵略的一种手段。,0,3,0,2022-07-27 20:29:33,来自江西,59271817419,剑邑老叟
7123907761657905952,居然这么嚣张,1,21,0,2022-07-24 20:01:58,来自湖北,50309807990,张芸胭
7123938003755500318,我昨天刚刚删除哔哩哔哩,4,35,1,2022-07-24 21:58:53,来自广东,3238296504,百年千岁莫沧桑
7124829457722196748,这标题是表达抵制、取消“夏日祭”被众怒？如此表述是否有问题？,2,22,0,2022-07-27 07:39:23,来自广东,3122914368,yicom
7124880335719891753,中国好几个节日有祭祀，社日祭祖，清明祭祖，十月一祭祖，除夕祭祖，商家为何要搞日本的祭祀？中国的传统文化需要发掘和传承，敬花，烧纸钱，上供，酹酒，敬天敬地敬神敬祖，好多元素。,2,26,0,2022-07-27 10:55:22,来自山东,3547547943,一溜烟慢跑
7124440107046077225,奇怪的现象:允许夏日祭，却不允许过年放鞭炮？？？？,1,13,0,2022-07-26 06:27:53,来自山东,3808334943618350,马小明001
7124287529679373090,南京，除了“吴啊萍”、“夏日祭”之外，还有什么？！,1,22,0,2022-07-25 20:35:04,来自上海,5441272658,上中海
7124911558282543913,多办点国风展,3,36,1,2022-07-27 12:56:27,来自河南,1257450645235741,1嗯ratfish
7124293472479281955,就一个道歉了得？深挖重判才行,0,25,2,2022-07-25 20:57:56,来自河南,2176669001712995,踏花马蹄香520
7123823377424646950,国家应该拿出铁血手腕对这些伤害民族感情的一切坏分子严惩！！！,1,43,0,2022-07-24 14:34:55,来自四川,50596697084,蓦然回首161935396
7124010341343904519,日子倒是挺会挑，好多731，特意赶在815日本投降日前一天结束[看],1,12,0,2022-07-25 02:49:44,来自湖北,83508011557,YET
7124863563059659561,我普通人，一开始也不知道是啥夏日祭，只知道是日本节日[酷拽],0,12,0,2022-07-27 09:50:06,来自广东,3043476480,蔡蔡
7123912316756296487,你们看看这些城市连起来，像不像他们的地图，,1,30,0,2022-07-24 20:19:53,来自山东,6730282921,无忧的面包
7123808060870673166,"感谢我们的祖国吧，尽管是藏污纳垢似的海纳百川，但至少什么样的人都能有生存土壤。
我无法想象假如德国的“谢肉节”、“狂欢日”跑去奥斯维辛集中营旧址搞庆祝活动，犹太人世界将有多么的震怒，他们集合起来是真的能灭国的！哪怕德国现如今是最发达西方国家行列！",2,54,1,2022-07-24 13:34:48,来自湖南,64346562126,苍白武力
7124046613068382976,关键这种文化侵害首当其冲是害了我们的孩子，用心极其险恶。,1,7,0,2022-07-25 05:02:38,来自广西,3802931922,LEE的设计工作室
7123988855698981664,这是对中国人民明目张胆的侮辱，罪大恶极，绝不饶恕。,1,10,0,2022-07-25 01:22:02,来自河南,3232165763228781,紫气东来日东升
7123917663482479395,应该对这些罔顾历史事实，不断伤害国人民族感情的人严惩不贷！深挖其背后的资本势力！,0,40,0,2022-07-24 20:39:33,来自黑龙江,25987149726927,奋发乔伊7U3
7124161988112450344,这就是资本的力量，这就是资本家的真面目！,1,2,0,2022-07-25 12:27:54,来自江苏,51553432138,苏北著名起夜家
7123840489367061285,夏日祭举办城市连起来是日本的地图。,3,102,1,2022-07-24 15:40:31,来自山东,4173375158625880,三疯侃天下
7124904933765940009,没有承办之前没有人会承认，不过，现在肯定不会同意办了。,3,59,0,2022-07-27 12:31:00,来自江西,6457491760,我的天啊多好
7124295756378833678,从快严查重判组织者,0,15,0,2022-07-25 21:07:21,来自河南,5836035918,张毅67360166
7124922479138898724,上次新余，这次鹰潭，又是江西。,2,20,0,2022-07-27 13:39:36,来自江西,2858330797383693,灵敏帆船fu
7123730257546887976,他后面是什么人，资本是哪里的,2,169,0,2022-07-24 08:32:50,来自安徽,1530950235206791,红尘旋风ykk
7123882209161069350,那个，b站现在已经不是陈瑞了啊，陈睿已经被企鹅踢走了，现在是企鹅的人一个女⭕在管,2,12,1,2022-07-24 18:23:04,来自四川,4934358556,姫远子
7123959254146417449,严查陈睿！,1,10,0,2022-07-24 23:21:25,来自四川,63021972167,博学多才的海洋ML
7124605940041237283,严惩不贷，到底谁别有用心！,0,2,0,2022-07-26 17:10:51,来自上海,6897473874,旺湘秋兰
7123910463221416712,夏日祭，祭祀啥？,1,6,0,2022-07-24 20:11:58,来自四川,91674732843,大善网
7124911653032330020,揪住幕后推动者，严惩,0,75,0,2022-07-27 12:57:32,来自江西,106673766288,fh海阔
7124278304643351331,南京！南京！南京！,0,19,0,2022-07-25 19:59:21,来自贵州,105782068963,老刘姥姥二号
7124189264665346816,请关注B站的投资背景。,1,1,0,2022-07-25 14:13:52,来自河北,2757200542708763,随风而去志存高远
7123099846672286504,更令人震惊的是刚看到新闻，南京一寺庙供奉有日本战犯牌位！,0,10,0,2022-07-22 15:46:19,来自山东,81439533979,幻想故事汇
7124824990105125662,我们的清明节 中元节都是祭祀日 为什么还弄一个夏日祭？,0,70,0,2022-07-27 07:21:46,来自北京,104743130792,亦久依舊697
7123732739714827043,已经申请注销了,8,123,0,2022-07-24 08:42:15,来自山东,6586158460,率真苹果LX
7123939718257296163,B站很多视频都是崇仰日本文化，我也不太懂那些番剧、动漫啥的，还有直播的主播也是日本风格，二次元？好像是这么个意思吧，当时B站火了的时候还用过几次，看看游戏攻略啥的。,1,4,0,2022-07-24 22:05:20,来自湖南,4404386120,赵哥依旧威武
7124909045353382696,都是没缴纳费用，说明这些人知道此活动风险大，有违公序良俗。足以证明这是有组织有目的的文化污染活动。,0,56,0,2022-07-27 12:46:46,来自江西,109606861251,再谱一曲
7123896001064862472,同胞们勿忘国耻！牢记使命！！坚苦奋斗！振兴我大中华！实现伟大复兴！！。[加油][加油][加油],1,36,1,2022-07-24 19:16:33,来自重庆,5815872886,追梦66262632
7124921288661041957,做漫展我不反对，非要取个名叫夏日祭？？？[抠鼻],0,7,0,2022-07-27 13:34:50,来自上海,6381849035,DMC新手
7124784372343210752,觉醒的年代，必须要牢记苦难，捍卫民族的自信与尊严,1,133,0,2022-07-27 04:46:12,来自广东,58062316366,建林152895112
7123861811543360264,我从来不看B站，但从本文可以推知。,1,20,0,2022-07-24 17:03:21,来自江苏,82175280662,聊发少年狂2019
7124290378055861032,这个活动是否有审批，如果有，应严查审批。,0,21,0,2022-07-25 20:45:51,来自河北,54585825046,舞
7123092949583643407,爱国教育是我国教育的根基，必须重视，绝不能放松！,0,8,0,2022-07-22 15:19:37,来自湖南,430655202922888,开朗西柚y3
7123966198114534175,铭记历史！勿忘国耻！不要忘了千千万万抛头颅洒热血的英雄烈士啊！,1,2,0,2022-07-24 23:49:29,来自河北,92327370633,儒亿夫
7124932182602793732,顺藤摸瓜，一查到底，依法严惩不贷，绝不手软！,0,10,0,2022-07-27 14:17:38,来自江西,99901955165,徐小然492
7124962752850264870,如果在革命老区江西举办什么夏日祭那就是天大的讽刺，这次给江西点赞[赞][赞][赞],0,2,0,2022-07-27 16:16:11,,1750019979871384,就是闲的没事干
7124004704182928135,从娃娃的爱国教育抓起,1,2,0,2022-07-25 02:26:48,来自河北,104640759638,娲皇铁骥龙卫
7124944824947737359,深挖，谁联系的？,2,9,0,2022-07-27 15:05:50,来自江西,3460868058650397,云下阿某
7124821567296832267,夏日祭为何惹众怒？！因是严重文化渗透！,0,561,0,2022-07-27 07:09:04,来自江苏,111021407403,梦幻星空yl
7123806502640943902,谁批准的[抠鼻],4,26,0,2022-07-24 13:28:47,来自河南,51334139612,奉献TJ
7125043650115044108,注意:都是以动漫节名目出现，最终实现“夏日祭”,0,4,0,2022-07-27 21:29:39,来自江西,59695505508,阿辉178828461
7123912114997658368,@陈睿 怎么回事？[震惊][震惊][震惊],1,2,0,2022-07-24 20:18:13,来自四川,81029167888,勇敢的心
7123570473908552482,铭记历史！勿忘国耻！,3,316,1,2022-07-23 22:12:30,来自广东,417421456584019,木匠杨多
7124821704949891878,怪我孤若我寡闻，第一次听说夏日祭。,0,9,0,2022-07-27 07:09:49,来自浙江,5894335747,才高八斗饭团Zh
7123929913488605992,我个人从不看b站，但身边朋友同事都有看而且沉迷，上面都是动漫和日本文化，对中国年轻人渗透严重,1,3,0,2022-07-24 21:27:10,来自江苏,61495828790,梦回老家阴山下
7123969999076639521,找出始作俑者！必须的杀一儆百！,1,2,0,2022-07-25 00:05:30,来自河北,25494659375,男儿当自强165687513
7123905116281258756,海纳百川，该按个滤清器不能藏污纳垢，还我们华夏大地的晴丽文明,1,8,0,2022-07-24 19:51:53,来自北京,82490698814,正义凛然豆花lO
7124944475067253536,商人无国界,1,5,0,2022-07-27 15:05:13,来自北京,105201942143,烟雨蒙蒙曦江南
7124281754676527886,南京，你怎么了？！,0,13,0,2022-07-25 20:13:06,来自浙江,9160482521,二大王3
7124905992160051999,无风不起浪，打死也不会承认的，现在商家为了利益真该擦亮眼睛,1,23,1,2022-07-27 12:35:21,来自江西,105232339738,华仔jx
7123894545267999502,为什么在日本不能举行中国文化传播？,1,7,0,2022-07-24 19:10:42,来自江西,50296641101,石头1688
7123901636884333344,资产充公，人判刑入狱,1,14,0,2022-07-24 19:38:28,来自河北,210704453089773,喜庆的火车iN
7124170208214270723,B站下载看了几天就删了，啥二次元，亲日内容接受不了，真的是老了。,1,1,0,2022-07-25 13:00:25,来自河南,77554464351,马路牙子擦擦擦
7123892421129913091,23号攀枝花，24号枣庄和新沂的是否如期举行？,1,6,0,2022-07-24 19:02:57,来自重庆,52382716189,自在邋遢大汉
7123929784022860555,这是明目张胆的打国人的脸啊,1,6,0,2022-07-24 21:27:16,,395423271106125,天空飘落的人
7123922780575613703,B站是不是从二次元动漫发展起来的？二次元动漫的起源是哪里？,1,1,0,2022-07-24 20:59:50,来自吉林,3698593803,新雪初霁03
7123902714308100897,这样的视频网站为什么可以堂而皇之的存在？,1,8,0,2022-07-24 19:42:29,,58845924265,小曾一枚
7123825323259183872,B站注销成功,2,31,0,2022-07-24 14:41:48,来自宁夏,6126014662,山颠之南
7123903633028023077,问题是，这样的人，这样的公司，活得那么滋润？[发怒][发怒][发怒][发怒][发怒],1,6,0,2022-07-24 19:45:36,来自广西,76671421520,几点结束那些5s
7123797832112849667,我个人从不看b站，但身边朋友同事都有看而且沉迷，上面都是动漫和日本文化，对中国年轻人渗透严重,1,53,1,2022-07-24 12:55:40,来自上海,2890532561,蔚蓝鲲鹏superblue
7124440309127988008,奇怪的现象:允许夏日祭，却不允许过年放鞭炮？？？？,0,4,0,2022-07-26 06:28:53,来自山东,23669219850,西湖之水天上来
7125051783958758144,不可以从电话号码顺藤摸瓜找出幕后组织者吗？,0,0,0,2022-07-27 22:00:46,来自江西,2625284906170428,醉咖啡
7123929844978860811,有谁知道陈卢睿欲B站北后的投资人？,1,2,0,2022-07-24 21:27:39,来自上海,4584691946,无语119
7123920328153727755,B站是不是需要查一查了？,1,3,0,2022-07-24 20:50:48,来自河南,3354748153,羊年喜气洋洋2015888
7123947374799536935,国安此时不出手更待何时,1,3,0,2022-07-24 22:35:35,来自江苏,106261445489,星宿老仙丁春秋
7123839048980169506,国安应该好好查下这个,1,12,0,2022-07-24 15:34:45,来自陕西,3197013984806574,青云9347
7125009109941846791,那个举办方查出来没有？什么公司？什么动机？,0,1,0,2022-07-27 19:15:22,来自浙江,3446723201,南方星辰a
7123873246428676871,我都懒得再下载一遍去注销账号了，反正除了第一次好奇上去看了一下，也从来不登录，对里面的东西不感冒,1,2,0,2022-07-24 17:48:02,来自重庆,76162996499,CaesarZY86
7123887946717365027,希望能国家立法,1,7,0,2022-07-24 18:44:39,来自安徽,18757859847,子勤7
7124980763254539020,对电话咨询者严密监控，防止他们再作恶。,0,2,0,2022-07-27 17:26:00,来自山东,50314884067,善心善念善举
7124886884044243753,就像前几年圣诞节被炒得炙手可热一样，炒作夏日祭也是商家谋财趋利的一种手段。,0,8,1,2022-07-27 11:21:04,来自江西,53197738208,明月松间叫
7123054673946821417,为什么一定是日本？！？,0,4,0,2022-07-22 12:50:59,来自广东,102364310660,天宇莹心
7124657885828793129,一定要严查主办方，不然还会有下次[发怒][发怒][发怒][发怒][发怒],0,3,0,2022-07-26 20:32:05,来自福建,104948329792,爱我中华9tfy
7124371278672872226,B站本来就有日资背景。,0,6,0,2022-07-26 02:05:14,来自贵州,5799192894,爷爷爸爸
7124810684916843299,永远不能勿忘国耻！,2,14,0,2022-07-27 06:25:47,来自海南,100667923263,升挂云帆济沧海
7124971192813372164,这是什么人老是申请？,1,0,0,2022-07-27 16:48:55,来自河北,65960915533,晨风199285036
7123924998347391775,还好不来湖南[发怒],1,1,0,2022-07-24 21:08:33,来自湖南,4388844190053400,亚德里恩
7123836707413623567,蒙古上单：陈睿，你_什么时候_啊,1,3,0,2022-07-24 15:25:42,来自江苏,65093364817,RonJeruot
7124954994344444679,鹰潭火车站那有这样的酒店吗？没有听说过这酒店,0,0,0,2022-07-27 15:45:59,来自江西,105603501586,老刀不老的刀
7123827256446911263,老夫孤陋寡闻第一次听说B站,1,16,0,2022-07-24 14:49:24,来自安徽,5803821332,辉哥65715332
7123878208504251149,据说这些城市连线一起是日本🇯🇵地图,1,5,0,2022-07-24 18:07:31,来自河北,53335379998,渔舟唱晚思乡音
7123883833632113448,B站一直吸引的就是青少年,1,6,0,2022-07-24 18:28:50,来自安徽,105146159026,执着的生活家s9
7123882008228971279,国家相关机关应该严查。,1,5,0,2022-07-24 18:21:40,来自辽宁,3765185725073452,高冷饼干mZ
7123927177393062667,为什么要办？！,1,1,0,2022-07-24 21:17:11,来自云南,4399283667,没难杜
7123899299083141921,我们河南固始和永城？？？,1,1,0,2022-07-24 19:29:13,来自河南,102196957461,楚楚可怜的马桶刷
7123932297857893132,弱弱的问一句，民富就一定能国强吗？,0,1,0,2022-07-24 21:36:57,来自山东,3685163114957181,平福z
7124940606408852224,既要宣传爱国主义教育，也需要普及中国传统文化，中国人要有中国人的灵魂,0,1,0,2022-07-27 14:49:28,来自辽宁,2947130687239448,小虫4531096010515
7123892557142229775,该严查，决不放过,1,3,0,2022-07-24 19:02:28,来自广西,8280025749,雨中漫步tyj
7124989303180591912,谁主办的？没查到吗？[what][what][what],0,1,0,2022-07-27 17:58:32,来自四川,2080708757293615,高级咖啡he
7124220180103889702,的却不对劲，你说举办全大城市，还靠谱，看看这些地点明显有目的选择哈,1,1,0,2022-07-25 16:14:26,来自江苏,84845859883,秋风思流年
7124472848487678750,支持楼主，凡是跟中国和中国人作对的，必须一查到底。,0,4,0,2022-07-26 08:34:55,来自浙江,1785208388453035,讳疾忌医的武汉版
7123888799087903500,国安要行动了！,1,4,0,2022-07-24 18:48:45,来自广东,5681826086,囍聞
7123918628101571328,注销账号，删除软件,1,1,0,2022-07-24 20:43:31,来自河北,3965002313,淡黄柳
7123925640293745449,公安局报案,1,2,0,2022-07-24 21:10:33,来自上海,2181049310516143,交易员路亚
7123871830326772493,注销了已经,1,3,0,2022-07-24 17:42:31,来自河北,4143390745428992,v1沙雕动画
7123901543744586499,国人不是争先恐后上B站吗？,0,1,0,2022-07-24 19:38:01,来自江苏,20444426785,三月江南美
7124904106459677452,我们的清明节 中元节都是祭祀日 为什么还弄一个夏日祭？,0,23,0,2022-07-27 12:28:15,来自江西,77246616085,民娜888
7123835310991409923,B站的app一直没下载过,1,11,0,2022-07-24 15:21:01,来自四川,5744204212,jayzxy1024
7123947258567312164,[抠鼻]，还好吧。我们唐朝时本来就有夏日祭。南方还保留的中元祭就是对照传到日本的夏日祭。,0,1,2,2022-07-24 22:35:08,来自福建,6335610410,Truelove中国
7123802140157903653,大理的已经拒绝办了,1,16,0,2022-07-24 13:12:05,来自云南,52282659261,陈永华37
7124111532446712587,看看B站的股份构成，第五纵队很够。,1,1,0,2022-07-25 09:12:40,来自江西,5796562799,挣扎渴盼
7123845306135151391,江西省新余市没有举办计划。新余市已经发通知了,1,3,0,2022-07-24 15:59:21,来自浙江,857260344746718,清雪无霜
7123918355102778123,B站已卸载多时,1,1,0,2022-07-24 20:43:08,来自浙江,69314888186,愚人大叔
7123957633874346787,越挖越深，真相也会更接近，继续挖,1,1,0,2022-07-24 23:15:09,来自广东,435037390516461,探道好渊玄
7123802097141072680,是时候卸载注销了,1,14,0,2022-07-24 13:11:22,来自浙江,3291634385,水玥镜花
7123884462890451749,好好调查一下吧,1,1,0,2022-07-24 18:31:25,来自辽宁,66043409502,李小萌的分享日记
7124837041661805316,忘记历史那是耻辱，让他人赤裸裸羞辱我们中国人，不要为了一点点的利益，而放弃自己的尊严！,0,240,0,2022-07-27 08:08:53,来自广东,92893267237,意无限
7124140633052611343,办活动都得申报申请，谁给他们审批通过的？,1,1,0,2022-07-25 11:05:07,来自北京,88285776970,神明的微笑
7124193183991071523,感觉B站的信息不健康！孩子很容易被带偏！,1,1,0,2022-07-25 14:29:15,来自贵州,105067109720,树下一壶茶
7123874647045030659,从来不用b站,1,1,0,2022-07-24 17:53:52,来自上海,3767620017,夏天的风微醺
7123842481347003166,蒙古上单何在,1,1,0,2022-07-24 15:48:14,来自陕西,68614983428,韩璋z
7124961732879500069,这是在挑战国人感情的底线啊！！！,0,0,0,2022-07-27 16:11:54,来自河北,110334448270,聪颖柑桔52
7124122867197461256,这可以国安出手了,1,1,0,2022-07-25 09:55:48,来自浙江,2829543318,淹死的鱼27541571
7124070426283803407,这是文化侵略！,1,1,0,2022-07-25 06:33:07,来自辽宁,5231685216,坦荡的远山g
7124996874465035021,这些解释都没关系，关健是主办方是谁，一个都没说！怪哉！,0,7,0,2022-07-27 18:28:05,来自浙江,5942711604,遹山人
7123768197853152032,你办你的，我注销我的,1,11,0,2022-07-24 11:00:25,来自浙江,6981501328,时若石
7123946739568460579,江苏省考试院出来说明一下：为什么高考越来越多的学生选择考日语，据说是因为日语高考简单。,1,1,0,2022-07-24 22:32:48,来自江苏,75926621252,浪静
7124242635111269127,？？？！！！千奇百怪,1,1,0,2022-07-25 17:41:18,来自四川,4634506332,DU8989
7123824941791134499,压根就没看过B站[大笑],1,6,0,2022-07-24 14:40:11,来自广东,58267503385,空罐汽水
7123941441751155493,底线被资本吃掉了,1,1,0,2022-07-24 22:12:29,来自福建,59947320001,0075418
7123940610906014496,丧心病狂，当决！,1,2,0,2022-07-24 22:09:31,来自吉林,6485471669,嗨喽戈喔
7124285770672374567,看清楚这才是主谋,1,1,0,2022-07-25 20:28:52,来自新疆,56847532326,周诚588
7123835711534465796,b站卖什么的？,1,16,0,2022-07-24 15:22:36,来自辽宁,85894761951,蚂蟥俩虫
7124762768947446566,严查主办人，法办！,0,1,0,2022-07-27 03:35:16,来自广东,369900761123470,上进的百灵鸟EX
7123973466944520995,铁腕惩戒，以正国法,1,1,0,2022-07-25 00:17:41,来自甘肃,102552957900,善解人意花开其果
7123931342232060712,看到这个后，和丫头商量了一下，（丫头初三，B站是她在我手机上下载的），立马卸载了B站,1,1,0,2022-07-24 21:32:42,来自湖北,80601792643,飘走V9r0
7123935165407150879,B站什么意思？,1,1,0,2022-07-24 21:47:53,来自重庆,1292647879938504,潇湘玉郎
7124062257654448910,其心可诛！,1,1,0,2022-07-25 06:02:12,来自黑龙江,52046099326,王二小放牛1976
7124510121036268324,这个也必須深挖，判刑！绝非偶然。主从犯同罪，斩立决！,0,1,0,2022-07-26 10:59:23,来自山西,50765970278,奋发梦想家gi
7123932173463192358,要B站深挖细查,1,1,0,2022-07-24 21:36:22,来自河南,2234629110900173,热情的雪梨T4
7123932900303110949,从来没有看过B站,1,1,0,2022-07-24 21:39:17,来自河南,1820421153368439,嗯罗代码
7123830424685544232,鼠鼠我啊，最喜欢钱了,1,1,0,2022-07-24 15:01:13,来自四川,3805921144,已经被注册问号脸请换一个
7123972875061019430,抓了这个人,1,2,0,2022-07-25 00:17:11,来自云南,61500121724,仁爱喜鹊jY
7124482272430195469,为什么我小的时候没这些事！,0,3,0,2022-07-26 09:11:19,来自北京,3765803674,微笑金桔O
7123928399613346572,险恶用心！,1,2,0,2022-07-24 21:21:54,来自江苏,1226705589780295,老纪闲谈
7123904755063259917,B站里面绝大多数的内容存在文化渗透，尤其日本这块的～里面很多的n次元，动漫等的侵蚀～这已经不是一年半载的时间侵蚀了。。。文化的渗透真是无处不在，防不胜防,0,4,0,2022-07-24 19:50:10,来自安徽,95887746158,一叶Newshow
7123803505093001987,这个时候要邀请蒙古上单出场,1,1,0,2022-07-24 13:17:24,来自广东,6902303190,李大麻瓜
7123939273803399944,居然有我们市,1,1,0,2022-07-24 22:03:46,来自北京,7018677513,锦程无限
7123778424862950183,山东他敢来吗？？？,5,3,2,2022-07-24 11:40:37,来自山东,3830715560,一冬瓜
7123836743383679744,严查严惩！！！,1,2,0,2022-07-24 15:25:51,来自吉林,110391419127,单纯溪流vY
7124857605360993057,弘扬正能抵制歪风邪气,0,23,0,2022-07-27 09:28:11,来自广东,5970233150,亦然品轶
7123960213296038696,已经申请注销,1,1,0,2022-07-24 23:25:19,来自山东,5950866099,歌声树下
7123934302399628065,是谁同意的？,1,1,0,2022-07-24 21:44:45,来自广东,62994366382,姓周的大叔
7123958095596077827,除恶务尽，任重道远,1,1,0,2022-07-24 23:17:52,来自四川,87096445083,人生
7123948432616162052,必须要严打了,1,1,0,2022-07-24 22:40:10,来自山东,68269214368,阳光生活会
7124102370203796228,从不玩哔站,1,1,0,2022-07-25 08:37:40,来自吉林,6192564028,neverforget81878909
7125047678324802336,鹰潭市做的好[赞][赞],0,0,0,2022-07-27 21:45:20,来自江西,1019990469253779,不凡的梦幻梦想
7124928360840889119,战争从未停止，只是换了一种形式一直存在,0,22,1,2022-07-27 14:02:33,来自北京,4017943908,Magic小妖
7123949903424209698,司马昭之心,1,1,0,2022-07-24 22:45:02,来自浙江,6262884436,坚持到后天
7123926765910868747,B站，真是b,1,1,0,2022-07-24 21:15:33,来自河北,111285873136,流水寒亭
7123821290674324227,B站是皇协站也不是一天两天了。,1,13,0,2022-07-24 14:26:31,来自广西,3981707301,ChenYaYa先森
7123826902829449998,夏日祭是啥意思啊，B站是啥东西啊。,0,5,0,2022-07-24 14:48:09,来自山东,50127475826,尚1252051
7124949611688641315,相当一部分人确实不知道夏日祭的含义，甚至只是以为是有商家趁着夏天搞活动而已，这也正常，该取消的取消就完了，没必要过于针对。但对于幕后的黑手不能放过！！,0,1,0,2022-07-27 15:24:26,来自山东,4217318789617950,拂晓黎明日出东方
7123866704492872479,b站是靠日本动漫和相关二次元文化起来的，也是国内该领域受众的大本营。,0,2,0,2022-07-24 17:22:36,来自贵州,2964368945,是藥三分毒
7124874084408132392,抵制是应该的，但不是是更应该查查谁主办这个活动？,2,39,0,2022-07-27 10:30:50,来自四川,61118517069,一叶一菩提9232
7124581931085316904,强烈要求B站道歉,0,1,0,2022-07-26 15:37:27,来自云南,106491223346,龍之杰假期签证家
7124499758332953356,怎么可能没有审批？贴个广告都要审批,0,2,0,2022-07-26 10:18:17,来自四川,62833382796,旅途194974187
7123839516947202816,希望大家多多向相关部门举报。,1,2,0,2022-07-24 15:36:46,来自江苏,4315499212,虎虎嗅蔷薇
7125038460955542283,这波虽然是负面新闻。但是B站也确确实实被更多人知道了[我想静静],0,0,0,2022-07-27 21:09:29,来自云南,104250813724,青瓷雅居
7125048234657350433,彻底严查吧,0,0,0,2022-07-27 21:47:29,来自广东,3179417336548903,凡人流水
7124958479135392527,为鹰潭政府点赞！伤害民族感情的事情咱江西不能做！,0,1,0,2022-07-27 15:58:54,来自江西,88172007903,秦吏2018
7123913487844705039,关键是有人批准，有人捧场，有人参加。你参加过吗？,0,2,0,2022-07-24 20:23:26,来自河北,6621248847,王歌W
7124993270710698786,给我大鹰文旅点赞👍🏻,0,0,0,2022-07-27 18:13:49,来自江西,52148444428,传说外的刘老师1
7124913680004793092,听说枣庄改名又开了[打脸],0,5,1,2022-07-27 13:05:22,来自山东,2973733610,噶你小亚吧
7125033323126194980,深挖三尺也要刨干净,0,1,0,2022-07-27 20:49:12,来自河南,5802418949,堕落在头条
7123108309779219230,意识形态这块阵地，到了该拿出铁腕、出重拳的时候了！,0,78,0,2022-07-22 16:19:25,来自天津,53264384535,lyy185066301
7125003811676291881,经济建设为中心，流水少了……,0,0,0,2022-07-27 18:54:35,来自广西,5768357202,第五十七号猪肉摊摊主
7123697598619353864,吓我一跳我以为奥特曼又要躺枪了，原来是自己作的，虽然不是特别喜欢奥特曼,1,4,2,2022-07-24 06:26:43,来自山东,61297835515,儒雅冰淇淋Y
7124955578757514016,跟风不反对，但别什么风都跟。,0,6,0,2022-07-27 15:48:27,来自广东,52062908989,暴躁的键仙
7124912734214767391,彻查、严打内鬼！,0,14,0,2022-07-27 13:01:39,来自河南,76856460144,热情的阳光wm
7125038290604409607,今年这是怎么了？都搞这个东西，幕后推手？,0,0,0,2022-07-27 21:08:39,来自河北,101734879501,问道808
7123924203908596480,只要有利啥事都干，在中国不是这样的吗？不接受反驳！,0,2,0,2022-07-24 21:05:07,来自江苏,5413597241,祥子53376532
7124817744046539528,标题有问题，差个字，意思就完全不同了。,0,10,0,2022-07-27 06:53:54,来自重庆,58967030565,逆江上行
7123840343497491239,夏日祭是啥？,0,1,0,2022-07-24 15:40:16,来自浙江,6966825223,茶叶默
7124960881469244171,应该联合国安去查,0,1,0,2022-07-27 16:08:55,来自江西,51289029224,请不要怀疑我的昵称有十六个字好吗
7123141935966995200,看了以后，后背一股凉气。,0,3,0,2022-07-22 18:29:30,来自吉林,103605636556,天天开心的风轻云淡
7124523782945588004,参加的都是些什么人？,0,0,0,2022-07-26 11:52:39,来自江西,111298785927,浪头的云帆
7124712219031700231,B站的大股东有阿里巴巴丶腾讯,0,0,0,2022-07-27 00:05:16,来自贵州,110061400405,Jing老者
7124904212365837068,历朝历代文人与商人为了利益买国求荣的例子笔笔皆是。,0,9,1,2022-07-27 12:28:32,来自河南,6726008815,无意敲钟钟自鸣
7123877887539233570,被渗透的太厉害了！,0,3,0,2022-07-24 18:05:39,来自山东,100642037199,身似1浮萍
7124829479712654115,新闻标题是病句。。。。。,0,10,0,2022-07-27 07:38:13,来自云南,82956473268,那一菜的风情
7123844429848970014,什么是B站？夏日祭又是什么,0,1,0,2022-07-24 15:56:04,来自广东,52433861663,嘻哈人生16049
7123228544083313419,南京！南京！,0,5,0,2022-07-23 00:07:35,来自四川,5816681496,阿兵66303582
7125070080307790599,彻查严禁。,0,0,0,2022-07-27 23:12:28,来自江西,50692328095,老超58
7124852187163067144,这个陈睿。。。,0,0,0,2022-07-27 09:06:58,来自江西,3611223653366600,编号8554248816375861
7123112808694481672,原来是这个b站。,0,3,0,2022-07-22 16:36:43,来自山西,109083950480,精神病疾控中心王主任
7125006850194162462,唉南京真是…不知该说什么好[酷拽][酷拽][酷拽],0,0,0,2022-07-27 19:07:15,来自上海,3063635644,你说不规范就不规范
7124969985109459744,彻查，严打内鬼。这是有组织的。,0,2,0,2022-07-27 16:44:11,来自湖北,20348270081,18507257456
7125011580618081037,严查主办方，会有发现,0,0,0,2022-07-27 19:25:28,来自河南,5425438433,九丫e
7123979493631034146,我觉得换个老板吧[呲牙],0,1,0,2022-07-25 00:41:48,来自广东,1943582380403438,肖申克的洛克塔
7125050848115213090,哪里是取消惹众怒，而是不取消才惹众怒。,0,0,0,2022-07-27 21:57:02,来自江苏,97556666632,千山万水4383
7123310495025185536,南京，南京！,0,2,0,2022-07-23 05:25:28,来自吉布提,80812130426,云中浪4435
7123909051620639529,水能载舟也能覆舟,0,1,0,2022-07-24 20:06:24,来自海南,17802284795,阿乐兄
7123846905582519054,南充的兄弟姐妹们，看你们的了,0,1,0,2022-07-24 16:05:47,来自新疆,76631937590,阿宽141
7125069085582328590,清明节，端午节都没见他们这么积极。[抠鼻],0,0,0,2022-07-27 23:08:34,来自浙江,102373254814,财大仙儿
7123860710698025767,如果这都可以，何谈国？,0,2,0,2022-07-24 16:59:50,来自广东,50100890229,上乙山人
7125048169167340292,次元纪和夏日祭有啥区别,0,0,0,2022-07-27 21:47:03,来自山东,4196214321719256,曾经的你XM
7123867743404933929,有钱就飘，就不认自己祖宗！这种人一定要查！,1,6,0,2022-07-24 17:26:05,来自福建,5844850650,幸先生的闲聊
7125064795115520809,可笑可悲，还是在南京！,0,0,0,2022-07-27 22:51:18,来自北京,3032192621,喔哇咔
7123812901026349859,是这样嘛？,0,4,0,2022-07-24 13:53:20,来自江西,85191441456,斩风6666
7125068338509955880,这个局的作态值得点赞！,0,0,0,2022-07-27 23:05:20,来自四川,58243545633,进取山丘Sy
7124946119305822980,标题不合适。,0,1,0,2022-07-27 15:11:42,来自河南,3460852990613933,优美小鱼hW
7125062215765639976,这可不是什么个例问题了，更像是有组织有统一部署的。,0,0,0,2022-07-27 22:41:22,来自河南,7952924017,平凡的道之道
7124026563439723300,南京是怎么了？,0,13,0,2022-07-25 03:52:08,来自浙江,4037035600,make小叶子
7125054045798236969,那家伙留了名片或其他联系方式？,0,0,0,2022-07-27 22:09:26,来自江西,58325468290,土豆大炮哥
7123800972760974117,他要负什么责任？,0,2,0,2022-07-24 13:07:07,来自广东,69955779334,simon3366515
7124914718825415456,江西这么多？,0,3,0,2022-07-27 13:09:54,来自江西,97562947429,CABF494
7123887249398973220,下一个滴滴,1,1,0,2022-07-24 18:42:19,来自上海,82558218006,活泼钢琴
7125010256505307944,嗯，不了解。。。,0,0,0,2022-07-27 19:19:38,来自四川,52068418384,爱踢球的雨果
7123332623279276800,南京南京！！！！！！,0,88,0,2022-07-23 06:49:54,来自贵州,108467319724,贵之行8881
7124911251695928071,类似的事一天两天了吗？,0,4,1,2022-07-27 12:55:51,来自黑龙江,4354020695,力工老陈
7125001958511133440,还得找源头是正确的。,0,0,0,2022-07-27 18:47:27,来自山东,3664323953,相识无由
7124981451501617928,看到这个，作为一个江西人感到很是痛心,0,0,0,2022-07-27 17:28:17,来自江西,3069431053039483,熊文峰
7123896131847176997,哈哈哈[大笑],0,0,1,2022-07-24 19:16:55,来自广东,360285994754104,主播游戏名场面
7124800276900954895,圣诞节，平安夜，情人节，是不是也取消一下[抠鼻],16,100,2,2022-07-27 05:46:26,来自北京,13454987986,内鲁
7124950687942886185,严肃查办,0,1,0,2022-07-27 15:28:33,来自江西,51515521008,灵巧露珠123
7125072904857338655,严查主办方,0,0,0,2022-07-27 23:24:00,来自湖南,646108551060029,潇洒中国雄起
7124293637534106383,写的很好,1,1,0,2022-07-25 20:58:46,来自安徽,111270970824,烟雨黄昏589
7124934995713786638,及时追查,1,2,0,2022-07-27 14:28:12,来自江西,23918504966,佳渝工程人
7124828194661810976,追查陈睿,0,0,0,2022-07-27 07:34:19,来自浙江,6664457412,乐学优学
7123861004744196905,坚决反对,1,1,0,2022-07-24 17:00:05,来自湖南,109225197470,有趣的明月hSH
7123951172393796392,果断转发,1,2,0,2022-07-24 22:49:52,来自江西,6035066703,我也要过日子
7123910608915071759,这种人,1,1,0,2022-07-24 20:12:24,来自广东,55670152228,零售老郭
7124039516565996288,警惕,1,1,0,2022-07-25 04:36:30,来自湖北,3431036083,老品子书画
7123981084441903884,细思极恐,1,1,0,2022-07-25 00:49:47,来自江西,2431754991052411,不二7909
7123910749151920903,关闭了,1,1,0,2022-07-24 20:13:23,来自广东,51356750141,俊杰72357
7123921152863027968,追查陈睿这个人及其公司的责任,1,1,0,2022-07-24 20:53:18,来自广东,52180388650,流星哎哎哎
7123950526513201951,严惩b站,1,1,0,2022-07-24 22:47:58,来自北京,59589178909,陈陈674
7123792073748251433,广东韶关扣分[打脸],0,2,0,2022-07-24 12:32:25,来自广东,78728342862,怎么这个名字都被人用
7123872926608868127,卸载,1,1,0,2022-07-24 17:46:43,来自湖北,3404562817099325,那是一种美德
7123939833810273057,已卸载,1,1,0,2022-07-24 22:06:23,来自北京,2418515743605933,热情的饭团EU
7124873934310507264,悲哀,0,7,1,2022-07-27 10:30:14,来自广东,51489717739,707318
7123884084954579743,从不看,1,1,0,2022-07-24 18:30:11,来自广东,3775996356,carl26235519
7123835863582196521,杀一儆百,1,1,0,2022-07-24 15:22:28,来自云南,50041342885,昆网1
7123820817301209856,这样？,0,3,0,2022-07-24 14:24:06,来自天津,82478688527,函安
7123861464808555276,呜呼哀哉,1,1,0,2022-07-24 17:02:20,来自河北,85009364549,悟尘
7123879121394336553,卸载,1,1,0,2022-07-24 18:10:20,来自西藏,50218142447,zls5
7123721421808812835,勿忘国耻,1,5,0,2022-07-24 07:58:20,来自山东,3935851448377436,沐韬丶
7124584993120830219,严查深挖,0,0,0,2022-07-26 15:50:32,来自福建,96195004520,张洪语
7123154780842722088,南京南京,0,5,0,2022-07-22 19:19:20,来自江苏,5262334807,爱种花的人
7123072260839211784,彻查！,0,8,0,2022-07-22 13:59:28,来自贵州,2229428256514300,梦想的空间有多大
7124819568849552169,奴颜婢膝,0,9,0,2022-07-27 07:00:08,来自四川,1275021733930116,信无可信矣
7124280202041639688,严惩不贷,0,7,0,2022-07-25 20:07:05,来自辽宁,5870206577,京老太爷
7124678712184488738,不知真假,0,0,0,2022-07-26 21:53:03,来自四川,6011475809,不知道起什么75698
7123149505603896068,我就想知道是谁审批的,0,6,0,2022-07-22 18:59:33,来自内蒙古,4907770469,阿尔法罗蜜欧
7123854289621304094,祭谁？,0,1,0,2022-07-24 16:34:23,来自湖南,6073627419,大盗之行天下围攻
7124710773951071016,深查！,0,1,0,2022-07-26 23:58:12,来自广东,11262652601,信仰的力量617
7124961268922401571,东洋庙会,0,1,0,2022-07-27 16:09:45,来自河北,6003682501,小灰灰75266592
7124791490987197198,想钱？,0,4,1,2022-07-27 05:14:00,来自印度尼西亚,4907897752,毛雨321
7124913031779287823,鲁豫呢？,0,1,0,2022-07-27 13:02:14,来自河北,3202191660176127,嗯呢
7123868332503155463,已卸载,1,1,0,2022-07-24 17:28:41,来自北京,50328287503,拖拉机司机胡子
7123781593801802508,把举办活动的这么多城市连起线来看看，你敢说只是为了举办活动没有私心，忘记历史，其心可诛。,4,10,0,2022-07-24 11:52:36,来自浙江,21264367085,科技闲谈站
7123954582543418146,B站的用户大多数是青少年，毒害很深,1,1,0,2022-07-24 23:03:16,来自广东,1701641792529501,红彤彤的号
7124205341696443176,夏白祭，南京要过日本的节日？！,0,19,0,2022-07-25 15:16:11,来自河北,4019404840646750,好学芒果0e
7124199836715074319,只能说现在的年轻人很多人的价值观被这些二次元媒体搞得扭曲了！这是潜在的祸患！,1,1,0,2022-07-25 14:55:03,来自广东,1508178694778728,MM从此君王不早朝
7123893625289245448,文化渗透很严重，资本吃相很难看,1,2,0,2022-07-24 19:07:17,来自广东,98856148741,不问江山半岛
7125066100417037064,为啥不能办夏日祭？外国办春节不是一个性质嘛,1,0,0,2022-07-27 22:57:09,来自上海,100397063527,神奇光w
7125024924741567232,《网友抵制、多地取消“夏日祭”为何惹众怒？》＂取消＂后面加个＂的＂，《网友抵制、多地取消的“夏日祭”为何惹众怒？》更不会引起歧义吧。,0,0,0,2022-07-27 20:16:28,来自河南,109790438848,lhzh669
7122993707481268992,居心叵测！必须严惩举办方！[发怒][发怒][发怒],0,16,0,2022-07-22 08:54:23,来自山东,3386115940168304,邋遢老
7124992598129378063,鹰潭官方做得好，值得肯定[赞][赞][赞],0,1,0,2022-07-27 18:11:18,来自四川,1271457963840816,涪江不肖生
7124463755257627399,唐山已经有眉目了，这件事大家也要深挖,0,5,0,2022-07-26 07:59:41,来自四川,6089322541,老根嫩牙
7123944977726128908,夏日祭到底祭的是谁？陈老板老母吗？,1,1,0,2022-07-24 22:26:41,来自广西,448216227133902,莱昂聊电商
