7130829055435981605,司法公正，国家才稳定,0,28,0,2022-08-12 11:40:07,来自河南,79144960339,ZJJ闲来无事
7130830900522812193,司法公正人民的期盼！,0,24,0,2022-08-12 11:47:38,来自辽宁,6107465166,紫气东来轩然出彩79524172
7130822078864900903,这样的人不要太多,0,20,0,2022-08-12 11:13:12,来自浙江,96146334334,灵敏钢笔Ep
7130841715384435456,知法犯法必须严查，严惩，决不姑息,0,14,0,2022-08-12 12:28:39,来自内蒙古,14808828055,如意186727527
7130826938289292066,司法公正永远在路上,0,13,0,2022-08-12 11:31:23,来自陕西,67780447739,787976757473
7130886165523563295,干预司法活动，插手具体案件处理的，抓！,0,1,0,2022-08-12 15:21:48,来自河南,96970999901,驿城烨楷
7130880605172040486,司法公正，民心所向！！！[祈祷][祈祷][祈祷],0,1,0,2022-08-12 15:00:14,来自安徽,78030014454,单纯奶茶M2
7130886630713885472,"怎么没有东莞呀
广东华风汽车科技有限公司案件",0,0,0,2022-08-12 15:23:58,来自广东,2085132263233662,极客戴娜2k7
7130870035677430563,不稀奇,0,1,0,2022-08-12 14:18:44,来自内蒙古,51363570195,追忆悠然
7130876351716180773,查好,0,0,0,2022-08-12 14:43:39,来自山东,96187676660,华一般人
7130807648441647911,干，这些人需要打,0,21,0,2022-08-12 10:17:18,来自浙江,24368757014,要双标看西方
7130877016764990208,[赞][赞][赞],0,0,0,2022-08-12 14:45:54,来自河北,1130716852397580,京城平哥哥
7130871080918598414,🙏,0,0,0,2022-08-12 14:23:02,来自广东,109473001689,liyingda
