7123232403325190942,重要一步[灵光一闪],5,207,12,2022-07-23 00:22:26,来自广东,82621754330,行走的迈克尔
7123187980038095624,乌克兰会不会用粮食船运载武器？,2,10,0,2022-07-22 21:28:20,来自广东,1187920490796158,m上进心
7123196639372067625,必须是合理有尊严的协议,0,12,0,2022-07-22 22:01:45,来自湖北,56662270805,武汉老萧
7123356869519475493,你乐我乐大家乐，何不乐呼？,5,184,6,2022-07-23 08:24:40,来自新疆,94363165086,林清爱新闻
7123237900317885198,拥护和平、反对战争！,6,161,2,2022-07-23 00:45:36,来自北京,3701432496,高球老玩家
7123378741245854498,还是哈士其有面子,2,16,1,2022-07-23 09:48:06,来自浙江,61534950722,阿克苏197
7123233131285021473,卖粮赚的钱能买多少军火？,8,174,13,2022-07-23 00:26:48,来自湖北,108319145520,幸运花猫2I
7123238357303509773,真假人道主义的试金石,1,47,3,2022-07-23 00:46:41,来自辽宁,3852343615438616,理解之理解
7123354430719918884,俄国说明明可以通过俄控港口与俄军舰护送的[泣不成声]，看我转手卖给土耳其叙利亚大赚一笔,7,69,6,2022-07-23 08:14:53,来自山东,6083633505,灭不掉的烟掐不断的情78390016
7123319507417908002,看看，硬朗起来了,0,2,0,2022-07-23 05:59:30,来自云南,71042942006,晚风再起
7123176538371687202,新版阿Q乌克兰！,0,8,0,2022-07-22 20:43:47,来自山东,97917850182,极速海燕hc
7123003932645098279,态度好，不能让观众俄着肚子看戏,0,2,0,2022-07-22 09:35:05,来自四川,95843988174,乐山红牛
7120911134626415375,西方国家不希望乌克兰停战，当然谈判无望。,2,12,0,2022-07-16 18:13:19,来自广东,104716555378,亲切花猫Ti
7123365471088575247,战争，政治家的游戏。人民不要战争，期待永久和平！,3,30,0,2022-07-23 08:57:04,来自四川,347041597232429,兰天白云002
7123001261754483471,这土耳其的存在感是真能刷[捂脸],2,4,0,2022-07-22 09:23:53,来自北京,97109332671,砺009
7121326334055645952,分析中肯。北约是一个进攻性军事同盟，美国想在俄罗斯西部边境挑起问题，制造不稳定局势。,1,122,1,2022-07-17 21:04:01,来自广东,52409991692863,我是中国粉丝团1号
7123351963437417223,大辉老师辛苦啦！周末愉快！,1,68,6,2022-07-23 08:05:12,来自河南,1231066416037115,淡泊的梦想zI
7123368427112284935,有人曾提到美国这招叫“挥手落日”。每当太阳将落时，美国总要朝太阳挥手，展示自己一挥手就能让太阳落下的神功大法。俄乌战争以来，美国这招都用了好几回了，显得自己很神通似的。,8,193,6,2022-07-23 09:09:06,来自陕西,997947795579139,观星人7691
7121451655618593543,这位土耳其资深媒体对米国的看法非常正确为他点赞,0,113,1,2022-07-18 05:13:21,来自福建,1890812905136615,热情宇宙I
7123241087371772707,希望战争早点结束，老百姓的生活恢复正常！,2,308,10,2022-07-23 00:55:54,来自北京,104650811419,莱希儿
7121481544727970592,其实全世界都知道。,0,53,0,2022-07-18 07:07:59,来自广西,3584061471460548,智者图们4n6
7123393837053330176,美国隔三差五偷盗叙利亚的石油才真的是不光彩？,0,65,1,2022-07-23 10:47:08,来自陕西,109766804272,月圆美佳
7123227709303702287,土耳其面子还是挺大,8,153,8,2022-07-23 00:03:24,来自四川,52223224006,乒羽阁
7123378615709975308,这个协议既是俄罗斯的胜利，更是联合国的胜利！相当于联合国否决了美西方的部分制裁……,5,100,9,2022-07-23 09:47:34,来自北京,4698079368,无弦妙音
7121484546687796004,美国一直用各种手段破坏世界和平，好从中获取利益。,0,28,0,2022-07-18 07:19:05,来自北京,395431006708222,用户竹林听涛6730256
7123243014222644009,汪文斌对此协议表示欢迎。他说，希望相关方保持对话谈判势头，为尽快结束冲突、早日实现和平积累条件。这符合地区国家和国际社会共同利益。国际社会应当继续支持俄乌对话谈判进程，争取谈出更多积极成果。为王文斌点赞[赞][赞][赞],2,51,5,2022-07-23 01:04:05,来自新疆,76704044834,那时天蓝118
7123102992319988519,西方即将对俄罗斯实施更严厉的制裁，石油，煤炭，黄金。好在粮食与天燃气并不在列。我觉得这些制裁具有两面性，一方面对俄罗斯经济产生一定影响，但另一面将对全球的影响似乎更大些！欧洲首当其中。真正获利者还是美固！,0,2,1,2022-07-22 15:58:58,来自贵州,782457847942845,1112翁老头
7123248230057460513,俄乌战争，但对粮食肥料之类不应限制，关键的问题怕运粮肥过程中运军火。只要联合国出面进行检查，督促，这协议起作用。,8,59,6,2022-07-23 01:26:40,来自重庆,6073074983,君威君臣
7123269736313537314,希望战争早点结束，老百姓的生活恢复正常！希望世界和平共处！,2,111,6,2022-07-23 02:50:29,来自江苏,77980338634,kong3080
7121480265972663080,欧盟要是发展壮大，对美国来说是非常不利的，所以要制造混乱，削弱欧盟。,1,21,0,2022-07-18 07:01:57,来自辽宁,56239821742,西塔北市
7120944616047739656,小心粮食变成运军火,2,5,0,2022-07-16 20:23:15,来自广东,4257778410728883,往事随风1682099
7121470601197404928,一针见血的分析！,1,44,0,2022-07-18 06:24:24,来自湖北,64132967278,老渔猎
7121495388720628480,看来大家都心知肚明啊。,0,14,0,2022-07-18 08:00:27,来自广东,70081712137,歪比巴比啦啦啦
7121554127066792739,分析透彻，一针见血。,0,11,0,2022-07-18 11:48:13,来自天津,6933063615,妈妈宝儿
7121337621485847299,美国是整个危机真正制造者.,0,86,0,2022-07-17 21:48:32,来自法国,2155480272080955,幸福乱来
7123325634331804456,在今天（22日）的外交部记者会上，汪文斌对此协议表示欢迎。他说，希望相关方保持对话谈判势头，为尽快结束冲突、早日实现和平积累条件。这符合地区国家和国际社会共同利益。国际社会应当继续支持俄乌对话谈判进程，争取谈出更多积极成果。,4,12,1,2022-07-23 06:23:18,来自江苏,3425782713,费段子
7123386176274678539,吴老师分析透彻，判断精准！俄罗斯就是觉得对自己有利了，否则根本不会同意的[赞],0,8,0,2022-07-23 10:17:00,来自山东,3237401854738679,凤琴Vlog
7123398152874492708,双方从起初的期待随着时间推移，会越来越务实。乌方一边对俄嘴硬一边在乞讨度日，另一边俄方有能力搞定乌，但损失在不断加大，几个月下来还需要磨合到那天，我觉得要看施舍者态度。,0,2,0,2022-07-23 11:04:08,来自江苏,87304387024,精盾护栏
7123442495081464587,虽然距离俄乌双方达成停火协议要有很長的路，但至少各方在和谈化解危机的方向上迈出了可喜的第一步！是个好消息！,0,0,0,2022-07-23 13:56:31,来自天津,3228600679019443,自由的小红花Gb
7123398194407113503,吴教授点评有理，支持。支持俄罗斯,0,8,2,2022-07-23 11:04:40,来自黑龙江,4230518104666510,舞动人生ABC
7123317088550765312,无论怎么说，俄乌及土耳其等各方在“通过谈判化解危机”的方向上迈出了第一步。真诚的希望，一切能够向好的方向发展，千万不要再激化矛盾与引起不良的后果。世界人民需要和平，爱好和平的国家需要安宁。[祈祷][祈祷][祈祷],0,26,1,2022-07-23 05:50:28,来自陕西,7262869377,天涯共此时yh
7121478124306662158,明白人说明白话，可惜欧卅人听不懂,0,12,0,2022-07-18 06:54:12,来自上海,53310302511,强妹2
7120946518446048015,乌克兰想谈判俄罗斯都不谈，美国是要把乌克兰东部归俄罗斯，西部归芬兰[偷笑]谈不谈都无所谓。,0,5,0,2022-07-16 20:30:16,来自辽宁,52959471272,相玉罡
7121356839333348127,阿克考奇你把问题分析透了。,0,43,0,2022-07-17 23:03:14,来自江苏,22292036478,时事随谈
7121623948756271885,为啥欧盟都是糊涂蛋呢？,0,2,0,2022-07-18 16:19:37,来自福建,51095142088,晴天142253433
7123431310970110735,无论俄罗斯怎么做，西方国家都会有攻击的借口，何必在意呢。,0,6,0,2022-07-23 13:12:26,来自湖北,67319569333,琳琅14568
7121423703967433511,全世界都能看清美国的目的！只有欧洲看不清！[大笑],0,33,0,2022-07-18 03:36:22,来自黑龙江,1873197359446974,爱生活的光束D4
7123343435716772608,俄罗斯中计了，该协议只是片面满足美西方的利益，好让他们既能吃饱肚子，又能制裁俄罗斯。俄罗斯太善良了！美西方不择手段制裁俄罗斯，但是，俄罗斯却不利用手中的粮食、化肥、能源等作为反制截的武器反击。这是一次美西方的胜利，让对俄制截实现了单向化，这样下去，美西方针对俄方的制截永远不会取消！因为，制裁只是单向伤害俄罗斯，美西方利益却不受损！,1,33,5,2022-07-23 07:31:40,来自湖北,102517116933,aaa一sss
7123331104576340771,这协议是好事，但咋看都是原发动危机的那些躲背后的导演人的原计划剧本，后面还有一份份的协议来为收场铺路，双方目标是搞乱金融，混水摸大魚，基本成功了、可收尾了。中国精明，稳住国内，把动荡带出的危害减低，老百姓都感觉没大影响，役情减退后将大力发展，中国正能量。,0,18,1,2022-07-23 06:43:41,来自福建,109560758294,一往无前花猫ST
7123446425585206016,一家人分成两家，还是和好吧,0,0,0,2022-07-23 14:11:26,来自北京,123566564102255,端庄生活家X
7123384476343747367,俄更迫切需要美元,4,6,5,2022-07-23 10:10:19,来自江西,50832921659,浴火金龙463
7123362031696560937,俄罗斯不签就扣上制造粮食危机的大帽子，签了是因为感到耻辱的炽热，美国怎么说都有理。如果说耻辱美国比俄罗斯更多，只是美国比俄罗斯更耐热而已。,5,178,9,2022-07-23 08:43:54,来自山东,1451823475736221,开心小会计
7121367714631090982,美国人粮食多，也想大赚一笔！,0,21,0,2022-07-17 23:46:41,来自四川,108116484352,追追追永远
7121501747889259279,知道也改变不了的事实,0,4,0,2022-07-18 08:25:02,来自辽宁,106358473937,兔兔的梦游人间
7123444349102244644,其实是俄罗斯的胜利。,0,0,0,2022-07-23 14:03:34,来自辽宁,103594634860,梦梦490
7120916114531779331,谈吧，反正西方国家是不会同意停战。,0,6,1,2022-07-16 18:33:14,来自湖南,505424877986728,自强不息余笙有你
7123390029371654924,是一次俄罗斯决策的失误了？俄罗斯把手中重要的谈判条件与美国调和了今后留下来的艰难问题俄罗斯无法解决了？,0,1,0,2022-07-23 10:32:59,来自浙江,3689590732629772,自强不息百灵鸟e
7123386473327690531,相互的严重不信任，应该还真的都有小心思。我利用你，你利用我，同时，我防着你，你防着我。前景堪忧。,0,4,0,2022-07-23 10:18:05,来自河南,110936842282,老马闲评
7123204159133762339,西方不要的就制裁，需要的就豁免。俄罗斯也可以限制西方需要的物资出口嘛。你想买，我偏不卖,0,2,0,2022-07-22 22:31:01,来自广东,11661802721,老张爱定制
7123426109135995689,偷盗叙利亚石油的美国人是否也感到耻辱涅？,0,2,0,2022-07-23 12:52:20,来自陕西,2255827575781836,六德君子
7121513871424553735,总算有明白人,0,2,0,2022-07-18 09:12:42,来自北京,85316575458,燕子
7123365664584745767,美国是始作俑者，感到耻辱的不应该是別人。,0,18,0,2022-07-23 08:58:52,来自山东,334679280991363,在下一老头
7121341300833551119,世界越乱就越符合美国“利益”，它可以借乱来兜售美制武器发大财。,0,25,1,2022-07-17 22:02:01,来自天津,12217248277,爱音乐九台1k6
7121484301555778336,整个世界都要看美国的意愿，联合国拿美国没办法，这种局面说明什么？,0,5,0,2022-07-18 07:18:28,来自陕西,55925723825,郑黎屏
7123367142082298657,水雷不管清[偷笑][偷笑][偷笑],0,2,0,2022-07-23 09:04:11,来自天津,50825462132,博学的星球CT
7123388120128635648,大辉老师点评到位，辛苦！！！！,0,0,0,2022-07-23 10:24:53,来自北京,62487473926,李守朝
7123363629504398080,美国被冷落很是不爽[呲牙][呲牙][呲牙],0,51,2,2022-07-23 08:50:07,来自陕西,3236983519,自由飞翔的小鸟0
7123415920944612109,老美就受不了别人的好，别人签了合同，他就妒忌[捂脸][捂脸][捂脸],0,3,0,2022-07-23 12:13:14,来自广东,102094332231,深圳豪宅团长
7123384280415470377,古特雷斯跟美国咋交代啊,0,0,0,2022-07-23 10:09:39,来自山东,2340216498829712,往事复千年
7123371247295611679,美国在全球耻辱的炽热气氛下扣押了阿富汗人民七十多亿美元的血汗钱，至今没有归还[机智]，转发了,0,35,2,2022-07-23 09:20:06,来自福建,110206165918,永不言败0777
7122977705213166351,不管怎样，粮食出口协议签了是好事儿。粮食不好储存，不然就糟蹋了。,0,12,0,2022-07-22 07:52:25,来自黑龙江,52563108211,万般皆苦唯有自渡l
7123356369696555816,美国，真的太无耻了,0,18,1,2022-07-23 08:21:49,来自云南,1222268482748504,淡定小猫JS
7121515430082102051,谢谢分享点赞了,0,2,0,2022-07-18 09:17:59,来自河北,111452712646,聪颖星辰6Z
7121570790067159847,土耳其难得清醒,0,0,0,2022-07-18 12:53:19,来自河南,4195382898468478,不想起名for
7123214670240596748,粮食最重要的，出口协商好。,0,3,0,2022-07-22 23:13:33,来自广东,360237941657619,沁媛丫头
7123379624196850432,吴老师，周末快乐。[玫瑰][玫瑰][玫瑰],0,0,0,2022-07-23 09:51:32,来自浙江,79752804913,印像城南
7123380434540577550,美国没有能力和这个世界正确的沟通，对于这个号称什么自由、民主、人权的超级大国来说确实是全球的耻辱～[抠鼻],0,26,2,2022-07-23 09:54:40,来自天津,75231685487,三沙风云
7121353627595604767,精髓[赞][赞],0,21,0,2022-07-17 22:50:49,来自黑龙江,3773129512453007,无忧的春风Tc
7123396956994929423,不是什么善待乌克兰，俄罗斯主要是为了出口粮食。,0,1,0,2022-07-23 10:59:16,来自山西,2867146668902264,buchanan
7121350563296117519,看透了美国制造危及的真实目的，为什么欧盟却执迷不悟？,0,8,0,2022-07-17 22:38:22,来自辽宁,6267010338,马兰情怀
7123374379962172193,这次签协议，没有美国的位子，只有酸酸的说两句，刷一下承在感。,0,15,0,2022-07-23 09:32:23,来自四川,105320974724,真正的自由自在
7121664414817960742,关键是，欧盟差不多已经是美国的一个下属公司！,0,0,0,2022-07-18 18:56:49,来自海南,81535415059,海南黄花梨王氏工艺坊
7123384096051086119,大辉老师辛苦啦！周末愉快！,0,1,1,2022-07-23 10:08:56,来自内蒙古,23877302735,老要少
7123374188522046239,美帝真搞笑,0,12,0,2022-07-23 09:31:49,来自四川,6791695362,ygvjkgdtujvfhjhdghsd
7123380928998834975,语气中满满的醋意，些许的虚弱。,0,7,0,2022-07-23 09:56:34,来自陕西,100419714347,沧桑方为人生
7123364703598461700,纽兰是说美国国号简称是“全”，英国国号简称是“球”吗？[思考][思考],0,8,0,2022-07-23 08:55:12,来自广东,1627745703957443,sd3404
7123380246980002600,俄罗斯之所以签署协议表现其外交政策灵活性，显示其在粮食市场的重要性,0,11,1,2022-07-23 09:53:59,来自北京,108660636776,勇者庄河6
7121403093467906816,美国不希望世界上每个国家都和平！,0,8,0,2022-07-18 02:07:06,来自四川,3675790421,把你变成陌生人
7123371518234706688,美国人心里有多不爽,0,21,1,2022-07-23 09:20:29,来自重庆,50022204837,老马儿爱吃玻璃
7121623421234561832,土耳其资深媒体人:美国想在俄罗斯西部边境挑起问题，制造不稳定局势，这就是美国的真正意图。,0,1,0,2022-07-18 16:17:14,来自江苏,2919904147671150,天山星驰
7121554662532596519,天下苦美久矣！,0,1,0,2022-07-18 11:51:12,来自北京,98426022289,沉浮15831
7121649321098904331,可惜欧洲国家的政客们看不清楚美国的用意，或不愿看清，或看清了但出于种种原因不得不屈从于美国而甘愿损害本国人民的利益随美国起舞。,0,0,0,2022-07-18 17:58:09,来自湖北,5878839061,若水69949131
7122982061249807134,农业品与燃料绑在一块儿销售，你们爱买不买。,0,17,1,2022-07-22 08:10:05,来自内蒙古,52098702175,免了1135509661
7120898582924509959,几个国家一起闹着玩的，不必太关心！,0,6,0,2022-07-16 17:25:03,来自福建,104439425861,直爽的孤勇者
7123371490925511439,看来美国不愿达成这样的协议[呲牙]乌克兰人过得咋样不是美国人关心的，俄罗斯过得咋样才是美国的核心关注。,0,10,1,2022-07-23 09:20:23,来自山东,62590423339,鵬举21世纪
7121666921279472422,阿克考奇的分析完全抓住了美国的>，揭穿了美国险恶用心老底，我们只有团结反美的国家，维护世界和平！,0,0,0,2022-07-18 19:06:27,来自四川,1842378157593787,风吹古木2
7121107698099471118,战争什么时候结束，苦了老百姓,0,2,0,2022-07-17 06:56:51,来自北京,1271479389139069,快乐剪辑电影
7120903923699057416,俄罗斯讲人道，赞一个👍,0,12,1,2022-07-16 17:45:31,来自江西,110797505067,海哥歌海
7123353276749185792,谢谢吴老师信息分享！[玫瑰][玫瑰][玫瑰][赞][赞][赞],0,10,2,2022-07-23 08:09:41,来自江苏,54640462208,痴叟汉江
7121465708411781923,世界上还是有明白人的,0,6,0,2022-07-18 06:05:45,来自河南,1249474057870608,睿智花猫X1
7121484301555778336,整个世界都要看美国的意愿，联合国拿美国没办法，这种局面说明什么？,0,5,0,2022-07-18 07:18:28,来自陕西,55925723825,郑黎屏
7123367142082298657,水雷不管清[偷笑][偷笑][偷笑],0,2,0,2022-07-23 09:04:11,来自天津,50825462132,博学的星球CT
7123388120128635648,大辉老师点评到位，辛苦！！！！,0,0,0,2022-07-23 10:24:53,来自北京,62487473926,李守朝
7123410801687560999,愿世界和平，永无战争，。,0,1,0,2022-07-23 11:53:42,来自辽宁,892457487445543,智慧咖啡7P
7123363629504398080,美国被冷落很是不爽[呲牙][呲牙][呲牙],0,51,1,2022-07-23 08:50:07,来自陕西,3236983519,自由飞翔的小鸟0
7123444436499333926,为土耳其总统点赞！有能力！,0,0,0,2022-07-23 14:04:11,来自湖南,55959906025,老杨149651414
7123416239422309158,期待世界和平共处！,0,0,0,2022-07-23 12:14:49,来自安徽,110150858705,原始的爱856
7123415920944612109,老美就受不了别人的好，别人签了合同，他就妒忌[捂脸][捂脸][捂脸],0,3,0,2022-07-23 12:13:14,来自广东,102094332231,深圳豪宅团长
7123384280415470377,古特雷斯跟美国咋交代啊,0,0,0,2022-07-23 10:09:39,来自山东,2340216498829712,往事复千年
7123268639503237888,士耳其能在国际事务中意气风发发挥重要作风，极大地提升土耳其的国际影响力。这与其所处的地理位置及总统的强势人格魅力分不开！三军易得，一帅难求！[祈祷][祈祷][祈祷],0,12,0,2022-07-23 02:46:57,来自湖南,2035920628361244,军武永鑫
7123311047716782856,互通有无，共同发展，和平相处不好吗？希望战争早日结束！世界和平人类幸福！,0,4,0,2022-07-23 05:27:28,来自内蒙古,1777275455683819,城东好运来
7123326310801654535,希望战争早点结束[祈祷]希望世界和平共处！,0,2,0,2022-07-23 06:26:20,来自上海,96785904634,酸龙拿走
7123351323403748100,在向好的方面发展[比心][比心][比心],0,0,0,2022-07-23 08:03:25,来自北京,99965471281,欣赏冬天的雪花
7123371247295611679,美国在全球耻辱的炽热气氛下扣押了阿富汗人民七十多亿美元的血汗钱，至今没有归还[机智]，转发了,0,35,2,2022-07-23 09:20:06,来自福建,110206165918,永不言败0777
7122977705213166351,不管怎样，粮食出口协议签了是好事儿。粮食不好储存，不然就糟蹋了。,0,12,0,2022-07-22 07:52:25,来自黑龙江,52563108211,万般皆苦唯有自渡l
7123356369696555816,美国，真的太无耻了,0,18,1,2022-07-23 08:21:49,来自云南,1222268482748504,淡定小猫JS
7121515430082102051,谢谢分享点赞了,0,2,0,2022-07-18 09:17:59,来自河北,111452712646,聪颖星辰6Z
7123380859260109575,不论怎样，这份协议还是对大家都有好处。,0,1,0,2022-07-23 09:56:20,来自上海,106903155524,GU123
7123322825079112459,和平有望了！[赞][赞][赞],0,3,0,2022-07-23 06:13:25,来自湖北,4459224598585022,笑歌cxg
7123337189417157417,呼唤和平！,0,1,0,2022-07-23 07:07:39,来自陕西,107721266294,我的新用户名
7123379221162492685,希望战争早点结束，老百姓的生活恢复正常。,0,1,0,2022-07-23 09:50:01,来自福建,1394623682718526,紫依娜
7121570790067159847,土耳其难得清醒,0,0,0,2022-07-18 12:53:19,来自河南,4195382898468478,不想起名for
7123214670240596748,粮食最重要的，出口协商好。,0,3,0,2022-07-22 23:13:33,来自广东,360237941657619,沁媛丫头
7123355432105870111,拥护和平，反对战争，愿世界和平[祈祷][祈祷],0,1,0,2022-07-23 08:18:43,来自内蒙古,796516909069758,热情苹果0L
7123379624196850432,吴老师，周末快乐。[玫瑰][玫瑰][玫瑰],0,0,0,2022-07-23 09:51:32,来自浙江,79752804913,印像城南
7123324078316454690,希望战争早点结束，老百姓的生活恢复正常！,0,1,0,2022-07-23 06:17:22,来自山东,3342138766015163,敏锐雪梨qC
7123326537851601664,愿世界充满和平，和平与你我同在。,0,2,0,2022-07-23 06:26:29,来自浙江,96607769672,十个月亮
7123380434540577550,美国没有能力和这个世界正确的沟通，对于这个号称什么自由、民主、人权的超级大国来说确实是全球的耻辱～[抠鼻],0,26,2,2022-07-23 09:54:40,来自天津,75231685487,三沙风云
7121353627595604767,精髓[赞][赞],0,21,0,2022-07-17 22:50:49,来自黑龙江,3773129512453007,无忧的春风Tc
7123396956994929423,不是什么善待乌克兰，俄罗斯主要是为了出口粮食。,0,1,0,2022-07-23 10:59:16,来自山西,2867146668902264,buchanan
7123251271364592424,人类不要用战争的方式远离灵魂,2,2,3,2022-07-23 01:37:19,来自北京,3167041721740463,相明坔
7123350513537581858,美国不信任？哈哈哈[捂脸],0,1,0,2022-07-23 07:58:58,来自广东,105977179515,聪姐姐380
7121350563296117519,看透了美国制造危及的真实目的，为什么欧盟却执迷不悟？,0,8,0,2022-07-17 22:38:22,来自辽宁,6267010338,马兰情怀
7123374379962172193,这次签协议，没有美国的位子，只有酸酸的说两句，刷一下承在感。,0,15,0,2022-07-23 09:32:23,来自四川,105320974724,真正的自由自在
7121664414817960742,关键是，欧盟差不多已经是美国的一个下属公司！,0,0,0,2022-07-18 18:56:49,来自海南,81535415059,海南黄花梨王氏工艺坊
7123384096051086119,大辉老师辛苦啦！周末愉快！,0,1,1,2022-07-23 10:08:56,来自内蒙古,23877302735,老要少
7123317206670295842,俄乌双方达成协议，对双方都有利,0,0,0,2022-07-23 05:50:43,来自浙江,105098093315,直爽豆浆Pd
7123313629021471496,这真是一个好消息，也希望世界和平，不要在有战争！,0,2,0,2022-07-23 05:37:11,来自辽宁,1002373535241517,进取面条0V
7123300173392642829,互通有无 共同发展。还老百姓安宁的正常生活，不要再有战争了。。。,0,3,0,2022-07-23 04:49:03,来自江苏,102481184088,天高雲淡718
7123374188522046239,美帝真搞笑,0,12,0,2022-07-23 09:31:49,来自四川,6791695362,ygvjkgdtujvfhjhdghsd
7123380928998834975,语气中满满的醋意，些许的虚弱。,0,7,0,2022-07-23 09:56:34,来自陕西,100419714347,沧桑方为人生
7123386274375402247,希望世界和平,0,0,0,2022-07-23 10:17:25,来自贵州,3712421378665027,知心暖春
7123364703598461700,纽兰是说美国国号简称是“全”，英国国号简称是“球”吗？[思考][思考],0,8,0,2022-07-23 08:55:12,来自广东,1627745703957443,sd3404
7123321725618045736,希望战争早点结束，老百姓的生活恢复正常。,0,2,1,2022-07-23 06:08:04,来自河北,2422942218846459,随性自由的钢琴u2
7123380246980002600,俄罗斯之所以签署协议表现其外交政策灵活性，显示其在粮食市场的重要性,0,11,1,2022-07-23 09:53:59,来自北京,108660636776,勇者庄河6
7121403093467906816,美国不希望世界上每个国家都和平！,0,8,0,2022-07-18 02:07:06,来自四川,3675790421,把你变成陌生人
7123297449649390368,通过谈判而不是战争解决问题才是正道。,0,9,2,2022-07-23 04:42:34,来自山东,1820385415806492,诗意小鱼R2
7123332121162302242,谈判才是解决冲突的最后办法也是最好的办法。,0,1,0,2022-07-23 06:47:49,来自河北,61327698834,走进你的世界34
7123332924002648843,油价继续下跌,0,1,1,2022-07-23 06:52:21,来自湖北,95041321100,北梦木兮5
7123330828335432489,真切希望战争早点结束吧，双方百姓希望和平相处，生活恢复正常。,0,1,1,2022-07-23 06:42:59,来自天津,273138232080368,正义凛然风筝8e
7123371518234706688,美国人心里有多不爽,0,21,1,2022-07-23 09:20:29,来自重庆,50022204837,老马儿爱吃玻璃
7123238432041993001,尽快结束一切冲突,0,28,1,2022-07-23 00:45:57,来自浙江,109825646151,凤归琴谜
7121623421234561832,土耳其资深媒体人:美国想在俄罗斯西部边境挑起问题，制造不稳定局势，这就是美国的真正意图。,0,1,0,2022-07-18 16:17:14,来自江苏,2919904147671150,天山星驰
7123344797401776929,盼望世界和平！,0,1,1,2022-07-23 07:37:42,来自甘肃,92913236553,月亮弯弯wx
7121554662532596519,天下苦美久矣！,0,1,0,2022-07-18 11:51:12,来自北京,98426022289,沉浮15831
7123336564302365440,严肃点，正打仗呢[灵光一闪],0,0,0,2022-07-23 07:05:24,来自黑龙江,19262422363,讷言1019
7121649321098904331,可惜欧洲国家的政客们看不清楚美国的用意，或不愿看清，或看清了但出于种种原因不得不屈从于美国而甘愿损害本国人民的利益随美国起舞。,0,0,0,2022-07-18 17:58:09,来自湖北,5878839061,若水69949131
7123284091117503273,土耳其在这次充当中间立场角色，对自己都可列入大国而荣幸，而粮食紧张局势下，对世界起了一个大作用，解决目前粮食危机，希望俄乌战争也早日停战，让世界充满爱，和平各国家园。,0,1,0,2022-07-23 03:46:28,来自广东,105925394691,大炮棠
7122982061249807134,农业品与燃料绑在一块儿销售，你们爱买不买。,0,17,1,2022-07-22 08:10:05,来自内蒙古,52098702175,免了1135509661
7123439378948703007,这是好事，希望能够向好的方向发展，早日结束战争。,0,1,0,2022-07-23 13:44:22,来自山东,2322589862598104,D一生平安928
7123381603631383331,良好的开端。望战争早日结束，百姓安居乐业。,0,1,0,2022-07-23 09:59:07,来自重庆,108636956977,奋进5g2d
7120898582924509959,几个国家一起闹着玩的，不必太关心！,0,6,0,2022-07-16 17:25:03,来自福建,104439425861,直爽的孤勇者
7123296760671421225,俄乌冲突越来越邪乎，越来越好魔幻了！,0,3,0,2022-07-23 04:34:12,来自江苏,85684241605,三又诗人
7123371490925511439,看来美国不愿达成这样的协议[呲牙]乌克兰人过得咋样不是美国人关心的，俄罗斯过得咋样才是美国的核心关注。,0,10,1,2022-07-23 09:20:23,来自山东,62590423339,鵬举21世纪
7121666921279472422,阿克考奇的分析完全抓住了美国的>，揭穿了美国险恶用心老底，我们只有团结反美的国家，维护世界和平！,0,0,0,2022-07-18 19:06:27,来自四川,1842378157593787,风吹古木2
7121107698099471118,战争什么时候结束，苦了老百姓,0,2,0,2022-07-17 06:56:51,来自北京,1271479389139069,快乐剪辑电影
7120903923699057416,俄罗斯讲人道，赞一个👍,0,12,1,2022-07-16 17:45:31,来自江西,110797505067,海哥歌海
7123353276749185792,谢谢吴老师信息分享！[玫瑰][玫瑰][玫瑰][赞][赞][赞],0,10,2,2022-07-23 08:09:41,来自江苏,54640462208,痴叟汉江
7121465708411781923,世界上还是有明白人的,0,6,0,2022-07-18 06:05:45,来自河南,1249474057870608,睿智花猫X1
7123338228052542238,希望冲突早日结束，美帝国主义早日收手，让世界和平[祈祷][祈祷][祈祷],0,0,1,2022-07-23 07:12:27,来自江苏,55916530825,余生好好爱自己cdph
7121664230583042856,美国为了自己的利益,0,0,0,2022-07-18 18:55:23,来自山东,63038689299,喜庆的喜鹊8d
7123237196290802467,通过俄乌达成的历史性协议可以看出，俄罗斯、乌克兰、土耳其、北约……都在博弈！,0,3,0,2022-07-23 00:40:44,来自北京,8841347260,中国机长之鹏程万里
7123408670389879584,老美不能参与，只能酸酸了,0,2,0,2022-07-23 11:45:15,来自广东,105269118128,普通用户好普通
7123348478604575529,谁大国谁小国，那都是无用，关健时能发挥重要作用，为啥都给土耳其面子，有胆敢战,0,3,0,2022-07-23 07:51:25,来自山东,50371900150,平凡的人生lisheng
7121500789168177924,这位媒体人确实有眼光,0,1,0,2022-07-18 08:22:29,来自内蒙古,1116700570304160,幸运雪碧GU
7123410689637090062,造成粮食能源紧张局势的是美国而不是俄罗斯。,0,2,0,2022-07-23 11:53:01,来自黑龙江,51526043864,独善其身hao
7123328615492027170,土耳其在俄乌冲突，粮食出口协议的签署等国际事务中扮演了关健角色。,0,0,1,2022-07-23 06:34:31,来自北京,1446610788957308,紫樱Zwd
7123413075420005120,字面上看俄罗斯绕开制载可以卖粮换钱了。但文章的标题是俄迫于压力不得不卖粮了，谁才是不乐意那一个？,0,1,0,2022-07-23 12:01:47,来自四川,1056004953880430,行乐F
7120957988570923784,为俄罗斯人道主义点赞[赞]俄罗斯必胜[赞],0,3,0,2022-07-16 21:15:00,来自天津,2730818726532237,老周来到
7123367170792899368,这是互相让步，各取所需，不能说谁妥协,0,19,1,2022-07-23 09:03:48,来自江苏,93893825969,端庄蜻蜓hy
7121484386776384269,总算有个明白人出来说了句大实话。,0,3,0,2022-07-18 07:18:52,来自浙江,62432656744,兵临天下63
7123330827555046175,希望战争早点结束，老百姓的生活尽快恢复正常,0,1,1,2022-07-23 06:42:32,来自北京,3593617685882446,不凡溪水10
7123348755281642253,支持我们外交官发表的言论。,0,0,1,2022-07-23 07:52:53,来自山东,369900943312808,用户芳华2438
7123291050558980879,土耳其这次起到了关键作用,0,2,0,2022-07-23 04:13:50,来自河北,1385011713412984,庄里微日志
7123386305555448617,达成粮食出口与运输协议是好事，但不能因俄乌战争而再次封锁与中断！,0,1,0,2022-07-23 10:17:28,来自安徽,99510537943,联海科技
7121362901645951779,"反正甩锅俄罗斯，
不影响发财就是。",0,5,0,2022-07-17 23:26:17,来自陕西,391057590468348,进取春风y
7123430397911941888,据纽兰的说法，俄罗斯同意签署该协议是因为它感受到了“全球耻辱的炽热气息”。这句话非常有分量和水平。,0,0,0,2022-07-23 13:08:53,来自广东,1328647145526976,周果成
7123394158966424334,这是多赢的协议俄罗斯无理由不签。,0,2,0,2022-07-23 10:48:53,来自湖北,62318753600,桃源隐士4
7123409038432027430,美国恨得牙痒痒,0,2,0,2022-07-23 11:47:11,来自上海,4667542168,智慧的奋发有为青年
7123443555041215266,粮食安全才是重中之重！,0,0,0,2022-07-23 14:00:08,来自湖南,52679277523,树军82465
7121468729443582731,真敢说，佩服,0,7,0,2022-07-18 06:19:21,来自河北,59248900953,航行家1
7121676491385635588,欧洲的政治家们就是三岁孩童的思维,0,0,0,2022-07-18 19:43:48,来自重庆,106272508152,我和游戏说拜拜
7121491567273460519,感谢阿克考奇分析俄与乌冲突的真正原因和美国真实的意图[作揖][作揖][作揖],0,2,0,2022-07-18 07:46:47,来自湖南,55659216618,热闹海洋VV
7121424146508481318,这种事情不用分析，谁都知道,0,4,0,2022-07-18 03:38:53,来自浙江,22219065168,弄潮人7
7121496104650375948,对人民有益的事美国都不希望得到解决。,0,2,0,2022-07-18 08:04:10,来自海南,50734378612,阿里郞2
7123036801048298277,乌克兰又赚了一笔,0,4,1,2022-07-22 11:41:38,来自湖南,6048119613,redwaveSLT
7123360867483665193,西方不是说从来就没有限制俄罗斯粮食出口吗？纽兰的意思是古特雷斯帮了俄罗斯？,0,12,1,2022-07-23 08:39:16,来自陕西,351444068743783,看未来BAO
7123387526659736320,美国人的舌头真灵活[捂脸],0,0,1,2022-07-23 10:22:10,来自重庆,6410444062,黄学功律师
7121391557643305742,美国从诞生那天起，就热衷于地区恶斗而有渔翁得利！,0,4,0,2022-07-18 01:23:38,来自辽宁,63589896613,戴bing
7123423824230073100,哈哈！只有美国人从来不感到耻辱！[思考][思考][思考],0,1,0,2022-07-23 12:44:17,来自福建,2893510768082829,123456胖胖老头
7121557068414599977,美国其实并不是想帮助其他国家，而是他希望他看到了有既得利益。,0,2,0,2022-07-18 11:59:31,来自北京,6032400558,娜小贝love
7123363670805136169,没想到阿Q会国际化,0,7,0,2022-07-23 08:50:04,来自重庆,67925991030,Bravetoloveme833
7121528864320799491,天下太平了，美国如何获取利益？,0,1,0,2022-07-18 10:09:46,来自北京,5509825782,老丁57699496
7123281764873274145,希望战争早点结束，老百姓的生活恢复正常！,0,3,1,2022-07-23 03:45:52,来自吉林,6477153817,温柔我家蛟河
7123330100195803942,土耳其这次露脸了，所有人都要给土耳其面子[捂脸],0,1,0,2022-07-23 06:41:23,来自陕西,54244349462,京州市李达康1454485
7121543671035888425,其实全世界都知道，美国才是整个危机的真正原因。,0,2,0,2022-07-18 11:07:38,来自山东,3795134810432135,xuexindong
7123414843042497318,确实是个好消息，但这里还有个问题，那就是粮食顺利通过土耳其海峡之后会不会被美国和北约操控，导致急需粮食的国家得不到粮食？这是个人浅见。,0,0,0,2022-07-23 12:09:30,来自辽宁,3720342300533384,毛豆9b2m
7123365884831892260,俄罗斯农产品摆脱制裁,0,13,1,2022-07-23 08:59:23,来自河北,888017561081752,自强不息精灵uN
7121662703244051200,土耳其还有高人。,0,0,0,2022-07-18 18:49:32,来自广东,50929523006,无同数
7123438524459942688,谈拢了一项协议，说明还是有谈的基础，就能谈拢更多的东西。加油吧！[加油][加油][加油][加油][加油],0,0,0,2022-07-23 13:41:11,来自湖北,110734817055,智勇双全清逸
7123322340322198283,希望战争早点结束，老百姓的生活恢复正常！希望世界和平共处！,0,2,0,2022-07-23 06:11:39,来自云南,99310765801,热心天空NL
7123353627737441036,为粮食让路而停战真是好消息，而俄也应该做好了停战也为美西方国家输送武器让路的防范措施,0,0,0,2022-07-23 08:12:09,来自福建,3038815557,棒棒糖笑笑心
7123410004471841573,美国作为事件的始作俑者，自己有半点耻辱之心吗,0,1,0,2022-07-23 11:50:06,来自重庆,3116434954,潇湘水云天岳
7123368441024643870,本来各国之间都是你中有我 我中有你的存在 和则双赢 斗则双输 如此浅显的道理应该没有一个人不懂的吧,0,0,0,2022-07-23 09:09:02,来自上海,85714143713,红魔1670
7123403695697576715,美英霸权再一次坠入一个阶梯。,0,1,0,2022-07-23 11:26:03,来自江苏,93680504294,54320862459
7123341262517994247,这个协议对乌克兰和欧洲最有力！这完全是土耳其的功劳！,0,0,0,2022-07-23 08:11:34,,3993862644960718,缘啶玍
7123384305744642824,签了不好，没签也不对。说话的永远是对的[捂脸][捂脸],0,2,0,2022-07-23 10:09:37,来自上海,93210505021,观听静
7123334791105495848,乌克兰混到这种地步真是无语了，可怜老百姓了。,0,0,0,2022-07-23 06:58:22,来自黑龙江,5924809244,99零度空间
7123254864980837153,俄乌签署粮食出口协议，打开粮食出口绿色通道，是一个好的开端，希望双方共同克制努力，将战争早日结束,0,5,0,2022-07-23 01:54:24,来自江苏,3347365512616173,乐东姐
7121458362646594337,其实全世界都知道。,0,5,0,2022-07-18 05:40:03,来自宁夏,52607164512,大东子哥
7123387605089092388,美国太衰了,0,2,0,2022-07-23 10:22:28,来自辽宁,1626887221679005,有正能量的小男生
7123333820321334016,尽快结束冲突、早日实现和平！[鼓掌][鼓掌][鼓掌][鼓掌][鼓掌][鼓掌][鼓掌][鼓掌][鼓掌][鼓掌][鼓掌][鼓掌][鼓掌],0,2,0,2022-07-23 06:54:39,来自湖南,4328099033125607,龙行天下
7121637818669040396,这个是俄罗斯冒充的，土耳其没有什么资深媒体人,0,0,0,2022-07-18 17:13:26,来自山东,3694836203127036,马克mk2
7123439146701882115,绕过制裁，美西欧不会从中作梗吗？,0,0,0,2022-07-23 13:43:52,来自江苏,51454423113,Jornada
7123445659231421184,这个叫古特雷斯的 终于干了件明白事,0,0,0,2022-07-23 14:08:25,来自河北,95742581163,雷子6140
7123436195668853534,战争，政治家的游戏。人民不要战争，期待永久和平！[赞][赞][赞],0,0,0,2022-07-23 13:31:44,来自广东,2291843335979560,自若画板Iv
7123330703810528015,有点看不懂，还做起了生意,0,0,0,2022-07-23 06:42:31,来自云南,395455779311048,焙圈
7123428775366804227,土耳其在俄乌冲突关健时刻做了次为世界和平建桥的好事，埃尔多安的头脑希望能为世界和平多作贡献。,0,0,0,2022-07-23 13:03:37,来自云南,68500784731,钢钉37590
7123356388059431691,真切希望战争早点结束吧，双方百姓希望和平相处，生活恢复正常。,0,1,0,2022-07-23 08:22:47,来自河南,994394384394046,豁达艺术家30
7123323689890333444,都撑不住的时候，就得妥协！但妥协并不是输，只是利益交换。,0,0,0,2022-07-23 06:17:09,来自江苏,102047909792,白开水36066
7123323612530656034,俄，乌冲突尽早结束，愿世界和平。,0,1,0,2022-07-23 06:15:26,来自陕西,3337730662861751,热闹小红花KM
7123440677442765583,俄乌是时候和解了，让老美一场空,0,0,0,2022-07-23 13:49:03,来自山东,2642880091914376,站在风口时风真大
7123361971449643783,谈就比打强，合作才会双赢多赢。,0,1,0,2022-07-23 08:44:07,来自辽宁,5879747742,自有相
7121486205862806272,美国想在俄罗斯西部边境挑起问题，制造不稳定局势，这就是美国的真正意图。[抠鼻][抠鼻][抠鼻],0,6,0,2022-07-18 07:25:05,来自广东,1007597984160158,@梦想
7123273361270735656,从中可以看出埃尔多安还是有些手段，这番操作提升了土耳奇的国际地位。尽管土耳奇翻复无常，为夲国的利益而为之,0,5,0,2022-07-23 03:07:07,来自河南,2805567207509694,7177平
7123388854337733410,美国人话都不会好好说了,0,1,0,2022-07-23 10:27:53,来自上海,94561192828,光头老张252
7121373049953485603,一个好的开端，只要能坐下来谈。停战协议是早晚的事,0,0,0,2022-07-18 00:06:36,来自河南,3681585529095951,半道不出家
7123374498267202340,美帝得到面子，俄罗斯得到了里子，你说谁赢了？,0,3,0,2022-07-23 09:32:48,来自湖北,53542541664,渝都快嘴
7123420004720673550,美国还在偷窃叙利亚的石油,0,1,0,2022-07-23 12:29:04,来自广东,3417743569206893,健康瓦房店5H1
7121483973762663172,高人[赞],0,5,0,2022-07-18 07:17:28,来自北京,85975990368,范思雄
7121477239945839396,看透别说透，不然还怎能做朋友[大笑],0,1,0,2022-07-18 06:50:42,来自江苏,3698407623107656,雷不打的傻子
7123366312755233544,吴老师没有翻译好，不知俄语里有没有被动式一类的表达方法，所以不明白俄罗斯是被耻辱，还是气氛是耻辱的。,0,4,1,2022-07-23 09:00:45,来自湖北,67315687365,老古213996379
7123431683415671552,俄罗斯迫于国际舆论的压力不得不做出妥协，亊后免不了作梗。,0,0,0,2022-07-23 13:13:53,来自四川,69339941410,平安心情711
7123353590286549795,这也是自俄乌冲突以来最好的消息吧。[中国赞][击掌][击掌][击掌],0,1,0,2022-07-23 08:11:11,来自河北,382272091471102,桌子山人
7123339462130058016,谈判就是相互妥协，达成各自利益的最大化。,0,0,0,2022-07-23 07:17:46,来自湖南,765698606642499,潇洒露珠rm
7123384901311251200,俄罗斯同时也获得道德的制高点。,0,3,1,2022-07-23 10:12:04,来自广东,3111696894,永远向前123456
7123447121076372259,人生只有两次幸运就好，一次遇见你一次走到底，爱不会缺席但会姗姗来迟，晚点遇见你余生都是你。,0,0,0,2022-07-23 14:14:07,来自山东,26863935694605,多才多艺云朵7V
7123349012128203524,希望战争早点结束，老百姓的生活恢复正常！,0,2,0,2022-07-23 07:54:26,来自山东,74310457238,勇往直前表里如一知足常乐
7121447369878749986,欧尔班说的欧洲是向自己的肺开枪。,0,10,0,2022-07-18 04:56:36,来自云南,20206882316,友爱轮船想念的日子
7123417571680191263,俄罗斯主要是考虑到签了后自己的粮食食品出口不受制裁！,0,0,0,2022-07-23 12:19:38,来自河南,99084471299,老爸美食
7123327137289487137,国际社会应当继续支持俄乌对话谈判进程，争取谈出更多积极成果。,0,0,0,2022-07-23 06:30:11,来自江苏,63392877151,清新溪流UM
7123338063828321059,但愿这一好的现象继续下去吧！,0,1,0,2022-07-23 07:10:52,来自北京,104948269261,智慧芒果Z3
7123337298422907689,乌克兰的黑土地早已经是西方国家控制去了，全球70%的粮食被西方四大粮商控制着。这么急着将粮食运出来，还不是担心自己财产受到损失。,0,0,0,2022-07-23 07:08:14,来自浙江,6831521248,淘银耳朵
7121459417040208670,美国想坐收鱼网之利,0,5,0,2022-07-18 05:42:49,来自湖北,272309573399566,勇敢的湖泊Ss
7121470127547843332,米果产量大国[我想静静]！,0,0,0,2022-07-18 06:25:01,来自湖北,5879120991,蟹黄堡的皮老板
7123445369371345679,美国人：我不会因为羞耻而感到羞耻。,0,0,0,2022-07-23 14:07:15,来自广西,1552155007518347,低调的四爷
7123443921572905742,同意，美国又胜利了…,0,0,0,2022-07-23 14:01:59,来自北京,62603642995,一次管够
7123331929252037407,希望俄乌冲突也能通过谈判和平解决，还百姓一个和平的环境。,0,0,0,2022-07-23 06:46:56,,56253329176,自由的圆月之光
7121502732758008576,欧州人看不清吗？,0,2,0,2022-07-18 08:28:51,来自河南,3315776411674430,淡泊的钢琴h6
7122995627411473192,欧盟为了打压俄罗斯真是穷极手段[捂脸][捂脸]愿这个世界早日恢复和平[玫瑰][玫瑰][玫瑰][玫瑰],0,12,2,2022-07-22 09:01:55,来自四川,1754424351668103,孟婆的那碗面
7123407233748337412,也遇到了执行难[捂脸],0,1,0,2022-07-23 11:39:50,来自四川,95843988174,乐山红牛
7123321145046188834,讲得对，支持俄罗斯，为俄罗斯点赞[赞],0,1,0,2022-07-23 06:05:50,来自云南,734081145383565,进取知足长乐
7123326733444907776,俄乌双方终于签协议，为战争停止迈出了第一步，希望战争结束，百姓恢复F正常的生活。,0,0,0,2022-07-23 06:27:17,来自浙江,2604070626928608,爱音乐沙河2F6
7121647996215214851,希望欧洲人能明白，想想后面怎么做。,0,0,0,2022-07-18 17:53:19,来自云南,108818146895,聪慧梦想Y
7123401737855599375,斗争是全领域、全方位、全天侯、全时段的。,0,1,0,2022-07-23 11:17:51,来自河南,2739584990973806,卧龙坛
7123365993074164515,为了全球的粮食安全，这个綠色通道开的好！,0,1,0,2022-07-23 08:59:12,来自浙江,71184481233,安来17
7123347883319296776,希望战争早点结束，老百姓的生活恢复正常！,0,2,0,2022-07-23 07:49:31,来自上海,4552395937,李泰三
7123377031177913096,这是一个好的开端！同时说明任何事情只要能坐到一起谈，就可以找到解决的方法！！！,0,3,0,2022-07-23 09:41:31,来自四川,109644567875,小李广花A容
7123282675141542667,"开通俄乌的粮油外贸通道，对许多国家都有利。
土耳其总统埃尔多安在此问题上，显示出是个有用的人。",0,0,0,2022-07-23 03:47:19,来自英国,104513197318,巴人下里白雪阳春
7123435919306572578,世界是共同可能也是平行，少一份饥饿和仇视，也会少一份混乱和敌视。,0,0,0,2022-07-23 13:30:29,来自安徽,58007369049,老虎152761144
7121520200377221926,问题是欧洲在装聋作哑,0,1,0,2022-07-18 09:37:28,来自江西,2568094388070008,快乐广羽
7123346284848857887,出尔反尔的乌克兰毁不毁约，说还很难说。,0,1,0,2022-07-23 07:43:11,来自广东,3706869549,枫湖居士
7123410084717495055,纽兰看问题的角度果真清奇，这不是第一次了。,0,0,0,2022-07-23 11:50:14,来自天津,92851314719,布衣120119110911
7121483362921333519,很多欧洲人假装看不懂[抠鼻],0,1,0,2022-07-18 07:13:53,来自河北,1367412137274923,风度翩翩的增良
7123278904302764834,战火纷飞的年代。老百姓的日子好难过，希望尽快结束战争。,0,5,0,2022-07-23 03:26:21,来自福建,4433643908106911,非凡清风FL
7121489251283960617,总感觉美国在下一盘很大的棋，无奈又控制不住局势。,0,0,0,2022-07-18 07:36:53,来自湖北,2607681980082856,清爽溪流zP
7123312647117849356,希望战争早点结束，老百姓的生活恢复正常！,0,1,0,2022-07-23 05:35:10,来自北京,102181751284,没事277
7123427176711881483,表情和文意配合挺好,0,0,0,2022-07-23 12:57:14,来自辽宁,53128369949,阿欣3808
7121497537504412449,美国是个产粮大国，他们当然不希望粮食价格下跌！,0,2,0,2022-07-18 08:09:44,来自上海,58116727803,春天里春逸
7123299556733371139,俄乌冲突希望能用对话解决,0,0,0,2022-07-23 04:48:47,来自北京,16464199197,李福广775
7123431004638970665,粮食是每个人的必须品，民以食为天。,0,0,0,2022-07-23 13:11:18,来自四川,35642319578782,青春永保常存
7123429307208925966,我就问美帝同意吗？美帝没参加谈判，他随时都可以收拾你！,0,0,0,2022-07-23 13:05:00,来自福建,4477513830,黄河41858259
7123398484208272131,俄罗斯这次显示了一个文明之举，战争尽量不伤及平民，让出绿色通道，这次又充许敌对国乌克兰粮食出口，为俄罗斯举动点赞！,0,0,0,2022-07-23 11:05:58,来自陕西,96391390914,倚天剑2213
7123391530057499406,以为签了什么协议呢,0,0,0,2022-07-23 10:38:31,来自北京,2568101768467900,六眼飞鱼007
7123383093947499297,希望四方机制能确保全球粮食安全,0,0,0,2022-07-23 10:05:02,来自河南,84047548443,开朗百灵鸟M6
7121515927761322793,美国一直用各种手段破坏世界和平，好从中获取利益。,0,1,0,2022-07-18 09:19:52,来自山东,1943532201589038,温柔中的阳刚
7123413072949314342,应该承认，土耳其在地区事物中还是很有影响力的！中国应该支持土耳其在地区事务中发挥积极建设性的作用！,0,0,0,2022-07-23 12:02:20,来自广西,110926207163,尧山小顽童
7123327667138609924,这仗打的有点意思,0,0,0,2022-07-23 06:31:52,来自山东,58614731364,身侍丹丹
7123388266992714536,美国只要不到处插手，到处挑起冲突，世界就会安定！,0,0,0,2022-07-23 10:25:36,来自上海,3069491588373104,清新雪梨aH
7123392608709837568,停战第一步里程碑！希望斯基早日结表演回归现实！,0,0,0,2022-07-23 10:42:26,来自福建,1820421623912973,新菲恋
7123430309605049128,不断惹怒普京！,0,0,0,2022-07-23 13:08:34,来自江西,1450980397034636,神秘枫叶Yj
7123349294979728164,俄乌局势发展如何，国际社会要共同努力！,0,1,0,2022-07-23 07:55:04,来自山东,61740125771,风景线1845
7121517025767523087,可惜欧洲明白人不多～…,0,1,0,2022-07-18 09:24:21,来自广东,4285346516,二锅头当水喝
7123427694817608478,土耳其角色耐人寻味。,0,0,0,2022-07-23 12:58:41,来自江苏,67261749809,一芒348
7123398472791081740,最终粮食能源战胜了美刀，毕竟纸在在战争中的效用急剧缩小,0,0,0,2022-07-23 11:05:52,来自安徽,3676355857756020,论天地长存
7123411456049300232,美国和北约真是无赖，一边制裁俄，一边又要求俄不能反制裁。,0,0,0,2022-07-23 11:55:47,来自广东,53012029222,闲逛cyh
7123329869815726861,打出一个社会新秩序，美国一送独大可以休矣！地缘关系是不可改变的！,0,0,0,2022-07-23 06:39:04,来自山西,84567813971,华夏一叟pa
7121612128146588452,为清醒者点赞，望欧洲尽快清醒！[比心],0,0,0,2022-07-18 15:34:03,来自河北,95484779350,西山逸隐
7123425783469327135,俄罗斯此举应该支持[赞][赞][赞],0,0,0,2022-07-23 12:51:15,来自云南,879201348748340,沉着书签jx
7123389326364459806,把失败描述成胜利美国🇺🇸是仅次于乌克兰的！,0,1,0,2022-07-23 10:30:00,来自辽宁,101923910682,wylcn
7121507876774118184,真的是一针见血的点评，并不是所有人都是木偶。,0,1,0,2022-07-18 08:48:50,来自甘肃,144769613576903,迷途的小厨子
7123366828969149214,我还以为乌克兰并入俄罗斯了。,0,0,0,2022-07-23 09:02:39,来自湖北,58320858499,程德鹏1
7123396319427134248,感觉俄罗斯才是这次博弈的胜者,0,2,1,2022-07-23 10:56:46,来自天津,11340553777,捉光猎影
7123405991743587104,请问俄过弯卖粮食，能收到美元吗,0,0,0,2022-07-23 11:34:57,来自山东,5622714425,松静14
7123392708894868264,俄罗斯和乌克兰能签协议是好事情啊！,0,0,0,2022-07-23 10:42:52,来自北京,108298281829,用户老玩童333
7123325691550139139,万事开头难，有了第一步的基础，俄乌关系会朝好的方向发展。,0,0,0,2022-07-23 06:24:23,来自山东,2727209753176088,杨门之各
7123404192412123908,美国在叙利亚偷石油粮食都不会感到耻辱，俄罗斯供给粮食给其他国家，怎么会耻辱呢,0,1,0,2022-07-23 11:28:04,来自福建,2027140472115027,半生缘1006
7123339598364721935,土耳其为俄.乌和谈开起了第一步，希能为停火和平达成继续努力。,0,1,0,2022-07-23 07:16:50,来自江苏,51417446670,坦262211879
7123371847248691979,粮食卖不了几个钱,0,2,0,2022-07-23 09:22:32,来自上海,962806302904420,直爽宇宙7a
7123393390649754383,首先得益的是欧洲国家，缓和了其国内矛盾，可能喘一口气。,0,0,0,2022-07-23 10:45:29,来自山东,69771640342,村愚
7123381933262291726,你想多了吧！,0,3,0,2022-07-23 10:00:32,来自江西,110151812015,果实138138
7121484723390055207,所以美囯心里想的和说的是相反的。,0,2,0,2022-07-18 07:20:34,来自陕西,58808639785,高原风情6
7123421561075761953,何必兄弟反目成仇。,0,0,0,2022-07-23 12:35:22,来自浙江,325072306577708,CZj情寄山水
7123389644855329571,这协议签的好，缓解了部分粮食危机[赞],0,0,0,2022-07-23 10:31:02,来自海南,104973615387,好学叶子Jqs
7123334923830231840,这就是普京与埃尔多安会见等了一分钟换来的,0,0,0,2022-07-23 06:59:57,来自北京,1033180452232311,没事研究研究
7123363318240412453,埃尔多安是亲美的，但是事实证明他更亲民！,0,0,0,2022-07-23 08:49:02,来自河北,105883216949,再见大茬粥
7123386042610418466,办法总比困难多！,0,0,0,2022-07-23 10:16:30,来自辽宁,6476268599,Anz徐安安
7123421459795804959,愿世界充满和平，和平与你我同在。,0,0,0,2022-07-23 12:34:40,来自四川,188767298658440,老茶客的人
7123429157962433317,能源才是名门,0,0,0,2022-07-23 13:04:23,来自山东,110924915807,海龙岛
7123376408541577984,世界需要粮食[赞][赞][赞][赞][赞][赞][赞],0,0,0,2022-07-23 09:39:00,来自四川,105214247454,勇者咖啡jz
7123378163983893259,各取所需！总之，还是向好的方向迈出了重要的第一步！,0,0,0,2022-07-23 09:45:56,来自广东,2849908744,2018庄园
7123381464011784975,国际社会应当继续支持俄乌对话谈判进程，争取谈出更多积极成果。,0,0,0,2022-07-23 09:58:42,来自江西,4054633910381277,顺风明雨
7123392217784009512,土耳其真牛！办了一件历史性的好亊！载入史册！,0,0,0,2022-07-23 10:40:57,来自天津,58166762150,自若旭日Pr
7123327466617783047,这样说是不是粮油价格该跌了,0,0,0,2022-07-23 06:30:47,来自山东,5795888803,升哥美食
7123309755208401702,和平的曙光已经到来，希望早日结束战争！,0,1,0,2022-07-23 05:24:50,来自江苏,5457101186,鹰击惊雷
7123383467421303583,真佩服美国人的狡辩能力！,0,1,0,2022-07-23 10:06:27,来自河北,105789344692,凭海临风5566
7121474883126379271,分析的透彻,0,1,0,2022-07-18 06:41:34,来自北京,63161145228,乐观的小猫AC
7123267821106545423,在战争面前这些协议还是太脆弱，根本问题不解决其他谈了也白谈😄,0,0,0,2022-07-23 02:43:53,来自天津,1411410455693779,正能量都挺好
7123026093690749730,尽挑好的[呲牙][呲牙][呲牙],0,4,0,2022-07-22 11:00:10,来自广东,518587470068775,陈憶
7123369283589554959,世界风云变幻莫测,0,1,0,2022-07-23 09:11:54,来自河南,5449036736,睿智船帆V1
7121486229073478411,这是个明白人,0,2,0,2022-07-18 07:25:57,来自山东,104347794031,相信自己888866668888
7123405799094747944,这几年在埃多安的带领下，逐渐发挥作用，,0,0,0,2022-07-23 11:33:25,来自江西,6113333013,走进北非
7123377466496385830,普京爱恨分明，做事爽快。,0,6,1,2022-07-23 09:43:13,来自湖北,2933114501077123,仁爱喜鹊yZ
7123406923324130063,谁不吃能行？谁饿着肚子还能打仗？,0,0,0,2022-07-23 11:37:59,来自陕西,3302538915094803,二哥WXC
7123363879576716066,如果没有美西方国家制造了俄乌战争，怎么会有这种情况出现呢！,0,1,0,2022-07-23 08:50:56,来自四川,93582359129,笑看人生78365
7123415375400387339,背后的较量是实力的体现,0,0,0,2022-07-23 12:11:30,来自甘肃,2968326647580701,哎呦饕餮
7121502365618127657,欧洲不儍吧？,0,1,0,2022-07-18 08:27:28,来自黑龙江,3711464016,丁丁1208
7123283072036160263,俄乌冲突以来首现重大默契，虽与战事无关，但释放了某种程度上的和好信号，点赞👍,0,0,0,2022-07-23 03:46:07,来自浙江,67098654911,海阔天空206288033
7123399017886712615,美国不乐意了,0,0,0,2022-07-23 11:07:48,来自四川,60815663565,冬天的野鸽子
7123411037059826466,热不热冬天见分晓！,0,0,0,2022-07-23 11:53:53,来自陕西,61902285189,巴山仙掌
7123348902203818787,土尔其左右逢源，南北通吃,0,0,0,2022-07-23 07:52:58,来自云南,4384487905170907,骑着大象去上学
7123397037353452322,土耳其是负责任的大国！,0,0,0,2022-07-23 10:59:34,来自上海,101954312184,杨头1002
7121484962502656771,大家都知道，美国才是整个危机的真正原因。,0,2,0,2022-07-18 07:20:55,来自江西,4001820074061183,英明果断会飞的蜻蜓
7123441838468072195,美国赢麻了[微笑],0,0,0,2022-07-23 13:54:23,来自四川,61404731860,春风送暖入屠苏
7123366654197351181,土耳其坏的很,0,0,0,2022-07-23 09:02:26,来自辽宁,105529946192,不会武功的小伙
7123384826233242375,终于看到了一点和平友好的曙光，希望战争尽早结束。,0,0,0,2022-07-23 10:11:47,来自湖北,94385763198,老牛22366
7123426889653519118,美国不高兴了,0,0,0,2022-07-23 12:55:30,来自湖北,71912168091,这个评论最霸气
7123394136287560459,欢迎，多做符合两国利益的事，减少针对哪怕有分歧！,0,0,0,2022-07-23 10:49:03,来自安徽,71508153135,亳州怀枫
7123394057808364320,俄罗斯愿意签这种协议，说明他还有国际道义。如果是美国，早就以制裁的名义给没收了。,0,2,1,2022-07-23 10:48:59,来自浙江,59121269624,缘来敏于行
7123324879990539048,看来油价是要跌了,0,0,0,2022-07-23 06:20:23,来自重庆,6379124494,骨病调理膏药优先
7123321913292047141,希望战争早点结束，百姓安居乐业！,0,0,0,2022-07-23 06:09:33,来自广东,3667598910177678,一裹素衣
7123387458418623266,总有人承受不了,0,0,0,2022-07-23 10:21:56,来自山东,99219393014,元气山丘2022
7123260370902631201,粮食可以出口，天然气不制裁，军火还继续给乌克兰，这都啥事呀？,0,7,0,2022-07-23 02:19:29,来自河南,97561379272,没闲心给你扯皮9667
7123396422321636136,俄乌军事冲突，目前只有土耳其和印度才是赢家。,0,0,0,2022-07-23 10:57:05,来自福建,3469680549305412,波罗寅客
7123401976890671912,和平才是王道，人民渴望和平。,0,0,0,2022-07-23 11:18:47,来自浙江,98386229360,姜如凡
7123387381763523363,欧洲是不吃粮食的吧？,0,0,0,2022-07-23 10:21:40,来自四川,4241595582,潇洒坦荡行走天地间
7123380597892465423,这意味着和平发动机开始运转，希望有更多的和平协议，给老百姓一个安定的日子，给世界一个和平的环境。,0,0,0,2022-07-23 09:55:23,来自安徽,103596574399,随性自由的春风oU
7123410397822370593,这是要和好了,0,0,0,2022-07-23 11:52:09,来自北京,575779491025486,运糖
7123399068952445734,没办法，自己粮食也要出口，为什么不往东边运呢，我们需要,0,0,0,2022-07-23 11:07:59,来自浙江,58598204210,望希月r
7123252343323706112,婚姻登记是合法的，老婆还是别人的,0,1,0,2022-07-23 01:41:32,来自广东,58043210305,竹叶青153542090
7123412717088113448,炙热气息？HOT AIR？[抠鼻],0,0,0,2022-07-23 12:00:24,来自安徽,3302549769420828,五毒废人还
7123327857639818025,乌克兰粮食出口、对俄罗斯来说是釜底抽薪。,0,3,1,2022-07-23 06:31:37,来自江西,60600854767,不凡海燕S1
7123267011064398629,土耳其赢了,0,0,0,2022-07-23 02:42:53,来自浙江,5068388470,骨杖
7123338676016366336,加油，愿和平早日到来,0,1,2,2022-07-23 07:13:11,来自陕西,58834959322,优质猕猴桃基地
7123358287604581153,粮食进口大国 中日韩,0,0,0,2022-07-23 08:29:57,来自江西,4163488172,谛七2
7123258785879540519,卖粮赚的钱能买多少军火？,0,0,0,2022-07-23 02:12:07,来自广东,59405284667,咯路KKK
7123395544877581056,这仗打得好像儿戏一般[笑哭][笑哭],0,0,0,2022-07-23 10:53:42,来自陕西,4223999203,相忘江湖3666
7123402237434757923,在美国看来，俄罗斯所做的，要么是错误的，要么是被迫的。,0,0,0,2022-07-23 11:19:44,来自河南,2739584990973806,卧龙坛
7123404004096836391,出口多少我说了算,0,0,0,2022-07-23 11:27:26,来自浙江,100165779221,上下左右前后定中路
7123374911401804544,俄罗斯留着激动的眼泪狠狠的赚了一大笔！,0,2,0,2022-07-23 09:33:45,来自上海,101275791664,怀揣梦想的聪明的橘子
7123363894323594014,俄罗斯确实压力山大。,0,8,2,2022-07-23 08:51:23,来自上海,3360580378838487,极速龙井5t
7123296971560911655,是俄罗斯开放了港口[灵光一闪]乌克兰顶个名[看],0,0,0,2022-07-23 04:38:11,来自山东,105212749004,阿啊夏萨嘛哈1582
7123419349465531143,其实乌克兰可以把粮食先卖给俄罗斯，由俄罗斯统一出口,0,0,0,2022-07-23 12:26:33,来自山东,13414850688,爽朗的天南地北山东人
7123334280050262816,开个好头，希望和平早日到来,0,0,0,2022-07-23 06:57:23,来自黑龙江,63243489342,淘汰郎他爸
7123397037999588111,美国坐不住了,0,0,0,2022-07-23 10:59:35,来自山东,52122965469,WO82173
7123362006266282755,粮食危机没有了？,0,0,0,2022-07-23 08:44:22,来自重庆,3496071295146548,884914486214新光
7123260712294023971,是否看作俄罗斯对美国和欧州的妥协？,0,2,0,2022-07-23 02:15:54,来自福建,94528654876,风姿卓越蜻蜓f
7123345958872302366,希望战争早点结束，老百姓的生活恢复正常！,0,0,0,2022-07-23 07:42:21,来自广东,1209052035819307,拓博银沙
7123370322795545357,因为欧洲需要吃饭,0,0,0,2022-07-23 09:16:36,来自广西,91761658761,梦想人生456
7123048535771661069,欧盟和北约是在制裁俄罗斯，还是在制裁自己！,0,6,1,2022-07-22 12:27:23,来自山东,3412486695169095,用户69小茶
7123333926332351263,俄罗斯还是太善良,0,0,0,2022-07-23 06:54:40,来自山西,7622115362,leo2890
7123332990323131172,继与普京会谈让大帝等了近一分钟的埃尔多安还是很有两把刷子！[灵光一闪],0,0,0,2022-07-23 06:50:58,来自广东,836073697586685,好奇富锦
7121473830652232488,真正的明白人:一针见血＇,0,3,1,2022-07-18 06:37:11,来自陕西,52453816380,大秦帝国RcNW
7123311621551768359,为俄乌就粮食问题达成协议，缓解世界粮食危机点赞👍👍👍👍👍👍👍👍👍👍👍,0,0,0,2022-07-23 05:31:12,来自辽宁,3083501294615576,亲切柑桔25
7123324250512966440,希望能对全球粮食危机有所帮助,0,0,0,2022-07-23 06:17:40,来自河北,5792185625,溜溜H达达
7123383661617251083,希望早点结束战争，恢复和平平静的生活。让世界充满爱！,0,0,0,2022-07-23 10:07:13,来自重庆,21971836101,钟其哥
7123342405260739364,土耳其总统埃尔多安功不可没。但在阻止芬瑞入约问题上没能坚持到底。可惜!,0,0,0,2022-07-23 07:28:52,来自江苏,289896607000813,蔡二华
7123340605602202407,好好好终于想开了,0,0,0,2022-07-23 07:21:59,来自广西,2515336835105549,十烟火十
7123359564573377312,"通过谈判化解危机👍🏻👍🏻
土耳其外交又露脸👍🏻👍🏻",0,0,0,2022-07-23 08:35:05,来自山西,98136849640,栀梦考拉
7123340719774974760,要化解危机任重道远，需要俄乌双方继续努力！[加油][加油][加油],0,0,0,2022-07-23 07:21:10,来自山东,3756377659409952,奔腾的高山溪水
7123363224581440295,能签和平协议更好。,0,0,0,2022-07-23 08:49:10,来自四川,4120614232401848,83858799西山伴东海
7123379173720310560,乌克兰签署这个协议应该是美国点头了,0,0,0,2022-07-23 09:49:44,来自上海,826449878610958,龙城神探
7123277246135141120,本土的战争，还有粮食出口，厉害厉害,0,0,0,2022-07-23 03:19:53,来自广东,3421313006052909,一湖夜色
7123413593353421603,无美之地便和平,0,0,0,2022-07-23 12:03:47,来自浙江,1363852723764974,胶带不干胶焊锡五金办公品
7123333353608430372,俄罗斯的粮食和化肥也要用卢布结算，否则就不卖给欧盟,0,0,0,2022-07-23 06:52:29,来自重庆,25469930793,QZ008
7123318364789113608,一扭脸乌克兰又变卦了,0,0,0,2022-07-23 05:56:02,来自河北,95697278137,无非有点冷
7123333636019602210,为了人类的生存，支持！支持！,0,0,0,2022-07-23 06:54:00,来自山东,75936864809,csx640410
7123371135681037059,埃尔多安是最善变的政治首脑,0,0,0,2022-07-23 09:20:03,来自河南,72016035599,中原草民0371
7123372189764223774,俄罗斯怕热吗？[憨笑],0,1,0,2022-07-23 09:23:52,来自黑龙江,3951489032,阿拉丁的霸霸
7123370160324494095,热烈祝贺俄乌达成粮油出囗协议！,0,0,0,2022-07-23 09:15:20,来自湖南,55158895208,刘前孝
7123411856869868325,俄罗斯太仁慈了,0,0,0,2022-07-23 11:57:32,来自新疆,85633228514,乐天派费伊7Y8
7123391561538487070,这才是吴教授的观点不背书点赞[赞][赞][赞],0,0,0,2022-07-23 10:38:48,来自北京,413867577181976,自由亚历克西斯9L7
7123338676016956160,古特雷斯只会说现成话、做现成事，没有主观指导思想。,0,0,0,2022-07-23 07:13:25,来自江苏,15208332735,洒脱沙滩Rp
7123393236744028963,这个世界太有意思了。,0,0,0,2022-07-23 10:44:57,来自广东,5966031244,手机游客1234567890
7123040573656924943,我需要什么就豁免什么，不需要的就禁止。一切皆为利。,0,6,1,2022-07-22 11:56:13,来自四川,76223549176,小杨燕和爸爸
7121501123826942755,大家都知道，美国才是整个危机的真正原因。,0,0,0,2022-07-18 08:22:35,来自江西,3051855174184862,巫山老袁
7123339188749648647,我还以为达成停火协议，原来只是生意上的事。,0,0,0,2022-07-23 07:15:59,来自天津,92199395972,聪明河流1
7123342596625236777,土耳其国家利益最大化，又想起我们的航母的事情，看来土耳其是有些智慧的国家，各个国家都有特点。,0,0,0,2022-07-23 07:28:30,来自吉林,15875147924,风电H
7123337114946700047,为和平迈出了重要的一步，希望早点停战！,0,0,0,2022-07-23 07:07:13,来自河南,67621655443,陈世辈
7123323075164357391,虽然距离俄乌双方达成停火协议还有很长的路要走，但至少各方在“通过谈判化解危机”的方向上迈出了第一步。[赞][赞][赞],0,0,0,2022-07-23 06:13:09,来自上海,110162614775,漫煮人生
7123337001289483015,好的开端，好好维持。,0,0,0,2022-07-23 07:06:33,来自江苏,58221008381,半间阁主
7123439989207810857,就换个多少,0,0,0,2022-07-23 13:46:21,来自辽宁,2784433626161629,不会改方法
7123259800121017092,一切都这么巧合吗[捂脸][捂脸][捂脸],0,0,0,2022-07-23 02:17:10,来自江苏,102896111446,Younking289
7123276705573225220,终于见到一点曙光，一个好的开始！,0,2,0,2022-07-23 03:24:06,来自广东,3808318074664894,坦荡的精灵Xf
7123320699640890126,兄弟相残，外人得利。乌克兰，可怜！,0,1,0,2022-07-23 06:05:01,来自湖南,108316162839,胡昌368
7123334105869271846,战争不结束，其它的什么重要吗,0,0,0,2022-07-23 06:56:35,来自广东,4451256522778163,快乐香瓜xK
7121482806517039906,美国“渔翁得利”之心“路人皆知”！,0,6,1,2022-07-18 07:11:33,来自山东,3826771152078271,运河之都济州
7123300707952476931,利好消息，互利共赢。,0,0,0,2022-07-23 04:54:34,来自辽宁,52590987375,窘窘友神
7121491204332159774,旁观者清，当局者迷。,0,0,0,2022-07-18 07:45:06,来自广东,6749137732,一丑110554381
7123329160524940032,乌克兰达成协议越早损失越少,0,0,0,2022-07-23 06:36:39,来自山东,98913969600,畅游天下的老郭
7123324385821803267,希望土耳其继续做好调解人！尽快结束战争！受伤害的是乌克兰的人民！并不是西方国家美国！大发战争财富的是美国！警惕！警醒！,0,0,0,2022-07-23 06:19:54,来自广东,6091837901,财富78691809
7123328589097485068,通过谈判化解粮食危机为俄乌危机解决开辟了正确之路。,0,0,0,2022-07-23 06:35:55,来自北京,3730238582,啸风
7123326283689771816,土耳其能发挥多大作用？,0,0,0,2022-07-23 06:25:42,来自江苏,6611293546,鞏珮
7123289792644842248,第一步，乌克兰自己清楚所有港口的水雷。俄罗斯舰队可以自由进入乌港口,0,0,0,2022-07-23 04:11:06,来自新疆,60070320577,手机用户裁判
7123323466069689099,土耳其还真是那个,0,0,0,2022-07-23 06:15:55,来自黑龙江,54996201945,正能君
7123333009184686862,北约东扩的事怎么解决？不给个说法？,0,0,0,2022-07-23 06:50:58,来自湖南,5774690776,央视记者王冰冰老公
7123333175900095263,昐望战争早点结束，百姓的生活恢复正常！,0,0,0,2022-07-23 06:51:44,来自山东,1041962431424155,用户3鑫
7123322745378587430,解决了当前的粮食危机，对国际粮价有没有影响,0,0,0,2022-07-23 06:12:52,来自山东,61286491068,61286491068
7123381723261715213,人道主义，得人心,0,0,0,2022-07-23 09:59:41,来自辽宁,92727307019,Damon1
7123252119750411040,下一步俩国再好好谈谈，别再打了,0,1,0,2022-07-23 01:43:40,来自陕西,94866919191,TAXI的春天
7123284828623291173,为了两国人民，不要再打了！,0,0,0,2022-07-23 03:53:08,来自广东,111047861715,沈巷樵夫
7123332142344012559,对周边国家出口粮食及化肥，对俄语都有利,0,0,0,2022-07-23 06:48:08,来自广东,4207202686,缘来是你35544803
7123310639141339938,希望战争早点结束，老百姓的生活恢复正常！希望世界和平共处！,0,0,0,2022-07-23 05:26:15,来自福建,764904394196797,爱生活的清风qa
7123327830716859136,俄乌就粮食出口问题达成协议，这种破冰行动，为俄乌冲突停战，打开了先河，是个好兆头。,0,0,0,2022-07-23 06:31:35,来自湖北,106004511312,觀雲聼雨1
7123304927917114146,签早了。。。,0,0,0,2022-07-23 05:04:52,来自广东,57368771363,贤哥666
7123358691587588904,俄乌现在还在打仗吗？,0,0,0,2022-07-23 08:30:53,来自广东,72670651198,傻猪猪72
7123348422702777091,美国人顶不住了,0,0,0,2022-07-23 07:52:05,来自湖北,113965670870079,破败的城市猎人
7123332662718497549,粮食危机解决了，今天是世界人民喜庆的日子。[烟花][爆竹][烟花][爆竹],0,0,0,2022-07-23 06:49:52,来自广东,3587283159,形影不离走天涯
7123427987252855585,签协议是一方面，另一方面是不一定能执行下去，无所谓了,0,0,0,2022-07-23 13:00:24,来自安徽,51514128305,想你的王先生
7123347158816523046,奥斯曼帝国的影子还在！,0,0,0,2022-07-23 07:47:24,来自四川,104187934586,怕对牛弹琴
7123345082010829608,土耳其如何从中获利,0,0,0,2022-07-23 07:38:10,来自北京,2664806566598903,草原雄鹰俯视大地
7123314569023685415,粮食命根为正义加油！,0,0,0,2022-07-23 05:42:21,来自青海,57328147206,自若饭团OM
7123261140125582121,希望战争早点结束，老百姓的生活恢复正常！,0,6,0,2022-07-23 02:18:08,来自山西,111413193193,直率荷叶xt
7123327377031447337,战争与和平，早点还老百姓的安宁生活！[祈祷][祈祷],0,0,0,2022-07-23 06:29:51,来自上海,53975403956,独孤求带
7123357519757525794,历史性？我以为战争结束了，。,0,0,0,2022-07-23 08:26:13,来自河北,104978044562,忙人一个256
7123383262113792803,能不能落地再说，起码是双方妥协的开始，一个进步，联合国起到了作用。,0,0,0,2022-07-23 10:05:37,来自湖南,100087268905,万事皆空
7123313044285539079,互通有无，共同发展，和平相处不好吗？希望战争早日结束！世界和平人类幸福！,0,0,0,2022-07-23 05:35:07,来自黑龙江,1904816287393960,有趣的铅笔46
7123374174168466212,"和择两利，和平择兴，
他国不扰，两国择平。",0,0,0,2022-07-23 09:31:04,来自内蒙古,63563487679,蒸汽机车迷
7123331049316352803,欧洲国家思维。我们无法理解。别谈谁对谁错！,0,0,0,2022-07-23 06:43:34,来自吉林,106392181863,春夏秋冬9728130442290
7123241676637963012,我就想知道 他们用哪个国家的干散货船拉粮食,0,1,0,2022-07-23 01:00:46,来自四川,3905878912672444,九个太阳OsTz
7123331006240850724,乌克兰民众怎没个人反对好战司机？,0,0,0,2022-07-23 06:43:12,来自广东,100634596374,茵茵0033
7123326863354708743,乌克兰还有粮食出口？,0,0,0,2022-07-23 06:28:18,来自广东,24502078506,洒脱小鱼wV
7123309781233926912,是个好消息！,0,0,0,2022-07-23 05:22:29,来自山东,167540826849031,吕作英
7123284122848051972,和平家园来之不易，和平共处,0,1,0,2022-07-23 03:54:59,来自上海,5995490614,哇嘻
7123323195406566148,希望早日实现停火,0,0,0,2022-07-23 06:14:50,来自辽宁,51185387318,元气风筝Cct
7123332522049979173,不管怎么说土耳其确的地区影响力确实可以,0,0,0,2022-07-23 06:49:19,来自内蒙古,6829133092,幸运晚风JV
7123244220827304739,还以为停火了呢。,0,4,0,2022-07-23 01:09:06,来自辽宁,6944533517,大磨头1
7123321285668963086,美欧最不想看到的，以粮食安全继续嫁祸于俄罗斯，美欧彻底失败。,0,1,0,2022-07-23 06:07:07,来自甘肃,50624151317,春暖花开游山玩水
7123346429473096488,俄罗斯必胜,0,0,0,2022-07-23 07:43:27,来自江苏,4660020050,根正苗红46445195
7123317035278697251,土耳其有担当,0,0,0,2022-07-23 05:49:55,来自湖南,104784107317,完美微风Hc
7123298488271569700,土耳奇会不会从中换取利益？,0,1,0,2022-07-23 04:42:12,来自广西,4388848912835328,老中少发表哥
7123311820760711940,本次协议的签订，能够缓解当前面临的粮食危机，值得点赞！,0,0,0,2022-07-23 05:32:51,来自河南,3201386372925444,自在晴朗的天空
7123410123690607400,美国都不觉得耻辱，世界上就没有感觉到耻辱的国家了。,0,2,0,2022-07-23 11:50:08,来自甘肃,109758041346,西北少雨
7123308448909280011,世界需要和平,0,1,0,2022-07-23 05:20:15,来自广东,107705686117,东方大师
7123317462569042699,这个时候联合国怎么出来了？,0,0,1,2022-07-23 05:53:16,来自河北,360241028149277,周风涛
7123378981016994571,以前搞石油换食品，现在搞粮食换资金[尬笑],0,0,0,2022-07-23 09:49:03,来自江苏,21032959472,令狐补充2
7123181546802070279,俄罗斯卡紧口子，不让一粒粮食出去!,0,7,0,2022-07-22 21:03:20,来自新疆,52486578178,张维平16
7123372843546526472,字里行间只看到美国歇斯底里,0,8,0,2022-07-23 09:26:00,来自湖北,4039117493,菜鸟哥要淡定
7123323063403692835,俄乌战争以来，这也是取得了第一个好的开端，为将来谈判铺设了一条平坦的道路。,0,0,0,2022-07-23 06:13:09,来自陕西,3276196260874179,优雅海燕R
7123244831601836807,美国，欧盟，乌克兰，俄罗斯，这次都没再情绪化，这说明都尝到对抗的苦滋味了！这个信号有点意思！[害羞][机智][呲牙],0,7,1,2022-07-23 01:13:24,来自山东,98457937311,风姿卓越梦想KR
7123341988585718563,俄罗斯乌克兰签署历史性协议[鼓掌][鼓掌],0,0,0,2022-07-23 07:26:09,来自云南,4204967468729790,De明
7123353819043873574,不太看好此协议，各方利益协调的结果，很脆弱。,0,0,0,2022-07-23 08:12:59,来自河北,96398922291,笔墨纸砚乃书画之本
7123242876745581323,让他们去折腾，我们专心发展经济、建设国防。十年后，又上一个台阶！,0,3,0,2022-07-23 01:05:29,来自甘肃,6662354509,清闲的明月ek
7123317279328764675,土耳其在国际事务中具有话语权。,0,0,0,2022-07-23 05:53:09,来自四川,110470850018,儒雅柑桔cn
7123259525741888295,跨这一步，俄更有底气。,0,0,1,2022-07-23 02:14:36,来自四川,19289864906,无来无去2吊哥
7123274954086630177,居然乌克兰还有粮食出口，是不是真的？,0,1,0,2022-07-23 03:17:50,来自四川,20031932383,和睦兴旺2
7123360946550440711,你中有我，我中有你，各取所需，外行人才去争谁赢谁输！,0,5,1,2022-07-23 08:40:12,来自广西,1126317864519134,明山度
7123330721825030946,这个游戏玩的是谁先抗不住,0,0,0,2022-07-23 06:42:30,来自广东,6641024507,仁心7208
7123185741060326155,俄罗斯卡紧口子，不让一粒粮食出去!,0,1,0,2022-07-22 21:19:57,来自海南,109633171002,甘淑兵
7123325767257228066,就怕老美从中作梗。这份协议签属的挺顺利，能解决全球粮食危机也决解了俄乌两国屯积粮油肥出口问题。不知老美又会弄出啥夭蛾子。,0,0,1,2022-07-23 06:23:23,来自辽宁,18459925321,峰松2018
7123326266786202379,积极的信号,0,0,0,2022-07-23 06:26:28,来自河南,9579560125,努力保持清醒
7123282042787218179,土耳其竞成和事老,0,0,0,2022-07-23 03:44:04,来自甘肃,4292933206680807,聪明乌海6D
7123254631736181504,还是要吃饭,0,0,0,2022-07-23 01:51:14,,95564581245,认真的回来
7121490163930465060,[赞][赞][赞][赞]一针见血,0,0,0,2022-07-18 07:40:42,来自山东,3193112407,黄河口一郎
7123307192773903134,战争苦穷苦老百姓，[祈祷][祈祷][祈祷][祈祷][祈祷][祈祷],0,0,0,2022-07-23 05:13:02,来自山东,2133514723524621,乌语花香
7123317303952868136,希望战争早日结束，保持世界和平！[祈祷][祈祷][祈祷][祈祷][祈祷][祈祷][祈祷][祈祷][祈祷][祈祷][祈祷][祈祷],0,0,0,2022-07-23 05:51:01,来自山东,101670853092,奇妙一帆风顺
7123371306980066082,美国人的脸[捂脸],0,12,1,2022-07-23 09:19:38,来自重庆,108660781517,水镜四象
7123240062900519714,粮食卖给谁很重要！买多少军火俄罗斯并不看重。,0,1,0,2022-07-23 00:52:21,来自广西,53115232785,朝阳86
7121449344716555049,配合好的呢[酷拽],0,2,0,2022-07-18 05:03:56,来自黑龙江,1434237030126286,WB991566015118
7123270683656471336,俄乌签署粮食出口协议，打开粮食出口绿色通道，是一个好的开端，希望双方共同克制努力，将战争早日结束,0,1,0,2022-07-23 02:56:37,来自陕西,2317385647007613,貮髦
7123304982921052936,往好的方向发展是好事，但是根本性的问题是多少粮食才能够买导弹的给还上啊…,0,0,0,2022-07-23 05:06:43,来自辽宁,52582295050,14062103
7123243580159886087,风回路转起作用了,0,0,0,2022-07-23 01:07:35,来自黑龙江,6172679757,平哥81359941
7123305563098006287,美国人有点不高兴,0,0,0,2022-07-23 05:06:49,来自黑龙江,1605736292691408,3DD15D
7123317788906898176,俄罗斯人还是太仁慈,0,0,0,2022-07-23 05:52:56,来自福建,98749963387,勇者精灵1d
7123261399606444835,没进口协议？,0,0,0,2022-07-23 02:19:12,来自云南,57805858912,谈笑间指数灰飞烟灭
7123369063581516580,远亲不如近邻,0,0,0,2022-07-23 09:11:44,来自山西,81349549725,树树皆宜
7123309617999938343,到底谁赢了？,0,0,0,2022-07-23 05:23:52,来自山东,92817390045,名字取得长长的
7123301899612308235,打的只剩下粮食了。这是何苦呢[捂脸],0,0,0,2022-07-23 04:56:14,来自河北,2115096905525939,贫民论点
7123251131769602850,乌克兰该醒醒了!,0,1,0,2022-07-23 01:36:47,来自河南,6875137773,秋虫小吟
7123319125430567721,战争结束，股市上涨。,0,0,0,2022-07-23 05:58:06,来自广东,7005082094,顺德人008
