7123093602061845261,林志颖是专业级别的赛车手，都无法控制特斯拉车！对该品牌特斯拉也是感到害怕！,6,173,2,2022-07-22 15:22:37,,299482273022583,男兒當自強强
7123075308391252748,车神都控制不住特斯拉！！看来特斯拉经过这次林志颖车祸，销量应该会低一辆两辆的了吧,30,354,3,2022-07-22 14:11:50,来自内蒙古,6803023387,营养大菠菜
7123080361961341729,刹车系统失灵吗？,18,96,3,2022-07-22 14:31:33,来自广东,52514438260,一点小乐趣33
7123108111250227983,赛车手都起火🔥🔥🔥？？？,3,43,10,2022-07-22 16:18:29,来自广东,5483800912,老行说
7123085091538584334,我们老板刚提了一辆特斯拉[大笑],9,8,0,2022-07-22 14:49:18,来自广东,99845957053,安扬居家屋
7123133296242574095,看了视频，开的非常慢，顶多3.40这都能着火。电池在前面不安全啊。,2,24,0,2022-07-22 17:56:09,来自福建,50425775626,猫丸麻麻
7123057794601304873,连林志颖这种赛车手开特斯拉都出这事[捂脸],10,165,0,2022-07-22 13:03:10,来自北京,20752575698,阿米39
7123144899687580453,看了视频，车速并不快，还好人没事，被路人救出来了，证明中国台湾同胞还是有好人的,1,5,0,2022-07-22 18:41:15,来自广东,75925088888,王洁245948565
7123209117854106383,看视频一直在车道里面行驶的怎么突然偏离撞上去的。感觉故意的。,1,2,1,2022-07-22 22:50:21,来自江苏,6419896259,优雅叶子Y
7123094942028759811,林志颖是个专业赛车手 这应该是送孩子上辅导班的路上 他开的又不快 又排除酒驾 那么大家说是什么问题？,146,468,23,2022-07-22 15:28:09,来自陕西,6515546719,节奏里的光影
7123102419055674150,看大人和小孩的伤势，在危急关头爸爸还是下意识保护自己的孩子,1,6,0,2022-07-22 15:57:09,来自福建,110799829916,番茄110799829916
7123125816363549443,抛开事实不谈 林志颖难道就没有责任了 ？,5,0,0,2022-07-22 17:27:31,来自河北,23602339629,极不正常人类研究中心
7123086575252095755,不会毁容了吧[流泪],214,302,19,2022-07-22 14:55:32,来自上海,61132048211,雪仪涵
7123065409976746792,林志颖赛车手都驾驭不了的特斯拉,14,183,1,2022-07-22 13:32:49,来自江西,6313515271,CoCoQlANDETA
7123099695408464644,路面无碍、并非酒驾；速度不快、车手专业却出了车祸，这个是什么原因导致的呢？,76,305,21,2022-07-22 15:45:28,来自湖南,637350359337661,凡间烟火味
7123121734400066315,赛车手都驾驭不了，普通人能保证安全吗？,38,381,21,2022-07-22 17:11:54,来自四川,52443414721,主观观评员
7123199285113438983,看行车视频，感觉车子一颠一颠的，是不是车轮子出问题了！？希望小志平安！,1,1,0,2022-07-22 22:12:20,来自河南,102062781185,秃丘橡树
7123055764348011302,他是车手啊,67,206,4,2022-07-22 12:55:46,来自福建,104011189166,外贸老伍画虎烂
7123091872523862816,赛车手能撞桥墩？,3,2,0,2022-07-22 15:16:00,来自吉林,77800681123,喵黑黑813
7123141718580871936,前段时间买新能源，在特斯拉和小鹏之间犹豫不定，最后上网搜了几个新闻，全是特斯拉着火🔥，然后果断买了小鹏,2,0,0,2022-07-22 18:28:42,来自河北,5394222728,桃太郎他大哥
7123159491193242408,特斯拉 上一次被美女一闹一夜蒸发2400亿，降价后好像都在抢车一样，我村里一下子多了七辆特斯拉，这次林志颖事件不知道又会带来多少广告呢？,3,47,5,2022-07-22 19:37:37,来自福建,1417786994,念二零一六年六月初二
7123101856691733261,林志颖是专业车手，同时车内载儿子，基本可以排除驾驶技术差和不当操作可能吧？坐看特斯拉怎么回应,52,122,3,2022-07-22 15:54:41,来自浙江,52690215765,一念曾经
7123078760848605983,几个意思？一会儿经纪人否认是林志颖 一会儿家人又说伤者无大碍 ！当然了，网友也不希望林志颖受伤！意思是，不要总谎报事实！,8,25,3,2022-07-22 14:24:40,来自河北,60654194192,牛奋14431
7123137030309348127,比亚迪烧了就是新能源汽车，图片还打码，还是特斯拉简单明了,2,10,0,2022-07-22 18:10:46,来自山东,6824858453,乐观的鱼三岁
7123075005357228812,天呀，撞得这么严重！林志颖的车技，不应该啊！,77,168,4,2022-07-22 14:11:01,来自广东,92534532306,小芷莹
7123062514740757289,流鲜血是外伤无疑，但若是糊了八区的那可就坏事儿了。,37,261,71,2022-07-22 13:21:30,来自辽宁,56215142027,心仪馨怡
7123118633093727015,视频里面撞车前明显加速了啊，我曾经亲眼看见一个人开车撞上电线杆，还撞倒了，砸破了头，只是很慢，基本人是自己下车走去医院的，林志颖这个伤情，速度不会太慢，特斯拉这神奇的加速，如果小志不是赛车手，是不是会更严重啊，真是不敢想,7,46,6,2022-07-22 16:59:55,来自辽宁,104253529016,能不能不起用户名啊
7123141507729277711,特斯拉官方回应：林志颖操作不当致车辆失控起火…,2,27,3,2022-07-22 18:28:01,来自辽宁,1803674635235039,Qi小喵
7123083606565995304,他儿子多大？能坐副驾驶位吗？,13,16,4,2022-07-22 14:43:18,来自广东,80689351616,会越来越好的MM
7123110453786149636,路人救助者必须重奖！！救了大人孩子！！太惊险了！！,14,433,11,2022-07-22 16:28:21,来自湖北,105592367779,多才多艺森林之女
7123088719842247424,一个顶级的赛车手怎么可能突然车祸 特斯拉刹车失灵问题得不到解决,30,367,13,2022-07-22 15:03:19,来自江苏,6386882310,萨拉曼卡地
7123055946364109579,特斯拉失控谁能控制得了？,8,24,2,2022-07-22 12:56:33,来自广西,110190144371,爱思考的热情的梦想家
7123128398838498085,这车祸耐人寻味！,20,138,5,2022-07-22 17:37:26,来自天津,11121181942,率真的漂流瓶
7123085484137825064,可是那个现场照片，胖乎乎的，不像林志颖啊,14,18,1,2022-07-22 14:50:39,来自河北,85860005880,阳光一路盛开888
7123059878679347980,台湾小孩子居然可以坐副驾?,7,17,1,2022-07-22 13:11:51,来自广东,8399743888419,猪肉和猪腩肉妈妈
7123084999301268265,特斯拉真的不可以买,8,36,0,2022-07-22 14:48:42,来自上海,59824878241,鱼儿游一圈
7123085722969981729,林志玲咋样啊？没事吧,9,7,0,2022-07-22 14:52:27,来自河北,56495833196,嘎子偷狗天长地久
7123106899079529254,肱骨粉碎性骨折……估计以后都开不了车了吧，胳膊都未必能抬起来吧[泪奔],24,38,4,2022-07-22 16:14:27,来自海南,5527406513,有猫的可可奶
7123055215481307937,林志颖 不是赛车手技术不错啊为什么会这样[听歌],13,20,1,2022-07-22 12:53:28,来自海南,2838488900,GodfreyTsao2020
7123157251443180322,肱骨粉碎性骨折……这辈子告别赛车场了……我肱骨粉碎性骨折正在恢复期，不知道最后能啥样[加油],2,17,7,2022-07-22 19:29:00,来自辽宁,67897935370,笨笨
7123092001578402592,这就透露伤情了？唐山四个女孩这么久了都没透露伤情,24,311,5,2022-07-22 15:16:34,来自吉林,4481204662842468,冰雪覆盖下的冰凌花
7123085792637633292,车祸照片中胳膊的姿势很不正常！肩部应该完全错位了,5,50,7,2022-07-22 14:52:47,来自新疆,104797795028,海上的云卷云舒
7123063824416195362,家人都回应了，经纪人还说不是,112,751,95,2022-07-22 13:26:30,来自河北,58780115212,艳儿159714567
7123081023835161384,专业赛车手开着也出事了，不知道特斯拉这次还会不会再用刹车踩错了的理由来解释引起事故的原因。[what],7,67,5,2022-07-22 14:33:18,来自广东,4328122850486734,小虾米爱仙人掌
7123057861743575808,幸好没大碍，愿早日康复,4,51,1,2022-07-22 13:03:22,来自湖南,1380614376259683,桃子妈妈在长沙
7123093115464106786,而这次意外车祸并非发生在赛场之上，林志颖的儿子也在车上还受了伤，和之前那些赛车意外完全不是一个概念，想来林志颖本人对此也会非常心惊，最后也希望小朋友和林志颖能尽快康复，无论如何身体健康都是最重要的，大难不死必有后福！,1,39,7,2022-07-22 15:20:19,来自黑龙江,56193720037,伊琳楓
7123064736069731109,希望伤势不重，小志父子平安！,10,495,57,2022-07-22 13:30:27,来自辽宁,50267026603,刘天怡
7123114542485259049,我也认为是车子性能的问题，因为曾经听林志颖的访谈他就特别说过：以前过一个弯的时候都是全速的，后来有了孩子，每次在过弯的时候心里想着要全速时，眼前就会浮现kimi 的脸，就自然的降下速度了。这次他的车上还有孩子，我相信他一定不是飙车，并且以他专业赛车手的身份，操作失误也很难说得通。最大的可能就是车子性能出了问题。,4,23,2,2022-07-22 16:43:18,来自江苏,111195823645,被柏油路烫的跳探戈
7123068858080477964,林志颖不是世界著名赛车手吗？,111,157,3,2022-07-22 13:47:01,来自广东,3839907379289403,这样那样的事呀
7123174532017947406,他今年本命年犯太岁，真是不信不行啊，我老公也是1974出生，本来好好的身体一下子差点死了，心血管堵塞刚做手术，更可笑的是跟他一个病房三个人都是属虎的，一个比他大轮，一个比他小一轮,23,50,8,2022-07-22 20:36:01,来自山西,6019399168,大同女人
7123068486796395305,希望不老男神林志颖父子早点康复，又是特斯拉,3,87,2,2022-07-22 13:44:46,来自广西,68026245895,你的小红帽已上线
7123090703349121799,会不会是发现刹车失灵了，才无耐撞的隔离岛？,16,140,5,2022-07-22 15:11:04,来自江苏,92924226308,周太美好人生569
7123063616299369248,又是特斯拉？这种汽车真的有问题，出事儿的概率大！,55,284,4,2022-07-22 13:26:45,来自湖北,79973086005,絔合兲稥
7123092514474672933,伤得不轻啊！在大马路上车速不算快，感觉好像是分神了,2,9,1,2022-07-22 15:18:09,来自广东,15774180706,福娃娃46
7123103125258961699,完了不老男神这下毁容了,8,67,4,2022-07-22 15:59:08,来自内蒙古,5568106913,峰回路转60227642
7123089394789565222,林志颖是位老司机，此次出车祸出户意外。,2,12,2,2022-07-22 15:06:37,来自江苏,65607314718419,自若饼干4H
7123199114514432781,有没有发现特斯拉凡出了车祸，人都没事,1,0,0,2022-07-22 22:11:41,来自山东,100048129046,盎萤光
7123124950122382117,我老公说他开过一次。虽然几十万的。林志颖得肯定几百万。他好像说特斯拉得刹车跟油门跟普通车不一样。所以老司机遇到危机情况很容易踩错，就是习惯性。,11,20,6,2022-07-22 17:24:09,来自湖北,5919764874,小兜兜也丶
7123073055614042910,灰色是什么？,5,12,1,2022-07-22 14:02:48,来自广西,2736065909890791,优美钢笔A1
7123072416611828512,特斯拉会不会说林志颖不会开车？！,37,400,7,2022-07-22 14:00:55,来自山东,88681775244,竹珊220
7123066544284320519,按说他开车技术很牛的，为什么会失控？难道是特斯拉的原因？,132,512,49,2022-07-22 13:37:23,来自河北,92551422335,莫鱼1987
7123196775389299494,林志颖太相信特斯拉自动驾驶 在车上可能与儿子交谈 没有主动干预 由于阳光刺眼 导致特斯拉摄像头判断失误,1,5,0,2022-07-22 22:03:02,来自浙江,3671957348306637,可爱的奇闻趣事匣子
7123102643602015009,俗话说：是福不是祸，是祸躲不过！你说这好端端的车子怎么就撞护栏了还起火了呢？看来这车子要好好的反省一下！祝父子俩平安无事，快点好起来！祈祷！[祈祷][祈祷][祈祷][玫瑰][玫瑰],1,15,3,2022-07-22 15:57:57,来自江苏,1428995095932077,自在湖泊HGSUxq
7123070823044236062,林志颖可是赛车手，居然有人质疑他的驾驶技术[狗头],31,190,3,2022-07-22 13:53:43,来自安徽,111136295577,划评狂魔
7123094290582209295,人为吧，一个专业赛车手能在马路上伤成这样，我不太相信,11,68,5,2022-07-22 15:24:49,来自广东,2594495016474095,第一个猪猪花
7123096076542411535,这么慢撞的都还起火了，车子真差,5,69,3,2022-07-22 15:31:52,来自湖北,109066418755,小白羊吃青草
7123089786583581475,看伤者的照片不是林志颖,65,83,34,2022-07-22 15:07:26,来自辽宁,67221807398,上进的圆月qs
7123072649131557670,关键是一撞就起火,6,67,0,2022-07-22 14:01:53,来自湖北,66519659932,换个名字喔11426
7123089345665417991,可惜了不能赛车了，安全很重要,6,21,2,2022-07-22 15:05:44,来自江苏,110514495736,和平Rsdg
7123070741721432846,特斯拉频频出事！居然还没有垮掉！还有人敢开！简直就是拿生命安全开玩笑！,1,15,2,2022-07-22 13:53:41,来自四川,681294151816791,6375447182443洋妈
7123063900194538275,特斯拉能当赛车？！还是安全最重要,1,19,1,2022-07-22 13:26:45,来自北京,3562830221023959,灵小丽
7123080031534285605,什么车啊？这么容易烧？希望林志颖父子都没事,55,190,35,2022-07-22 14:30:00,来自福建,3122268100369566,上进朵朵佳
7123197437845472041,照片被传的到处是,3,9,1,2022-07-22 22:04:47,来自山东,111086648417,愿时间不辜负自己
7123074366644650784,有个视频，救援车来的时候拍到树底下躺着一个人，应该就是他了,21,62,18,2022-07-22 14:08:17,来自浙江,5757022971,阿飞Echo
7123181508520854275,感觉最有可能的就是走神了吧，有可能在和儿子说话，有可能在接电话，或者在干别的什么事，一般男人开车载孩子的时候都是尽可能开稳开慢，出车祸的第一时间林志颖想的肯定是儿子吧，祝早日康复,0,10,1,2022-07-22 21:03:28,来自江苏,80569030654,屁都不是12138
7123348387080422178,特斯拉如此垃圾，真心不喜欢,0,0,0,2022-07-23 07:50:57,来自浙江,3535715761,喜多有约
7123078207879856911,孩子呢？能报道全点吗？,20,53,2,2022-07-22 14:22:16,来自广东,68731640527,海仑
7123074865397056263,特斯拉刹车失灵！望小志早日康复,3,42,4,2022-07-22 14:09:47,来自河南,86578544646,Lucy安静
7123088573540336384,估计是踩刹车，误踩油门导致车加速了，这款车的驾驶者是需要培训的，官方早有说明。,1,1,1,2022-07-22 15:02:42,来自河北,1930396461178455,软件界的奋逗青年
7123141985237533455,魔改方向盘，把普通汽车方向圆盘，改为f1赛车的方向盘。我也是醉了。,1,0,0,2022-07-22 18:29:42,来自广东,77017034916,喝咖啡是一种生活
7123084674146026274,希望小朋友和林志颖能尽快康复，无论如何身体健康都是最重要的，大难不死必有后福！,1,140,5,2022-07-22 14:47:21,来自安徽,2805588598989037,风趣橙子Os
7123116114627805982,有的人开车看手机，后面有孩子容易分心，去年在市区限速60，前面红灯➕行人礼让，我减速慢性中后面的车之间把我推4 ，5米远，还好人没事，后面问她在干嘛是不是油门当刹车踩了，她说儿子在玩手机，劝儿子头往后看了一下车子就直接装上面去了，下一路口我就到家了，四车道其中三车道都没车。,2,8,4,2022-07-22 16:49:34,来自广西,2018296114970988,晴小雅2299
7123090954420667148,林父不是心梗去世了？,10,33,14,2022-07-22 15:12:47,来自上海,4186531767262811,高贵溪水gE
7123087229832168229,恶性影响太大了，不知道林氏父子这次要赔多少钱？500万肯定不够。,3,6,0,2022-07-22 14:57:25,来自河南,1763238838282372,供销江东分社
7123078768230499075,淹死的都是会游泳的，因为不会游的人都会做好保护措施，旁边有人监督。反而自认技术高超的人更易出事，道理你懂的。,25,60,26,2022-07-22 14:25:10,来自广东,60091453102,砖家的话不要信
7123073744364913449,林志颖给特斯拉又+一把🔥,5,116,1,2022-07-22 14:05:08,来自河南,2163467561477687,远创小辉
7123153149376217871,"以下几种可能，
第一：驾驶分心，视频可以看出来掉头后前面
没有车辆，可能分心导致。
第二：车子原因，掉头后打算开启自动驾驶，结果操作失误或者自动驾驶出错。
有些人说方向盘失控，但是可以刹车停下来，刹车失控想撞上去停下来，也不可能直接对着撞。
总不可能方向盘和刹车全部失效。",0,7,1,2022-07-22 19:13:07,来自湖南,97631907909,三界卐无天
7123061836673090334,不知道是不是还是特斯拉的问题,1,23,1,2022-07-22 13:19:10,来自江苏,5942590738,烟花三月古月
7123132602445218593,奇怪的是前面也没有看到有其他车辆，很明显是斜着走就撞到杆标上了,1,12,2,2022-07-22 17:53:49,来自河南,11175306977,人生之旅1677
7123333163879498527,车祸让林志颖悟出了，赛车是跟自己的比赛，而不是跟别人的比赛，赛车手一定要保持一颗平常心。人生又何尝不是要自己一路能守住本心，不浮不躁不娇不馁，做一个善良温暖智慧有爱的人,0,1,0,2022-07-23 06:51:51,来自山西,87038393428,陌上柔桑
7123082350199669534,怎么又是特斯拉，这特斯拉车还真不安全，这下又火了！,13,199,4,2022-07-22 14:38:47,来自江苏,68642980555,华夏女儿5608
7123072572664595241,不是说特斯拉最安全不会起火吗？不是说以往特斯拉发生事故都是驾驶员的技术问题吗？林志颖好像是专业赛车手啊！[尬笑]这可咋洗啊？[捂脸][捂脸][捂脸],2,26,0,2022-07-22 14:00:23,来自河南,64161742780,清白之年888
7123061457960715008,看到这则新闻特别难过。从小就认识的屏幕明星，下一秒就发生了不可思议的事情。哎，人有时候是如此脆弱，不管你曾经有多辉煌，多让旁人羡慕，灾难来时，就只是大千世界里的一粒红尘。希望早点公布伤情，一起祈祷🙏🏻,19,17,4,2022-07-22 13:17:18,来自福建,369856817661631,家在福州家有二宝
7123085896769291042,特斯拉是夺命车吗？出了这么多事故还有人敢开，真是勇气可嘉！,11,49,2,2022-07-22 14:52:18,来自广西,3467936932,小六呀小六6
7123066311378486053,车上的儿子是kimi吗？,20,68,18,2022-07-22 13:36:19,来自四川,5795468288,乐豆精灵
7123083784299496204,特斯拉车不行，多次出事了，刹车失灵。,24,184,6,2022-07-22 14:44:43,来自山东,52460311039,903110202
7123140290521039627,起火原因先不说 电车灭火是太难了 .....,1,1,0,2022-07-22 18:23:52,来自辽宁,4446072307450856,我见蛟龙TT
7123079006064935692,这次评论区居然没人说是油门刹车踩错了。,5,15,0,2022-07-22 14:26:20,来自河南,3314681936,oOAnonly
7123091797986804495,到底坐了几个人，一对父子，幼子？,1,19,20,2022-07-22 15:15:02,来自福建,6809585665,YY023528
7123093993722479396,到底是不是，经纪人也好玩，这有什么不能承认的，家里人都说是了,12,65,12,2022-07-22 15:24:16,来自江苏,1455342522209976,娃娃猫
7123074734559871784,难道这次还是驾驶技术有问题？,3,26,0,2022-07-22 14:08:49,来自广西,2741556871,大海23825024
7123131351180133157,这个意思就是说，换方向盘导致的起火！1,2,4,0,2022-07-22 17:48:56,来自河北,3729423164,小可观视界
7123083544649696004,那到底是不是林志颖出车祸了？,10,31,14,2022-07-22 14:43:44,来自山东,53157755710,梦幻兔朱迪
7123089267437896483,这可是我的男神，从小就崇拜啊！希望能平安[祈祷][祈祷][祈祷]，特斯拉会不会因为明星效应，而销量降低？还是开我的小破车，安全又省油！,4,16,1,2022-07-22 15:05:27,来自山东,108901527096,走路生风吖
7123083697116496648,我买的特斯拉股票，看来又得损失2000亿美金[流泪][流泪][流泪],2,8,0,2022-07-22 14:43:44,来自上海,54656818616,企鹅穿裤衩
7123200187488994059,电动车起火的速度，能不能逃出去看运气了,1,0,0,2022-07-22 22:16:22,来自辽宁,4011469219827335,佛系铎嘟嘟
7123062695645250318,吓得我不敢买了,4,10,1,2022-07-22 13:22:30,来自上海,1451002826073544,热闹云朵RC
7123068929291174696,车子开的很慢啊,3,59,2,2022-07-22 13:46:19,来自四川,10044707647,河东狮吼2017
7123069228488016653,不会被毁容吧,6,15,3,2022-07-22 13:48:07,来自河北,1592554660833805,安之若素
7123081984788169475,所以特斯拉需要做什么吗,10,40,3,2022-07-22 14:38:01,来自海南,2838488900,GodfreyTsao2020
7123105183747293964,看视频这个速度确实不快，而伤势看上去不轻的，以林志颖开车的水平和反应，如果其他大几十万级别的车子就是撞上柱子也不至于伤成这样吧，至于啥原因导致车祸暂且不提，但至少也反应出特斯拉的安全性堪忧吧,0,17,0,2022-07-22 16:07:27,来自广东,97951666257,凡人yy
7123061911528833803,为何日本德国大牌车没有很大肆宣传制造电车 是不是技术上哪里过不了关啊,24,14,6,2022-07-22 13:20:03,来自重庆,962798866413336,自由飞翔82
7123209388940542720,我觉得可能是太相信自动驾驶了。大意了。反应过来来不及了。,0,0,0,2022-07-22 22:51:35,来自江苏,6419896259,优雅叶子Y
7123127059564151593,有没有一种可能，先晕了，然后撞了！不然怎么解释直挺挺撞上去，车速并不快，气囊打开还伤的这么重，只有晕了没有保护动作才会这么惨！,3,3,1,2022-07-22 17:32:09,来自江苏,87265888880,甘蔗榴莲
7123061444114989864,林志颖也能出事，赛车高手,46,135,15,2022-07-22 13:17:09,来自江西,6313515271,CoCoQlANDETA
7123137282500559623,原来是改了方向盘，所以笔直撞上去来不及打方向,2,1,0,2022-07-22 18:11:55,来自四川,100267256693,古都老虎
7123185595551073057,看着车跑得好好的，突然车体左右摇摆上下颠簸，应该是轮胎哪里出现了问题，突然有某一个轮胎爆气，或者其他原因，引发车体不平衡，都有可能方向不稳，控制不住方向盘，导致撞击前面物体。,0,5,0,2022-07-22 21:19:13,来自山东,109271286130,秋水寞寞
7123068866360083239,特斯拉撞车已经不稀奇了，关键伤者是林志颖,11,79,3,2022-07-22 13:47:11,来自上海,50103275371,fafa1129
7123079906040595214,上午头条新闻，林志颖投身房地产，下午就~,3,13,1,2022-07-22 14:29:29,来自江苏,4305143543,摄影师COFFEE
7123058844007711522,千万别撞到脸，颜值这一块必须要保全,8,44,2,2022-07-22 13:07:09,来自广西,92762342857,飞旭溧溧
7123136556243927838,特斯拉系统一动，根本就控制不了，国内不就有一辆特斯拉，在路上低速很慢的在后面开着，突然偏离轨道一下冲进河里全部没了，结果都猜测咋回事，突然飞速飞向桥下！都光看提速真快，都不关心问题的严重,0,3,0,2022-07-22 18:08:48,来自山东,3590741246,中国龙9
7123096833324778276,"“但林志颖经纪人后回应道，该伤者不是林志颖本人。也有网友认为，这名伤者的面部轮廓与林志颖不符。
林志颖家人随后回应称他目前已经送至医院，应该没有大碍。”头一次见家人和经纪人各执一词的",2,16,2,2022-07-22 15:34:50,来自北京,4312417868,叶爱国38220405
7123110046757782312,车子没有明显的晃动，而且刹车灯也没有亮，驾驶技术绝对一流，现在只能等林志颖好转以后给出答案。望早日康复,1,11,0,2022-07-22 16:25:47,来自北京,54240116400,网咖新鲜事V
7123064710131811087,不是林志颖′,5,3,2,2022-07-22 13:30:02,来自广东,104466091005,可爱的一往直前
7123085478663897863,今天早上才看的新闻，6月份suv榜单特斯拉摸豆Y卖了五万多辆，差不多是后四名的总和[泪奔],8,4,3,2022-07-22 14:50:40,来自云南,3117545862,老甩PXT
7123076710656115489,这下我看中国网友怎么洗，还有说林志颖不会开车的吗？,2,10,0,2022-07-22 14:17:23,来自四川,6848805535,刚刚是我
7123325672915043075,感谢救人的路人，希望林志颖父子尽快康复[祈祷][祈祷][祈祷],0,3,0,2022-07-23 06:24:19,来自河北,52550489400,小荷听雨168333666
7123349409047249696,大难不死必有后福！祝福他父子俩早日恢复健康！,0,0,0,2022-07-23 07:55:30,来自陕西,220323082946247,果果家的N次方
7123094055902987040,林志颖一到虎年就出事，24岁虎年和48岁虎年都是车祸出事，而且都是本命年出事。,12,22,4,2022-07-22 15:24:53,,51383993492,猫头鹰综合资讯娱乐
7123257104936370957,希望都平安无事，还真是要谢谢路人搭救，好人一生平安,0,0,0,2022-07-23 02:02:43,来自福建,4428427192703592,才高八斗清风n1
7123070264120279820,特斯拉要不要教一教林志颖怎么开车？[奸笑],2,82,3,2022-07-22 13:52:40,来自辽宁,892398123620776,简单vo
7123074569564668708,特斯拉刹车失灵，失控撞了,2,29,0,2022-07-22 14:08:39,来自山东,5332111209,大鱼菇凉
7123070839947789093,为啥买特斯拉？？？？纳闷,11,52,5,2022-07-22 13:53:53,来自黑龙江,6508307775,林语涵小喵咪
7123061977601262371,这个图片应该不是现场图片,1,9,2,2022-07-22 13:19:25,来自河北,1974373871001230,一心一意菠萝r
7123105910267953961,还好路人把他们父子拉出来 不然后果不敢想,0,28,0,2022-07-22 16:09:44,来自重庆,1895187865929416,麦芽糖875678
7123118435210609449,特斯拉真的不可以买，林志颖是专业级别的赛车手，都无法控制特斯拉车！对该品牌特斯拉也是感到害怕！吓人，特斯拉出事状况机率这么高啊，还是不要买这个牌子的车，电动车有碰撞事故 燃烧报废的几率还挺大 一旦有燃烧就成废铁了。,2,12,3,2022-07-22 16:58:16,来自越南,5540252685,廈龍塑胶制品
7123135509286994700,电动车是不是都这毛病，电池不能撞，一撞就着火？,1,2,1,2022-07-22 18:05:17,来自河南,1411407243388855,自在三月天
7123095339804017421,查清事故原因，究竟特斯拉汽车有没有问题？,3,2,0,2022-07-22 15:29:09,来自河北,281937843324797,今天是个2的日子
7123208477354672899,这么有名气的演员赚了不少钱，这次人家把他父子俩从死亡线上救出，身体康复后得好好带着厚里去谢谢人家。,0,4,0,2022-07-22 22:48:40,来自上海,483394874248040,用户美羊羊
7123065975938859813,连赛车手都把控不了特斯拉，可想而知这车怎么样了？,5,156,4,2022-07-22 13:35:03,来自河南,59132615038,LYD浅秋
7123133909893825319,默哀，－路走好！但愿天堂没车祸，，,3,6,1,2022-07-22 17:59:01,来自广东,101655296021,啊浪818
7123067262756160270,油车开惯了，他可能不会开电车。。。,1,2,0,2022-07-22 13:40:22,来自江苏,1902262818,不帅也不萌
7123332596104332044,排出酒驾，这车祸有点奇怪,0,0,0,2022-07-23 06:50:46,来自江西,101662765099,椒颜玉米粒
7123095691320804107,特斯拉真牛！[赞][赞][赞][赞][赞]，杀人于无形，职业赛车手也躲不过！,2,15,1,2022-07-22 15:31:16,来自河南,50276416478,果爱朵
7123095086128186127,林志颖不是嫁给了一个日本人吗？,51,41,12,2022-07-22 15:27:47,来自重庆,93093508043,我啊169
7123092147863651111,车辆撞击一但引起锂电池破裂，车毁人亡是必须的(因为锂电池含磷.磷与空气发生化学反应产生自燃自爆，)目前的灭火器做不到与空气隔绝的效果。也是劳而无功.只有电池烧尽才会自己熄灭，,2,4,0,2022-07-22 15:17:28,来自湖南,63844000476,星星之火1580252876
7123106679520264990,速度也不快。。。安全气囊也弹出来了。。为啥手还脱臼，脸肿成胖子。。,8,20,5,2022-07-22 16:13:06,来自浙江,94181860115,兵小壮7775
7123080465052877575,刚刚刷到了的新闻，希望林志颖父子没事！,0,28,0,2022-07-22 14:31:24,来自广东,102883467050,勇敢的旭日z6
7123058051951067919,"应该学习台湾媒体：艺人某某某
我国大陆媒体 ： 著名明星…",0,1,0,2022-07-22 13:04:05,来自河南,54189943490,三斤八两长胜哥
7123138134468248358,希望林志颖父子伤势不重，快点康复。[祈祷][祈祷],0,0,0,2022-07-22 18:15:30,,1341044644125815,B0B0姐
7123124707959898921,据台湾媒体报道，7月22日上午，一辆白色特斯拉因失控在台湾桃园市发生车祸。警方经过调查，初步确认伤者为资深艺人林志颖，详细情况有待进一步的确认。从照片可以看出，现场的火势严重，让人不得不担心林志颖的身体状况。但林志颖经纪人后回应道，该伤者不是林志颖本人。也有网友认为，这名伤者的面部轮廓与林志颖不符。林志颖家人随后回应称他目前已经送至医院，应该没有大碍。,3,9,5,2022-07-22 17:22:40,来自山东,72102362583,二九壁纸分享
7123098947870589711,"首先祝祷人安全无大碍！
其次等待官方通报事故起因",0,0,0,2022-07-22 15:42:51,来自福建,3911216684,J洛河
7123109935701066508,电车，用电的车，碰撞就短路起火，火就烧烤,2,5,1,2022-07-22 16:26:13,来自广东,110367239004,快乐饭团w3
7123196769055818533,排除酒驾，这车祸有点奇怪,0,2,0,2022-07-22 22:02:39,来自湖北,4366905781787907,幸运天空cg
7123064789848507174,特斯拉官方回应：林志颖操作不当致车辆失控起火…,15,154,9,2022-07-22 13:30:56,来自广东,59120024706,个个木寸
7123088872611070754,林志颖是开赛车的，但愿不是他吧,12,21,5,2022-07-22 15:03:46,来自浙江,102004972592,发现1103
7123338447729050379,路人救助者必须重奖！！救了大人孩子！！太惊险了！,0,0,0,2022-07-23 07:13:31,来自山东,58187478925,咪咪5494150595234
7123059389971481384,他是赛车手，车技很好的！估计原因只能是车辆失控了！,18,101,2,2022-07-22 13:09:14,来自江苏,95660809849,外向火车Lk
7123074103401268008,这下不好办了，第一林志颖是相当出名的业余赛车手，不存在驾驶技术问题；第二，林志颖不差钱，特斯拉想用钱摆平此事，很难。,17,45,3,2022-07-22 14:06:30,来自北京,65326595588,石榴0712
7123223403293000489,职业赛车手，所以自己伤的比较重，副驾驶的孩子只是擦伤，不然孩子就危险了,0,1,0,2022-07-22 23:46:24,来自天津,6064866338,隐身的Ada
7123080394639328041,人家林志颖可是赛车手，这下特斯拉要解释车子没问题就没这么容易了。,7,53,1,2022-07-22 14:30:55,来自上海,4499412192,快乐的LB
7123075540265452323,他是赛车手，肯定不会是操作不当。应该是刹不住吧。,18,58,0,2022-07-22 14:12:09,来自河南,2594465959657351,找路的人
7123125084902015751,这方向盘也好意思叫车？,1,1,0,2022-07-22 17:24:30,来自四川,4358087435102445,喜一只狼
7123087781357683493,看监控视频不能认为是车辆失控！撞上隔离带一瞬间车子压根没减速！就是林志颖开车分心照顾孩子眼睛根本没盯着路面直接怼上的,4,10,3,2022-07-22 14:59:39,来自天津,85048476974,双公主爹地
7123080597123433216,很明显经纪人说谎了，毕竟受伤的照片有损于林志颖的形象，所以经纪人考虑的多而已！,2,29,5,2022-07-22 14:31:43,来自河南,6761132551,hgff12345678
7123069683905332007,众所周知。林志颖不会开车。特斯拉肯定会起诉林志颖。给特斯拉带来了这么负面的影响。,5,176,3,2022-07-22 13:50:10,来自山东,55781471057,英明神武王俊强
7123185647708029711,希望林志颖父子平安，早日康复！,0,3,0,2022-07-22 21:19:11,来自广东,2854758268812029,潇洒奇妙菠萝EJ
7123070735664562947,祸事都是给技术好的，水淹死都是会游泳的，大江大浪都过了，结果淹死在小河里，车技再高也有短板！,1,11,0,2022-07-22 13:54:07,来自贵州,4619564737,淡墨之痕
7123092387295314724,纸糊的吗，车速也没多快啊，车头能撞成这样[捂脸],1,17,1,2022-07-22 15:17:45,来自湖北,294292008476110,老许I你要老婆不要
7123065845294727969,传统大牌车企转新能源全电是非常容易的事情 至少已经研发实验15-20年的时间了 15年前以前我在混动车企工作过 主要是电池问题技术不过关 所以不能大肆推广 只能短途 而且必须得混动也后来也出了很多质量问题 最后倒闭了 这么多年过去了不知道技术过关没有,0,2,1,2022-07-22 13:35:09,来自重庆,962798866413336,自由飞翔82
7123080003524739840,看林志玲康复了怎么说，到底是自己驾驶问题还是车子原因,3,3,1,2022-07-22 14:29:26,来自湖北,5931017948,瓜怂呀
7123065637605622531,肯定是驾驶技术不过关，油门当成刹车踩。,9,89,1,2022-07-22 13:34:22,来自重庆,6386279116,华十二少
7123090566166577932,为什么非要买电动车，电动车不能剧烈运动，因为一但非常剧烈运动电池组会散架的，从而容易造成火灾隐患。,3,1,0,2022-07-22 15:11:21,来自辽宁,716528584767534,爽朗的紫气东来
7123129469594403615,电动汽车真的太容易起火了，这点是有些吓人[石化],0,1,0,2022-07-22 17:41:44,来自江苏,97174726464,背西瓜的小刺猬
7123122138924090153,我猜车子有问题，方向盘或刹车失灵了。为救助的路人点赞，也祝伤者早日康复！,0,10,0,2022-07-22 17:12:52,来自上海,10275428298,元气丰盈
7123073038975173408,看来专业车手也难驾驭得了这特斯拉啊,2,60,0,2022-07-22 14:03:18,来自湖南,50036920514,半口威士忌
7123205952416973583,希望伤势不重，小志父子平安！,0,0,0,2022-07-22 22:37:58,来自吉林,101156483965,灵巧孔雀7
7123206107514340131,祝福林志颖父子一切平安，早日康复。,0,0,0,2022-07-22 22:38:47,来自吉林,101156483965,灵巧孔雀7
7123126371534013197,安全气囊没打开？或许他非常后悔买这俩特斯拉吧，毁容+骨折，对他来说代价太大了，他家里那么多豪车。还好当时有人帮忙拉出来，要是没人看见就直接活活烧死了。,0,8,0,2022-07-22 17:29:40,来自广西,111110375639,冬江月影
7123090651755561768,经纪人否认，那就让林志颖出来走两步。是不就是是，不是就是不是，事实证明一切。,1,4,0,2022-07-22 15:10:49,来自内蒙古,103481329019,时髦星辰CF
7123215263332025128,车里一共几个人呢，如果照片不是林志颖，也不是他儿子，那是谁？,0,0,1,2022-07-22 23:14:36,来自江苏,950411418154733,欢乐生活家NN
7123343045403722508,一直胳膊向外脱臼，应该是挡在儿子面前的那只胳膊，说明第一时间是伸手保护孩子的，另一只手挽救方向盘，根本护不住自己,0,0,0,2022-07-23 07:31:21,来自山西,101232980155,一蝉小和尚337
7123064718755611425,人们都说了特斯拉有问题，他为什么偏偏不相信？而拿自己和家人生命去做实验，你看这不是又失控了吗？还是祝福伤者早日康复安好！,9,84,5,2022-07-22 13:31:01,来自海南,99003982354,嫉恶如仇Xlt
7123108239524512519,方向盘设计缺陷,6,12,2,2022-07-22 16:19:10,来自浙江,501031632639390,touttt
7123230821502386978,赛车手出车祸太意外了[祈祷][祈祷][祈祷]希望无大碍。,0,0,0,2022-07-23 00:15:31,来自上海,67628600874,庭院月季
7123086622941365032,祝福林志颖父子一切平安，早日康复。,0,42,6,2022-07-22 14:55:01,来自广东,5720795811,陌上花开紫云英
7123121802578232094,林志颖赛车手都操控不了特斯拉，难怪那么多特斯拉失控,1,8,0,2022-07-22 17:11:53,来自贵州,3284965145721443,优美花猫t3
7123120553347023656,到底是还是不是？经纪人说不是，家人说已经送往医院！,1,1,0,2022-07-22 17:06:39,来自山东,102425638566,一线收货者
7123098693297308450,颜面骨折，这毁容的意思不[擦汗],0,8,0,2022-07-22 15:41:58,来自广东,4328118579889747,重鼎行政
7123111941387633438,开车人出事的时候是不是惯性打方向盘，无可避免的时候就直接撞上去，我绝对肯定他的技术水平，他也绝对处理的冷静，希望平安，上周才又刷了第一季的爸爸去哪儿,0,0,0,2022-07-22 16:33:22,来自陕西,3964275177,飞翔的翅膀30727521
7123075413769143043,林志颖会不会是特斯拉砍跌下神坛的关键人物,1,41,2,2022-07-22 14:12:10,来自江苏,85098728311,五百年前
7123216455335904014,顶级赛车手，无酒驾，无高速，拉着儿子，开着特斯拉，撞了，着火了，，，，，，,0,3,0,2022-07-22 23:19:40,来自山东,95116303645,963553701
7123078097620501281,林志颖专业玩车的也开特斯拉[赞],9,9,2,2022-07-22 14:22:57,来自四川,896854353263147,好奇乔斯林0t9
7123081533283418895,事出反常必有妖前两天还很稳好可惜颜值了有实力就是没用正道上[微笑][微笑][微笑]还是救救我们这些穷人一起致富多好的事情,6,0,1,2022-07-22 14:35:08,来自四川,51036857920,刘彦Ly
7123075999109694243,车子卖的很火，卖点就是失控,2,18,0,2022-07-22 14:14:02,来自广东,2053484826600276,消防义工
7123056388594844423,前段时间在日本比赛胜利还举五星红旗，现在就出事。感觉不寻常啊,5,84,3,2022-07-22 12:57:49,来自河南,104221544977,补贰刀丶
7123089254661554944,特斯拉：我们将起诉林志颖。他故意黑我们,1,2,0,2022-07-22 15:05:13,来自辽宁,532584592842940,我爱吃大魔王
7123131944069743375,肯定是踩错油门了，一定是驾驶员自己问题[看]一定是这样的,1,7,1,2022-07-22 17:50:47,来自上海,110887439352,起个有特点的名字哎
7123262545950966568,站在医生的角度看，有可能是突发心脑血管疾病引起身体不适造成车祸。,0,0,0,2022-07-23 02:22:21,来自贵州,4182165413443079,乐观的帆船wI
7123242706641830693,这下完了毁容了，我可做过下颌骨手术，几年了一直麻木状态,0,1,0,2022-07-23 01:04:20,来自新疆,102030933896,陈大大284695279
7123177775019901730,林志颖命运多舛！已经出过一次车祸，这次更严重！这车的质量说得过去吗？愿小志挺过来！[给力],0,0,0,2022-07-22 20:48:25,来自北京,188710471861277,女神Alice
7123283075890676512,没有唐山医生尽责，没有尽到保护责任,0,0,0,2022-07-23 03:49:27,来自四川,1983168331920974,爱生活的寡言
7123095783192773389,希望林志颖早日康复，毕竟是我童年的偶像，现在也是偶像，唉，真的是不顺！,0,10,0,2022-07-22 15:31:07,来自湖北,24171326660,马又见马
7123054289916166923,特斯拉可能会问：会不会是林志颖驾驶技术不过关，方向盘把握不住，把油门当刹车[捂脸][捂脸][捂脸][捂脸],13,196,3,2022-07-22 12:50:06,来自广东,3990659977,独一无二的随走随停
7123070017989641000,郭德纲：特斯拉不是赛车，小志好好养伤,3,33,0,2022-07-22 13:50:29,来自河南,4177712720,中原特产哥
7123206639263875881,唉啊，要不是路人相救后果真是不敢想象！这次已经敲警钟了！！,0,1,0,2022-07-22 22:40:48,来自山东,94810660220,高贵辰星R7
7123083278726710023,他钟爱特斯拉，曾说已经多年不知油价是多少！可惜差点折在特斯拉上！作为一个赛车手，这种车祸真的是太离谱了，毕竟车里有孩子！难道又是特斯拉自动驾驶惹的祸？,2,32,4,2022-07-22 14:42:28,来自北京,104255426070,昼贤夜凡
7123136167528825603,想想后怕感谢路人，一辈子的恩人[赞][赞][赞][比心][比心][比心],0,9,0,2022-07-22 18:08:08,来自江苏,13688631953,熏衣草154397924
7123326036817363742,为路人的勇敢行为点赞[赞][赞][赞][赞],0,0,0,2022-07-23 06:25:29,来自江苏,11263906062,fyy源来如此
7123126399703499557,啥问题能咋滴，这车速至少油车不至于着火，顺便问一下这车钣个金打点腻子换块电池还能开不？[打脸],9,12,2,2022-07-22 17:29:45,来自辽宁,3859273052,MacosX
7123079222033548067,林志颖不是说车技国内数一数二的吗？怎么还会失控[泪奔][泪奔][泪奔],23,23,6,2022-07-22 14:26:26,来自云南,1640102753216740,欢快小猫Wl
7123318271398953765,前段时间刚刚赢了冠军，让人难以捉摸，顶级赛车手呀，车速又不快正常驾驶就突然撞车了，匪夷所思。严查吧！,0,1,0,2022-07-23 05:55:51,来自辽宁,3993064331291720,娜娜duan1
7123203671697146637,保佑冻龄男神林志颖平安，恢复不老容颜！父子早日康复！[祈祷][祈祷],0,4,0,2022-07-22 22:29:31,来自北京,50407222424,事事顺利15
7123223759120991017,没有酒驾，车速不快。接孩子路上，能开多快？车上有孩子，一定是开得很小心。什么原因？,0,0,0,2022-07-22 23:47:49,来自辽宁,3672022986532989,巧克力味的金帝
7123192668867609375,估计受伤肿变形了，经纪人认不出来吧,0,1,0,2022-07-22 21:46:36,来自北京,597789676156701,聪颖微风nh
7123197144991122189,对头，大难不死，必有后福，愿林志颖早日康复,0,0,0,2022-07-22 22:04:08,来自重庆,2207435685889895,多彩溪流qc
7123078546029396771,特斯拉太恐怖了,1,7,3,2022-07-22 14:23:49,来自广东,101257630589,Aurorayaz
7123190868609368847,希望林志颖父子早日康复,0,0,0,2022-07-22 21:39:16,来自韩国,50030702428,ivy45
7123351775079826176,肱骨骨折两年半了，还没好利索，疼,0,0,0,2022-07-23 08:04:03,来自天津,6999004073,咪宝是只二哈喵
7123086684551840553,赛车手出车祸，有点不敢相信。非常喜欢林志颖，喜欢他早日康复。,0,13,0,2022-07-22 14:55:26,来自山东,87765941392,半城风雨
7123217430658302754,我以为不是他的[泣不成声]结果哎！希望早日康复，你可是最棒的赛车手，加油。,0,1,0,2022-07-22 23:22:48,来自海南,103394529241,MiMi
7123316669116302083,特斯拉，20年的车手驾驭不了的“名车”，ren命收割机，名不虚传。,0,1,0,2022-07-23 05:51:10,来自辽宁,3579608023966536,豆包大馇子
7123157787496514343,车祸原因是什么呢？他可是赛车手,0,0,0,2022-07-22 19:31:47,来自山东,90107845641,静待花开4161
7123051697508713219,专业车手，上月夺冠，这样的特斯拉还有什么话说,1,25,0,2022-07-22 12:39:48,来自福建,2858361352368163,温馨提示，只爱温馨
7123095661662749452,特斯拉是失控了吗？等待车祸原因,0,1,0,2022-07-22 15:31:09,来自广东,60717268859,热咖啡好喝
7123086978950005538,久走夜路，碰到鬼就难免了，有时候，危险刺激的爱好，还是要适可而止！特别是在不熟悉车况的情况下！,4,11,2,2022-07-22 14:56:30,来自北京,101813538341,晶灵指环
7123072122498695971,"特斯拉:我给你1000万，你别说自动驾驶。
林志颖：人民币，不是新台币。",12,35,2,2022-07-22 13:58:53,来自河南,50296823728,诺基亚COO
7123195282128651021,路面无碍、并非酒驾；速度不快、车手专业却出了车祸，这个是什么原因导致的呢？,0,3,1,2022-07-22 21:56:50,来自湖北,1218689517227223,阿啦胖头鱼
7123060758258664192,林志颖肯定是不会驾驶汽车 要么万能的特斯拉怎么会自己装上分割岛呢,1,4,0,2022-07-22 13:14:40,,4107891908,天天天天干啥勒
7123241231941649156,专业车手啊，带着孩子撞电线杆，还起火…脑补一下吧，什么原因，等待官方公布吧！不敢猜！,0,0,0,2022-07-23 00:59:53,来自浙江,1503726165045524,小草的杰克
7123076894760895243,好像现在谁死了都不算新闻，人变得冷漠了，还是那些人真的不值得我难过？我真正的偶像是刘德华之类，正义感爆棚，吴孟达也是带给我们很多欢乐，这些人才是社会不可多得的人,1,10,1,2022-07-22 14:18:07,来自广东,111494107998,极客孤帆去悠悠
7123143377780720424,我觉得林先生开车走神了，就撞上护栏了。如果刹车有问题，不至于撞中间，他有经验，失灵会撞护栏侧边，这样才最安全撞停,0,1,0,2022-07-22 18:35:13,来自广东,97231974290,城哥7818
7123205479299711752,他如此严重 副驾驶仅擦伤，肯定是为了保护儿子,0,0,0,2022-07-22 22:36:38,,51956252691,香港基因检测
7123063263692243743,愿世上无车祸！高高兴兴出门，平平安安回家！,0,22,1,2022-07-22 13:24:34,来自广西,104277581905,惜缘62933
7123135726916600589,[呲牙][呲牙][呲牙]这叫大难不死，必有后福，“他死啦”车企会找林志颖谈封口费了，信不？一个赛车手开“他死啦”会出事故，请问是车手的问题？还是车的问题？这是最好的代言了。。。。。,0,20,0,2022-07-22 18:05:45,来自广西,104140735257,随性自由的星星N
7123114978374632195,希望林志颖父子早日康复[祈祷][祈祷][祈祷],0,6,0,2022-07-22 16:45:43,来自广西,2692037201104435,幸运露珠Xin
7123107177157608224,估计是制动出了问题，只能选择撞护栏，紧急停车，不然与其他车相撞，更危险，而且你看到儿子受伤较轻，说明，他是选择主驾这边相撞，是一个好父亲，能有临危处置方式，也是个好车手,0,8,0,2022-07-22 16:15:11,来自福建,87659477897,就爱点评
7123305394520556326,不管伤者是谁，都祝他早日康复，[祈祷][祈祷][祈祷],0,0,0,2022-07-23 05:08:21,来自广东,3174988067388519,广西卢
7123199308266373924,保佑林志颖父子平安！早日康复！[祈祷][祈祷][祈祷],0,0,0,2022-07-22 22:59:55,,108219760668,神秘小红花sP
7123072339113411368,特斯拉自动避让呢,4,24,1,2022-07-22 13:59:40,来自上海,80834275671,思库比
7123204472864015118,身为职业赛车手的林志颖开车出车祸了，不知是驾驶员的失误还是电动车本身的缺陷？希望林志颖父子平安！,0,1,1,2022-07-22 22:32:45,来自天津,98057355970,自若奶酪0f3
7123092384426246946,天保林志颖父子大步跨过，尽快康复[祈祷][祈祷][祈祷][祈祷],0,9,0,2022-07-22 15:17:26,来自广东,108797825939,悠闲扑克aA
7123076012929696545,开了几十年车的专业车手竟然能撞桥墩应该是发现不对紧急处理，的亏遇到好人[赞],1,4,2,2022-07-22 14:14:48,来自陕西,101675332482,纪录精彩
7123214474005250847,一名专业车手不应该呀？这是什么原因呢？,0,1,0,2022-07-22 23:11:42,来自浙江,1050780383072920,潇洒野Ye
7123114629597315874,可怕的是，电动车只要撞击就会起火？？？现场救援群众说撞击后他去救人，就出来五秒钟。就全部燃烧了，如果是车门锁死了人出不来，那后果不堪设想啊，那就是撞车没事但是被活活烧死了,0,0,0,2022-07-22 16:43:41,来自海南,57588095061,说来变去
7123159009506853667,太惊险了！不过人没事就好,0,1,0,2022-07-22 19:35:52,来自广东,980385224727693,朝阳6f
7123070562138227489,赛车那么快都没事，开个特斯拉就出事,4,11,1,2022-07-22 13:53:46,来自广西,5500767980,LLBWLL
7123188102915081001,父子平安就好！不幸中的万幸！祝早日康复！,0,0,0,2022-07-22 21:28:44,来自湖南,4005327451,Tyc3I8168
7123316961940914975,不要有人正好车子上放害人的东西怎么回事？这么好的路，怎么会出车祸？,0,0,0,2022-07-23 05:50:02,来自江西,98865421648,人人贷还了本金2468
7123214041216303913,这车祸实在是匪夷所思耐人寻味哦！,0,0,0,2022-07-22 23:09:46,来自河南,78149397288,春晖
7123076316064154383,希望伤势不重，小志父子平安！,0,22,2,2022-07-22 14:14:57,来自山东,55088403154,睿智小红花18
7123327549542990625,带着孩子应该不会酒驾希望平安,0,0,0,2022-07-23 06:31:29,来自河南,1327858308102624,上进白云yz
7123240296997487394,啊……希望没事，平平安安,0,0,0,2022-07-23 00:53:30,来自福建,92456917097,拉飞的那年
7123093067044930308,特拉斯:幸好开的是特斯拉，不然就没命了,1,2,1,2022-07-22 15:20:39,来自广东,3095817840501470,机坪小盹哥
7123087971226174246,祝愿林志颖父子平平安安！怎么总是觉得是一场陷害,0,9,0,2022-07-22 15:01:20,来自广东,52152962927,草莓160106929
7123122668777882372,刹车系统不工作吗，,1,7,1,2022-07-22 17:15:30,来自宁夏,6601401648,A股三千只取一瓢
7123166392618107688,只希望林志颖平安无事，快点康复起来。,0,0,2,2022-07-22 20:04:13,来自广东,92357921885,y0s69sam
7123103372840403726,以林志颖这么多年赛车手的经验，即使驾驶的车辆出现小的状况，一个赛车手的心理素质和技术，轻松应对还是不成问题的。但直接撞向护栏并起火受伤，这就有点匪夷所思了。,0,1,0,2022-07-22 16:00:28,来自重庆,6867080560,煎饼侠救救我
7123205368129979168,他开这辆车还带着孩子 应该不是飙车 得是正常行驶 毕竟还有孩子在上面 怎么就会这样了呢,0,1,0,2022-07-22 22:36:48,来自山东,56859780923,L153036190
7123106558653219623,这绝对是车辆失控。原因是1拉着儿子不可能酒驾，2属于赛车手出现这样操作失误的情况不太可能出现，所以唯一的解释就是结合特斯拉事故频发，所以车辆问题跟大可能,0,1,0,2022-07-22 16:13:08,来自广东,52033860257,天下正义1980
7123118030955266854,希望他们父子没事,0,1,0,2022-07-22 16:57:26,来自四川,3856720306649847,好学云朵7S0
7123089278813078312,不至于啊？林志颖是一等一的赛车高手，要说驾驶失误不太可能啊？不敢相信,2,21,2,2022-07-22 15:05:34,来自北京,82151762184,小齐飞剑
7123061760688997123,林志颖肯定没有接受特斯拉的培训教育，特斯拉肯定没问题[泪奔][泪奔],2,60,2,2022-07-22 13:19:30,来自江苏,88876990969,往事随风789789
7123098506059072291,昨天我还说怎么现在特斯拉没有事件了？前段时间的刹车失灵事件怎么都销声匿迹了？[流泪][流泪],0,1,0,2022-07-22 15:41:08,来自山东,3360583848044591,顶级明镜0P
7123072201175843619,电动车非常容易起火,1,16,1,2022-07-22 13:59:16,来自黑龙江,3779660789,卡尔曼丶怒风
7123072602788791077,"特斯拉还没反应？
特斯拉应该立即马上十万火急地出来发个通告：此次事件是驾驶员操作失误，与车辆本身无关",4,28,3,2022-07-22 14:01:10,来自北京,52362314664,heyar
7123116782453277451,特斯拉这回没法赖司机车技差了吧,0,3,0,2022-07-22 16:52:27,来自广东,98541212483,弥太
7123055745159037711,不用马赛克啦，都传开是林志颖,19,49,9,2022-07-22 12:55:00,来自广东,1003210050638767,D-Boy
7123110053015929637,方向盘哪有这样的……是准备不转弯用的,3,0,4,2022-07-22 16:26:16,来自广东,103682624989,我是隔壁的泰山我喔我
7123107748044292868,带着孩子酒驾的可能性不高，看车速也不快，又是专业赛车手级别的老手，如果车没有问题还真是让人百思不得其解…,0,7,0,2022-07-22 16:17:30,来自四川,6229864633,小爽82989186
7123120741943345950,好像特斯拉发生失控不是一回两回了。,0,3,0,2022-07-22 17:07:39,来自广东,4094843124,小小红花
7123074102478881567,初步确认？可能再次确认的时候就可能不是林志颖了，这么简洁点儿事儿，竟然还弄个初步确认？,3,9,2,2022-07-22 14:07:20,来自河北,110196421698,潇烟暮雨518
7123123677231285000,不是专业赛车的么，怎么还撞车了,7,1,2,2022-07-22 17:19:21,来自广东,109520038910,47槟
7123068743202800424,希望小志父子平安无事！！！你是我们全民不老男神呀，一定要好好的[流泪][流泪][流泪][祈祷][祈祷][祈祷],2,19,3,2022-07-22 13:45:46,来自广东,106277082872,慕容若203
7123338986307257126,有没有可能是驾驶过程中溜号分神了？,0,0,0,2022-07-23 07:15:48,来自辽宁,6942914161,MMLinda
7123122745038340879,没注意车前状况，是不是在看手机？,0,1,0,2022-07-22 17:15:11,来自江西,52019940764,婷135135744
7123078053899027235,祝福林志颖父子一切平安，早日康复。,1,45,4,2022-07-22 14:21:56,来自广东,59882673172,尾巴鱼YQ
7123222675753108238,希望小志早日康复，快点好起来，平平安安，人没事就好,0,0,0,2022-07-22 23:44:16,来自江西,1626893075359278,沉着蛋糕mM小枫
7123076340961821448,吓人，特斯拉出事状况机率这么高啊，还是不要买这个牌子的车。,0,20,0,2022-07-22 14:15:32,来自上海,6358639752,小吃霍霍霍
7123177869190726400,希望别毁容就好，那么帅的一个人。祈祷平安,0,1,0,2022-07-22 20:48:51,来自广东,111070094882,富拿
7123065696690422541,一撞到电池就起火？,2,6,3,2022-07-22 13:33:48,来自广东,3869694692,内华阳荷
7123192352277709599,人平安就是万幸了[祈祷],0,0,0,2022-07-22 21:45:39,来自四川,93502246100,QIQI
7123204426277651211,没听有这么句话吗？淹死的都是会水的。,0,0,0,2022-07-22 22:32:53,来自安徽,63759787231,冰雪玉儿
7123062085063328552,看来再好的车技也干不过特斯拉,1,29,3,2022-07-22 13:19:40,来自广东,4437571307,清闲的喜鹊w
7123252600027300647,特斯拉怎么起火燃烧🔥这太可怕😱,0,0,0,2022-07-23 01:45:40,来自安徽,3435771327,多才海浪op
7123100151866032929,希望他们父子没事,0,1,0,2022-07-22 15:48:08,来自安徽,6058262146,晴雨天77644018
7123084815649473292,车祸现场火势好大，希望他们没事,0,7,3,2022-07-22 14:48:50,来自广东,1209093164380669,g150126
7123064355490579200,又是特斯拉出事,0,14,0,2022-07-22 13:28:31,来自福建,50496022278,梅子red
7123055897332859661,希望伤势不重，小志父子平安！,0,25,6,2022-07-22 12:55:53,来自广东,109723832099,咸薄荷老香黄
7123126511393719047,发生事故后，电车比油车更容易起火,0,3,0,2022-07-22 17:30:23,来自广东,81783948932,上帝所愿
7123088235404313359,台湾警方：我们不敢说是特斯拉的问题[泪奔][泪奔][泪奔][泪奔][泪奔]只能说是林志颖突然看不清路况撞上去的[泪奔][泪奔][泪奔][泪奔][泪奔][泪奔],0,19,0,2022-07-22 15:01:33,来自河北,59267553180,18yearsOld
7123095378043945736,"最后的照片好帅。
林志颖这辈子值了，年轻时最帅的帅哥。事业成功，一直也没啥不好的传闻。希望小志顺利，安全，早日恢复。",0,2,0,2022-07-22 15:29:29,来自湖南,52784794964,咪呀呀咪141239201
7123082163171525416,咋又是特斯拉起火燃烧🔥呢,0,8,0,2022-07-22 14:37:42,来自辽宁,493001995193851,杉杉世纪
7123139125062353696,特斯拉安全太差，这么慢车速，林志颖车手都能撞的鲜血淋漓的，太费命,0,5,0,2022-07-22 18:19:17,来自福建,8331617865,潇洒星辰大海w
7123134307040084776,刚才看新闻说正好有个人 在现场把他们救出来 林志颖腿卡住了 受到撞击 全身也动不了 这个路人把他们救出来后 很快就起火了,0,4,0,2022-07-22 17:59:59,来自山东,93071253017,农村励志小青年
7123334714676642592,林志颖出车禍了，受伤不轻,0,0,0,2022-07-23 06:59:07,来自山东,60205922878,清晨43618
7123178304664011534,这个车祸，太诡异了，,0,0,0,2022-07-22 20:50:47,来自黑龙江,176364901106392,哈尔滨小女人
7123074998793061150,林志颖是赛车手他都控制不了，特斯拉真的会要命，从上次刹车失灵事件之后，看见特斯拉会下意识躲远点,0,3,0,2022-07-22 14:10:21,来自河北,51778107785,世界那么大就该去看看
7123223148262228776,本命年确实挺危险，还好没伤及性命……,0,0,0,2022-07-22 23:45:11,来自辽宁,6139740916,俺家大乖宝80512547
7123199487925076736,凭志颖的性格应是个小心的人，警察说是因不注意前面灯柱引起，还真让人费解，极有可能是和小孩互动一时疏忽。,0,0,0,2022-07-22 22:12:55,来自广西,796498236807036,健康万金油
7123055546961232680,什么破车，这么容易烧,21,101,5,2022-07-22 12:54:12,来自浙江,97558592050,标哥爱美食
7123208572330722061,世事无常，意外随时会发生，愿林志颖及家人早日康复。,0,0,0,2022-07-22 22:48:47,来自河南,6231316000,执酒共酌
7123116228532618023,林志颖不是专业赛车手吗？希望没事，还有孩子在呢,0,3,0,2022-07-22 16:50:29,来自广东,2133518513873280,陈蛐蛐
7123109082282345256,又是特斯拉事故,0,0,0,2022-07-22 16:22:13,来自广东,54863619913,安鑫CNC机加工
7123112084275135232,希望人没事[祈祷][祈祷][祈祷]林志颖那么多豪车不开，跑去开特斯拉，唉！,0,5,1,2022-07-22 16:33:44,来自广东,1363045597592526,Gigi903
7123123210647978755,下次再买一个，继续玩。,2,6,0,2022-07-22 17:17:34,来自河南,106751301912,新能源推广大使
7123073829123212065,十次事故九次快…还有一次是意外。,9,9,2,2022-07-22 14:06:08,来自广东,105091178451,南方姑娘小小关
7123345812725875494,看来说的没错，特斯拉真的会突然失控自动加速啊啊啊，他带孩子肯定不会开快车，视频显示也很慢，能把脸部撞骨折，车毁成这样，这车速，可不是一般的快,0,0,0,2022-07-23 07:42:00,来自湖北,63505947909,爱生活白云6R
7123311956517389094,疯狂的F1赛车没有出到这么严重的车祸，反倒是普通车特斯拉伤到了f1赛车手林志颖,0,0,0,2022-07-23 05:32:44,来自江西,104581651028,娟惠儿的视频
7123197450499998496,大难不死必有后福。,0,0,0,2022-07-22 22:05:32,来自云南,2299823482218115,用户马艳芬
7123083902608278275,是不是特斯拉的问题啊，赛车手载着小朋友，不该出现这种低级错误啊，简直不敢相信啊。,0,8,0,2022-07-22 14:45:13,来自广东,4578649976,筱瞳Q
7123206623543919374,会不会林志颖的身体突然间不舒服昏昏沉沉的开车,0,0,0,2022-07-22 22:41:13,来自广东,5194642094,小妍37
7123118163487146752,特斯拉刹车失灵或自燃时有发生,0,3,0,2022-07-22 16:57:26,来自广东,101274114773,智者圆月Oy
7123084975272133410,脸部骨折说明伤势比较严重，希望林志𩓙早日康复,0,20,0,2022-07-22 14:48:44,来自广东,11263789089,蓝炜智慧
7123089743193195298,希望无大碍，早日康复！,0,1,0,2022-07-22 15:07:16,来自湖南,110804793262,机智的叶子Du
7123195658772759326,真心希望他们都好！作为专业赛车手，这个车子问题太大了！,0,0,0,2022-07-22 21:58:14,来自广东,1305839148481012,忘情水412
7123091523633726247,特斯拉车主注意，你的爱车可能受第三方操控……我只是说可能,0,12,0,2022-07-22 15:14:58,来自吉林,4562773321,江南公瑾
7123255168967279364,看到特斯拉的方向盘我瞬间手残[捂脸][捂脸],0,1,0,2022-07-23 01:55:15,来自广东,3777527209533651,小坏坏的日常
7123295346230838028,林志颖是专业赛车手，他又排出酒驾，大家看看是什么原因呢？,0,1,0,2022-07-23 04:33:51,来自黑龙江,92424738479,快乐每一天李子
7123077405761553192,"只要是特斯拉出事故，一定会着重注明是特斯拉
其他任何品牌出事故，从来都不会刻意注明品牌",14,22,6,2022-07-22 14:19:14,来自江苏,63774463257,爱喝百威
7123159496146322180,正常骑车撞护栏也不会着火的，这车是塑料做的,0,0,0,2022-07-22 19:38:03,来自北京,106705330806,张丽9991
7123054347265245989,希望一切安好，早日康复。我心目中的不老男神。,1,45,0,2022-07-22 12:49:58,来自广东,361059811867128,儒雅精灵aA
7123097046974153512,我靠就我们这些和他比起来菜鸟一样的驾驶员还敢开吗？,2,10,3,2022-07-22 15:35:39,来自浙江,101927951581,滑石粉碳酸钙
7123142027751441185,你和我说赛车手会抓空方向盘?,0,0,0,2022-07-22 18:30:38,来自上海,101371280679,耍帅傀儡
7123118878628201246,希望他父子俩平安。,0,0,0,2022-07-22 17:00:25,来自北京,57960746769,杨静278469289
7123089499785200423,特斯拉出事了一堆人骂！中国每天发生交通车祸有多少？2021年官方统计全国死于车祸的六万多人，平均一天接近200人，有没有人说说都是些啥车，特斯拉车祸死亡了多少人啊？,5,4,4,2022-07-22 15:06:50,来自四川,109024514361,a井中月a
7123079658731750175,应该是踩错油门，不然哪里停不住，等官方分析报告，我们不要猜,7,3,1,2022-07-22 14:28:32,来自广东,108586786330,米兜DADDY
7123093262507885326,特斯拉是出了名的刹不住！但愿林志颖父子平安无事[祈祷][祈祷][祈祷][祈祷][祈祷][祈祷],0,3,0,2022-07-22 15:20:59,来自贵州,103612513767,ooo诗和远方ooo
7123103492382245669,特拉斯不是第一次起火了,0,0,0,2022-07-22 16:00:57,来自广东,52276651486,snow晴天
7123192787134825257,要感谢那位施救者，,0,0,0,2022-07-22 21:46:55,来自黑龙江,91977672032920,成熟天空II
7123199226339345159,人有旦夕祸福！祈祷不老男神林志颖和他儿子早日康复！,0,0,1,2022-07-22 22:12:29,来自辽宁,3030672710577863,优雅光束3F
7123341799111901986,应该没有生命危险，继续关注,0,0,0,2022-07-23 07:25:20,来自新疆,92291666324,落日余晖176金秋
7123345077221114664,特斯拉已经出过多起事故了，为什么还有那么多人买特斯拉？,0,0,0,2022-07-23 07:38:21,来自浙江,2330563813863710,梦里千回
7123136306619990799,希望林志颖平安无事，才刚🉐️大奖为国争光。,0,0,0,2022-07-22 18:07:46,来自辽宁,109580383307,蜗牛的流恋m
7123220606430003999,会不会有人在他车上动过手脚,0,0,0,2022-07-22 23:35:52,来自广东,101781944692,清晨的雾8953
7123193611093213952,有没可能是因为扭头和儿子说话一下方向偏了撞到护栏,0,0,0,2022-07-22 21:50:02,来自广东,835227846981531,喜欢黄色的肥菠萝
7123181815946560271,希望他们父子平安,0,0,0,2022-07-22 21:04:10,来自浙江,3400117278483992,哦快乐每一天Z
7123210368465797888,细思报恐祝林志颖父子早日康复！[玫瑰][玫瑰][玫瑰][玫瑰],0,1,0,2022-07-22 22:55:21,来自北京,109397111931,平安生活1946
7123099955510100751,会不会是发现刹车失灵了，才无耐撞的隔离岛？,0,5,0,2022-07-22 15:46:45,来自四川,105032393667,XCE78
7123250329106006784,祸不单行，祝平安早日康复[祈祷],0,1,0,2022-07-23 01:34:16,来自浙江,109565364007,wqt偏爱
7123203854552154894,祝林志颖父子俩早日康复！,0,1,0,2022-07-22 22:30:23,来自广东,4468834815182191,安逸湖泊NU
7123110568483603207,愿林志颖平安无事，祈祷[祈祷][祈祷][祈祷],0,0,0,2022-07-22 16:28:18,来自广东,6848903004,小V薇
7123089917483287307,希望林志颖父子无大碍[祈祷][祈祷][祈祷],0,2,0,2022-07-22 15:08:25,来自重庆,60872541274,七色蔷薇856
7123126118018089731,林志玲不是嫁到日本去了,2,0,0,2022-07-22 17:28:44,来自浙江,1354209710312360,大侠胡老板
7123349963950228258,突然偏离了车道估计是走神了，或者是什么东西掉了弯腰拣东西，职业赛车犯一个低级的错误。这是我看法，不喜勿喷。[祈祷],0,1,0,2022-07-23 07:57:11,来自安徽,5752376836,无悔人生63016096
7123083005132178213,特斯拉失控那么多起，还没人重视,0,9,0,2022-07-22 14:41:18,来自广东,6305922443,华璃茉
7123235583958467328,希望林志颖和他儿子早日康复。,0,0,0,2022-07-23 00:34:18,来自内蒙古,4266539729823244,德才兼备晚风9K
7123120551434191651,小志父子一定要平安。,0,0,0,2022-07-22 17:06:35,来自江苏,92356852491,嵇恋茗
7123101217949664030,电车碰撞就起火，万一挤压跑不出来救援的机会都没有,0,0,0,2022-07-22 15:52:11,来自江苏,4115857077,心态Buff
7123099428361470754,说实话特斯拉出事不是一起两起了，而且时不时会召回,0,0,0,2022-07-22 15:44:44,来自上海,51057454500,貝殻海
7123154019832955685,平时都有美颜，车祸照没有美颜,0,0,0,2022-07-22 19:16:59,来自安徽,3243661624,Beyond是信仰
7123076294883230479,特：是他不会开车。我的车没有问题,2,7,0,2022-07-22 14:14:52,来自海南,3706519510,无宇伦比23942465
7123069108937425671,一辆车对他小意思，问题不能伤脸，他是靠脸吃饭的！,1,2,1,2022-07-22 13:47:24,来自广东,3082649016481240,奇妙可乐X
7123080825532711720,林志颖1974年的虎，本命年确实不好。,27,38,1,2022-07-22 14:32:36,来自新疆,4187373873146864,明月说剧
7123214193360552717,特斯拉是不是刹车失灵了 太可怕了,0,0,0,2022-07-22 23:10:46,来自广东,3249767315939867,秦尕P1n9
7123204839139787553,烧成这样，特斯拉官方说驾驶位没有可燃材料[捂脸],0,0,0,2022-07-22 22:34:23,来自浙江,104953837078,冇丼光溜兮
7123068238506083107,电动车不耐撞,0,13,0,2022-07-22 13:43:45,来自广东,59407423546,i000
7123066599040467724,特斯拉汽车真不行啊！连赛车手都难掌控它！,0,13,0,2022-07-22 13:37:54,来自湖北,58796124611,孙姐姐396
7123232618321642276,太险啦，也很万幸，但他伤的也真不算太轻，真得感谢那些救助他们父子俩生命的好人们。,0,0,0,2022-07-23 00:24:20,来自辽宁,56610621566,艾蒿
7123126454636430114,希望人没事,0,1,0,2022-07-22 17:29:32,来自内蒙古,60880320997,逆时针5911
7123073030146245415,为啥我同情不起来,1,8,1,2022-07-22 14:03:11,来自河南,1557383166571523,一路小跑去买糖
7123084325704188711,感谢那两个路人将林志颖和他儿子从车里拖出来，希望父子平安[祈祷][祈祷][祈祷],0,25,0,2022-07-22 14:46:39,来自山东,95598831756,y16771677
7123066576558916363,看你还敢不敢买特是啦,3,32,0,2022-07-22 13:37:48,来自浙江,3324512973373981,足智多谋生活家kr
7123120150660219652,电车潜在风险很大啊，底部一大片电池，磕底盘容易烧电池，技术上还得改进。,0,11,1,2022-07-22 17:05:55,来自江苏,63429834627,游戏小时光228
7123085984845251328,林志颖可是出了名的车神啊！车技是绝对没有问题的！很大概率是特斯拉的质量问题！希望林志颖和他的家人平安无恙！[祈祷][祈祷][祈祷],0,5,0,2022-07-22 14:52:36,来自云南,5796296241,花開時節又逢君
7123080113503879970,特斯拉官方回应：林志颖操作不当致车辆失控起火…,0,9,2,2022-07-22 14:29:59,来自广东,5878873935,具远青
7123162327582982915,视频显着不应该撞在这个位置呀，特斯拉应该有避让提示和避让功能才对呀，这么宽的马路尽然撞车起火,0,0,0,2022-07-22 19:49:13,来自河北,93632732512,正义凛然露珠Ld
7123150644952695563,小朋友们都非常喜欢，车上有很多娱乐项目，抓住方向盘就像在开赛车一样，大儿子KIMI特别喜欢，林志颖也是在出新款之后就订货了。,0,0,0,2022-07-22 19:03:43,来自广东,100257705281,正大光明沙滩NE
7123104402944525068,生于斯长与斯毁于斯，太顺了，小林，唉，祝安好,5,6,1,2022-07-22 16:04:45,来自江西,50826408915,赣州房掌柜李启军
7123183225136431911,带着小孩一定小心开车,0,1,0,2022-07-22 21:10:20,来自广东,76346034734,真心2970
7123085756221981475,车有问题，肯定不是车手问题，他还带着孩子，愿男神平安[祈祷][祈祷][祈祷],0,6,0,2022-07-22 14:51:38,来自湖北,79363620044,美格紫珊
7123078336405963557,特斯拉：我会把驾驶操作手册送给林志颖，是他不会开,1,12,0,2022-07-22 14:23:13,来自安徽,67097247690,我就是不开心啊
7123205072729293609,祝愿父子平安,0,0,0,2022-07-22 22:34:41,来自上海,104531259579,大羽8881
7123107213027689249,后续应该会报道：林驾车不规范，不会开车导致撞向隔离带,0,1,0,2022-07-22 16:15:36,来自江苏,101451818469,开拓者alvin
7123057572403594016,车技再好也无法驾驶特斯拉，因为他不听你使唤,2,69,1,2022-07-22 13:03:01,来自贵州,3847899836072653,四少工程机械
7123064338101158688,一看到着火吓一跳，好怕把那么好颜值的人给烧了,0,8,0,2022-07-22 13:29:32,来自广东,4160155170637276,一丝不苟星空Sg
7123211712509018895,估计要毁容.林志颖也算是个专业赛车手.不应该会出现这种事故,0,0,0,2022-07-22 23:00:22,来自贵州,5370177578,长空
7123070417094918924,我想问一下！林志玲，林志颖，林志炫他们是啥关系？[捂脸],43,20,1,2022-07-22 13:53:06,来自江苏,5737438251,飞天xm
7123059961478955780,林志颖应该不会开特斯拉吧，掉身价。,2,2,2,2022-07-22 13:12:01,来自四川,105318645149,建哥说事儿
7123162668726747942,林志颖是我的偶像，我希望他平平安安的。,0,0,0,2022-07-22 19:50:30,来自广东,64134192366,Hoo我
7123068138803413790,论起火还是国货之光BYD起的多，什么车这么撞不起火？,13,5,15,2022-07-22 13:43:43,来自上海,101658990572,bobo252111
7123131506398528292,应该是自动驾驶了，没识别路桩。,0,0,0,2022-07-22 17:49:26,来自河北,6256145210,近距离辐射1
7123105729439122217,临沂就发生了好几起特斯拉刹车失灵，全国屡见不鲜，白送我也不要啊。平时见了特斯拉都离得远远的,0,5,1,2022-07-22 16:09:08,来自山东,63121149349,稀罕小番茄
7123195867083014950,只要人在就好，希望他们父子二人早日康复,0,1,0,2022-07-22 21:59:28,来自湖北,92439874028,亚宣映橙
7123087830959948557,又是特拉斯，小林没事就好。,0,3,0,2022-07-22 14:59:35,来自广东,22926977077,思念是堵墙
7123090609551721251,不管是不是林志颖，不管伤者是谁，都希望平安！分析好事故原因，大家引以为戒。,0,2,0,2022-07-22 15:10:23,来自广东,3988670855253543,广东靓仔农村的
7123078922778723102,感觉电车不安全，总有失控的[捂脸]前段那个从楼上掉下来的车也是失控了吧,0,9,0,2022-07-22 14:25:51,来自北京,98240318577,喵喵小花猫喵喵喵
7123171647083430691,"这就是我不买电车的原因。
油车即使自燃，也是缓慢的，正常情况下安全撤离没有问题；而电车一自燃就是燃爆，严重威胁人生安全。",0,0,0,2022-07-22 20:24:50,来自四川,52723875253,YH160152328
7123077039347106574,高手出事，很明显是谁的责任,0,15,2,2022-07-22 14:18:24,来自天津,61483328090,凌风舞Lisa
7123082577191715598,我的偶像出事了，期待快点好起来,0,2,0,2022-07-22 14:39:56,来自广西,103948696289,善良铅笔Wu
7123085079810851584,人无大碍没事就好[祈祷][祈祷][祈祷][祈祷],0,3,0,2022-07-22 14:49:03,来自上海,70380610882,莲与刚
7123178000950510377,希望你们平安度过这次难关！加油！,0,0,0,2022-07-22 20:49:20,来自江西,77484835633,柠檬丽
7123173253987812132,会不会刹车失灵啊,0,0,0,2022-07-22 20:30:53,来自江苏,67957045122,爱生活的江江江
7123156774781551360,特斯拉:操作不正确导致起火[奸笑]。。,0,0,0,2022-07-22 19:27:06,来自广西,70476422486,醉猫战警
7123137103001240331,这个车不行，一撞就着火,0,1,0,2022-07-22 18:11:46,来自广东,51979323250,Hi阿南
7123124933286855460,特斯拉回应，因为地面结冰，导致车辆失控。,0,0,0,2022-07-22 17:24:12,来自福建,76763105792,琪大大先森
7123196392058733316,赛车手就是危险行业，怪不得当年林心如吐槽过，很排斥他的这个爱好！,0,0,0,2022-07-22 22:01:15,来自河南,106067849422,欢快阳光fj
7123099530785997607,电车一旦发生车祸必起火,0,1,0,2022-07-22 15:45:28,来自河南,59243152565,冷寒风4
7123173847150478121,世界上的事情无奇不有： 如果说这是特拉斯的竞争对手故意在林志疑的车子动手脚，应该也有可能。,0,0,0,2022-07-22 20:33:08,来自英国,108935060196,xiaominwei
7123171580011610895,希望父子俩早日康复。,0,0,0,2022-07-22 20:24:21,来自北京,2968271387109559,nn闹闹
7123115555376333606,就怕有人陷害，小志可是台湾艺人里的爱国人士！求平安[祈祷][祈祷][祈祷],0,0,0,2022-07-22 16:47:57,来自江苏,879220401643120,甜好一生
7123083191212360448,希望林志颖没事,0,6,0,2022-07-22 14:41:46,来自湖北,105186747583,茶香沁君
7123062011059159816,特斯拉那车，一撞就起火，千万不能买,0,17,0,2022-07-22 13:19:27,来自吉林,685710105117214,竑竑
7123093332490060575,幸亏慢快了人就飞了，注意安全哦。,0,0,0,2022-07-22 15:21:32,来自浙江,54351910913,幸福蓝馨
7123206292105773855,我估计出现这次车祸可能的原因1疲劳驾驶 2突发疾病 3车突发状况 4孩子调皮了 5开车看手机了,0,0,0,2022-07-22 22:39:56,来自辽宁,6005562477,任子龙一生何求
7123142105874793253,特斯拉上次的刹车事件好像就没结论，还反告了！这次估计还是这问题,0,0,0,2022-07-22 18:30:45,来自广东,3932370049,XY股魔要低调
7123222958620853007,感觉很严重呀，愿林志颖早日康复！,0,0,0,2022-07-22 23:44:16,来自上海,58268866133,悠优小鱼
7123150914210792229,天呐，希望小志没事,0,0,0,2022-07-22 19:04:43,来自山东,3053470992,2026静待花开
7123106010260259588,我老婆也这么撞过开的马3，一摸一样开的时候看了一眼右侧单位里有没有空车位直接撞路边隔离栏。估计他开的时候在和儿子说话转头看了,0,0,0,2022-07-22 16:10:46,来自上海,1736831072211643,亿辰弈星
7123058033223631653,老司机都出事，特斯拉真不能买,1,63,1,2022-07-22 13:04:09,来自广东,6695949442,轌中人
7123088699469906719,林志颖车技了的，不可能撞上隔离带吧，会不会是车子失控了？,0,1,0,2022-07-22 15:03:03,来自广东,92775134767,遇見你的微笑
7123061109279638302,愿伤者平安愿开车上路者小心注意出入平安,0,9,2,2022-07-22 13:15:57,来自山西,518607261154984,用户6956731904075师
7123072640096846600,少了一个艺人无所谓，对国家没损失,4,8,5,2022-07-22 14:01:01,来自重庆,2370173508008871,上进的无欲无求
7123119061956854532,但愿人没事,0,2,0,2022-07-22 17:01:22,来自浙江,106746943029,用户布丁外婆
7123202532100604710,希望没大碍,0,0,0,2022-07-22 22:25:23,来自福建,2506510678366221,zbb7700
7123159900289155844,车前方有灵体，特斯拉自动避让……,0,0,0,2022-07-22 19:40:00,来自广东,3781973800912868,JOJO的小世界
7123122925007684359,林志颖是专业车手，更难操作的赛车在他手里都能熟练掌握，不应该是操作不当引发车祸啊[我想静静],0,0,0,2022-07-22 17:16:20,来自河南,4682977193,蟹逅一虾捞汁小海鲜
7123129995718869768,建议新能源电车配上个快速手动切断主电源装置。注：本人没有新能源汽车，不知道新能源汽车的具体紧急措施。,0,0,0,2022-07-22 17:43:31,来自河北,3438880109,大葱Sure
7123095614908351263,希望他们父子早日恢复健康。,0,5,0,2022-07-22 15:30:08,来自河北,110923082985,安康淑红
7123150851107357444,什么叫警方初步确认是林志颖，难道无法辨识吗,0,0,0,2022-07-22 19:04:50,来自浙江,109339618524,勇敢而平凡的人生
7123077277063299881,应该是自动驾驶出错了,3,10,2,2022-07-22 14:18:45,来自上海,111632109465,kingstreet
7123125367686071055,赛车手都能失控撞上而且还载有孩子，可想而知车辆的操控性！,0,1,0,2022-07-22 17:25:14,来自广西,99343594882,互动功能
7123163733500805924,这新闻怎么都不一样啊，有的说只是受到惊吓受了点轻伤，有的说重伤,0,0,0,2022-07-22 19:54:15,来自北京,51463571827,西红柿叫番茄
7123088762694894366,希望他们平安无事,0,1,0,2022-07-22 15:03:20,来自山东,18652011037,福建yG7z
7123194450574623529,那么帅气的林志颖不会毁容了吧[流泪],0,0,0,2022-07-22 21:53:16,来自安徽,52554416138,李子274949167
7123086552586093320,电车一出车祸就是着火,0,4,1,2022-07-22 14:54:54,来自阿联酋,54992093537,埃斯姆
7123110450912772875,不管是什么人，安全无小事，谨慎驾驶，平安是福。[祈祷][祈祷][祈祷][玫瑰][玫瑰][玫瑰],0,4,0,2022-07-22 16:28:08,来自江苏,64873297232,用户卢政
7123157655505601283,杆上一个监控都没有，怎么确定是未注意车前状况？,0,0,0,2022-07-22 19:31:07,来自福建,53017384021,小磊140445363
7123060183643013922,艺人不关心他，我关心的爱国精神之人和关及到国家国防建议军事动态，那个不关心,10,20,2,2022-07-22 13:12:20,来自江西,3043875944936256,123朗如风
7123127322257490719,新能源出事故起火是常事，电池易燃易爆,0,1,0,2022-07-22 17:33:32,来自四川,77171129435,智慧星空fs
7123083304370373380,赶脚老林总是徘徊在生死边缘的人～今天不知道明天的事的人,0,2,0,2022-07-22 14:42:45,来自浙江,2123870255982440,不想二胎甚至三胎
7123104747078894370,电动车有碰撞事故 燃烧报废的几率还挺大 一旦有燃烧就成废铁了,0,0,0,2022-07-22 16:05:25,来自山东,67236505290,过滤系统之家
7123193703572718344,他父子俩没事就好，车子着火好吓人呀,0,0,0,2022-07-22 21:50:35,来自云南,100057558036,666284187321
7123072960369263396,新闻都出来了，真的,0,10,1,2022-07-22 14:02:21,来自海南,6227856375,许多少
7123100525906281251,有钱有貌有爱孩子如果是其他人那么有钱出事故肯定会保护自己孩子在后,0,1,0,2022-07-22 15:48:59,来自广西,2620840928609582,AywM
7123213070608073509,祈愿林志颖父子有惊无险！尽早康复,0,0,0,2022-07-22 23:06:30,来自上海,108049739201,肖家边的娃子
7123099391728403230,这个速度太快，控制不住车辆很正常，目测时速超过10码，超出赛车手控制能力了！,0,1,0,2022-07-22 15:44:59,来自天津,100199319457,一灯观察
7123346879190369024,这条路车少……开特别得慢……莫名其妙上杆子……越看越像我女儿刚学自行车歪歪扭扭走不了直线 撞墙旁,0,0,0,2022-07-23 07:45:07,来自甘肃,6393745376,甜橙是个好孩子
7123116413501326121,这么慢的速度撞一下都能起火，还是要远离特斯拉，远离电动车,0,0,0,2022-07-22 16:50:28,来自广东,3386091817670751,黑石阿三
7123095457639318308,电动车好多起火，值得深思,0,1,0,2022-07-22 15:29:46,来自海南,83944298903,有钱一世
7123092298372088579,希望这次不是特斯拉的问题，我一个朋友买的特斯拉，感觉挺好，科技感很强,0,1,0,2022-07-22 15:18:10,来自湖南,58546307173,清心娥
7123070600566227727,希望他平安无事,0,16,1,2022-07-22 13:52:53,来自广东,96311793016,诗意船帆R1
7123092941090521894,特斯拉车祸不是打不开车门吗？这个够幸运的,0,1,1,2022-07-22 15:20:21,来自黑龙江,52455748466,0吉祥人生0
7123087069232464680,撞车事故难免，关键是一撞就起火，这玩意儿受不了啊……,0,1,0,2022-07-22 14:56:57,来自山西,17198960534,后街男孩1981
7123087035195278115,大陆的媒体都确认了。台媒还初步,0,1,0,2022-07-22 14:56:33,来自天津,6003541122,Hanyu052
7123083852448318241,希望人没事,0,1,0,2022-07-22 14:44:41,来自江苏,96061568157,阿姐和妹妹
7123187177324561192,开了一辈子赛车没出事，出事的时候开了一辆特斯拉[捂脸][捂脸][捂脸]细思极恐…,0,0,0,2022-07-22 21:25:07,来自浙江,97160366255,wuhan加油
7123191040882180896,以后要远离tsl……[看],0,0,0,2022-07-22 21:40:40,来自陕西,99465771585,M紫水晶777
7123091430150898467,这特斯拉一撞就起火？,0,0,0,2022-07-22 15:13:46,来自广东,9228506446,AAAA吴先生
7123126850104132367,他不是说过沉迷于特斯拉自动驾驶模式吗,0,4,0,2022-07-22 17:30:55,来自江苏,3433856697,暴燥王大爷
7123138365658120960,别呀，最后怎么弄成黑白照啊，这多让人误会呀,0,0,0,2022-07-22 18:15:41,来自浙江,1812401945,影影来了
7123096721072849679,赛车手林志颖，我不相信他反应不过来？而且车速也不快！特斯拉，很“安全”啊！,0,1,0,2022-07-22 15:34:26,来自广东,50072751180,仰望星空的浩瀚
7123137080511021824,改了方向盘，特斯拉又有借口了[灵光一闪],1,0,0,2022-07-22 18:10:46,来自安徽,50040080632,-Li124503901
7123123370388456232,林志颖是赛车手，能做出合理解释的，除了醉驾，就是刹车失灵！,0,2,0,2022-07-22 17:17:39,来自河北,12445144277,卢小官2002
7123073169778295565,绝对有人使坏，一定要严查！,0,4,2,2022-07-22 14:03:08,来自四川,1358617146568475,自若星球zZ
7123181112117232421,从小看着你长大的 这一切来得太突然了 还没好好去看你的电影 愿天堂没有车祸 一路走好小志[流泪],0,1,0,2022-07-22 21:01:44,来自上海,52784451866,Aj麦乐佛冷
7123090374000018216,这如果要是爆出车辆性能问题，估计特斯拉会被拉下神坛，明星的影响力不容小觑,0,2,0,2022-07-22 15:09:46,来自安徽,3025616687,一缕烟尘诉心伤
7123156114010719010,是特斯拉就不用怀疑,0,7,3,2022-07-22 19:24:33,来自江苏,70492526979,和妍悦色的妈妈
7123079815489749763,希望人没事,0,1,0,2022-07-22 14:29:24,来自山西,3172837802,sunshinegirl7883312
7123080671014224675,要是林志颖说特斯拉刹车失灵会怎么样,0,4,0,2022-07-22 14:31:54,来自上海,69218991668,想破脑壳也不知叫什么
7123126330010485504,电车剧烈碰撞就瞬间爆燃1000℃以上安全如何保障,0,1,1,2022-07-22 17:28:56,来自湖南,3913892429038111,a人间星河
7123092623229420303,我就想知道，會不會照樣不影響特斯拉熱銷啊！,0,0,0,2022-07-22 15:18:25,,4653415529,户名123321
7123139524892869414,电瓶车撞车就起火吗？,0,1,0,2022-07-22 18:21:12,来自福建,92480584517,就是我9652
7123071575490069279,谁救得他？这次发财了,4,5,2,2022-07-22 13:56:47,来自河北,51588267544,情有独钟1992
7123110318456406796,职业赛车手都驾驭不来了特斯拉牛逼,0,3,0,2022-07-22 16:27:34,来自广东,11119403263,小小茗君
7123231678524343079,特斯拉回应：林志颖不会开车。[捂脸],0,0,0,2022-07-23 00:20:24,来自河北,2796808769634724,随性自由的云朵111
7123183863723623172,速度不快，开始在车道，慢慢偏离，也没有刹车动作，也没有躲避转向动作，感觉是分神了或者看孩子或者看手机，说白了，就是直接开上去了！,0,0,0,2022-07-22 21:12:46,来自山东,2106292519581052,飞扬的小秘密
7123176671842353956,不是赛车手吗？出这么严重的事故？,0,0,0,2022-07-22 20:44:35,来自北京,102270390695,齐祖马赛
7123100625419895587,祈祷两人都没事,0,1,0,2022-07-22 15:49:21,来自山东,6716279171,临沂房产兰姐
7123072781948191522,前世修来的福气，要是没有路人可惨了，希望人没事！,0,20,1,2022-07-22 14:01:23,来自内蒙古,78672076871,沐笙2021
7123160059068334881,特斯拉的质量真好，林志颖是车手，车技这么棒都没驾驭了特斯拉，说明了一个什么问题,0,0,0,2022-07-22 19:40:28,来自山东,3730058941,鼎尊3
7123143790936146728,"刹车当油门了,赛车手？那怎么办",0,0,0,2022-07-22 18:36:54,来自广东,93355274928,呼啸徐行
7123062358155133731,首先祝愿人平安，再问下特斯拉哪里好？每年这么多车辆事故早晨的车祸，还有那么多人买，如果说驾驶技术或者意外？林志颖可是专业车手,0,3,1,2022-07-22 13:21:00,来自安徽,2273418057882724,qq开蜗牛超速
7123344610180809483,还是太恐怖了，，，稍微再厉害点，三个人没了。。。,0,0,0,2022-07-23 07:37:27,来自四川,4295101644,娃哈哈和妈妈
7123088454657065731,职业赛车手也有车祸，是车出问题还是车手操作不当,0,1,0,2022-07-22 15:03:01,来自海南,96718530917,小8动画
7123107549733782272,天哪，还好被人拖出来了，不然后果不堪设想,0,0,0,2022-07-22 16:16:12,来自浙江,96600715909,耶利亚女郎
7123141953688601357,问题不大，接上还能握方向盘。,0,0,0,2022-07-22 18:30:09,来自广东,101786241608,RRRRLRLRL
7123103022766900009,特斯拉连专业的赛车手都驾驭不了,0,3,0,2022-07-22 15:58:40,来自山东,3790748097451198,分秒必争帆船Ub
7123084279261020963,这次车祸，该不会再说驾驶者油门当刹车了吧？,0,0,0,2022-07-22 14:45:56,来自广东,2783607340406510,TZ航
7123144468358185767,电池车发生碰撞都秒起火🔥，太危险，只要有燃油车都不会考虑,0,0,0,2022-07-22 18:40:06,来自海南,3321375999,文昌靓仔
7123085295864202016,一个非传统专业的车企，生产的车子频频出事故，值得让人深思,0,1,0,2022-07-22 14:50:54,来自重庆,6155430971,寒雨80850867
7123136645658362665,小孩轻微擦伤，大人也没多大问题，好像是胳膊脱臼什么的，反正没多大事，就是那个特斯拉挺奇怪的，掉头后直走好好的就撞上去了，然后还自燃了,0,0,0,2022-07-22 18:09:10,来自江苏,3298165571206606,南京繁华依旧
7123101302317581070,该不会又是刹车失灵吧？,0,0,0,2022-07-22 15:52:24,来自上海,55075044317,用户名心语71515
7123096834020885251,速度不快，希望人没事,0,0,0,2022-07-22 15:35:27,来自湖南,4336068826499453,日里万机分分钟2毛钱
7123094396748481293,林志颖还是赛车手哦……这希望人没事,0,1,0,2022-07-22 15:25:33,来自广东,3897119729523672,荷见月儿
7123127137372734222,这次看特斯拉怎么狡辩，林志颖可是专业赛车手,0,1,0,2022-07-22 17:32:45,来自广东,59424935904,A雅龙
7123092658092458767,现在天气炎热电车起火以后在密集小区生活犹如定时炸弹。,0,1,0,2022-07-22 15:18:33,来自广东,84637194085,ii爱我哟Zz
7123083186078450473,车神都控制不住特斯拉！！看来特斯拉经过这次林志颖车祸，销量应该会低一辆两辆的了吧,0,4,0,2022-07-22 14:41:37,来自浙江,111131330461,欢乐开心哥哥
7123191309741261600,愿林志颖早日康复！[祈祷][祈祷][祈祷][祈祷],0,0,0,2022-07-22 21:41:37,来自辽宁,3345271018,馨莹开心syuyan
7123139843676373764,这方向盘是不是关键时刻就掉链子了？[机智][偷笑],0,0,0,2022-07-22 18:22:07,来自山西,2356963017505022,A柳工装机配件
7123100761210946338,特斯拉电车，存在程序错乱，发生事故几率大,0,0,0,2022-07-22 15:49:57,来自广东,4498828428321003,笑趴了2016
7123193627265794850,中国车祸真多啊，不知道每年撞死多少人？,0,0,0,2022-07-22 21:49:56,来自山东,5870909469,这锅谁被撞残疾谁倒霉
7123171420926542595,经纪人说不是，家人又说是，到底是不是,0,0,0,2022-07-22 20:24:29,来自江苏,2458147432171515,gavin012020
7123092571748467496,不要老是偶像这类的了 普通群众了解事故就行,0,0,0,2022-07-22 15:18:18,来自云南,3469676474803051,感谢生命美意
7123102991279997728,一撞就起火，，还这么多人买电车，。真是要钱不要命,0,0,0,2022-07-22 15:59:09,来自广东,3333374884709647,新楼张家口
7123093670689620774,在官方没有通报事故原因之前，请资产低于500万的网友别乱喷！切记，切记[捂脸][捂脸],0,1,0,2022-07-22 15:23:13,来自福建,105126261029,风雨兼程666真6
7123101610188178206,怎么会失控？肯定是司机驾驶技术不行。[狗头],0,0,0,2022-07-22 15:53:42,来自广东,3440017985,8逍遥侠8
7123084781432144677,特斯拉肯定要说是他错把油门当刹车喽，特斯拉绝对没毛病[灵光一闪][灵光一闪][灵光一闪][灵光一闪]希望父子平安[祈祷][祈祷][祈祷],0,3,0,2022-07-22 14:48:02,来自云南,52885406148,HeroicCrusader
7123080282974274339,新闻也没个准信儿？一会说中午12点半出的事，一会又说上午10点多[翻白眼],0,2,0,2022-07-22 14:30:31,来自河南,2776163897,精灵小妖J
7123143755217322783,电动车一撞就起火[震惊],0,0,0,2022-07-22 18:37:04,来自广东,10089013055,端庄优雅帆船w2
