7125089320460944168,有一说一，我一个不喜欢轿车的人（从小就看那些套娃脸的车非常鄙视恶心，不知道有没有人一样的审美）都觉得性价比挺高的，,3,23,0,2022-07-28 00:27:34,来自广东,98012667639,正人君子凯迪皇
7125218853676008225,这个日行灯可不是一般的丑,2,4,0,2022-07-28 08:50:02,来自天津,92656874237,小德张
7125093334808494888,这个内饰配置比我去年买的408好多了 轮毂、侧面、发动机舱一点没变 进气格栅 尾部也漂亮了 1.6T配爱信6AT的价格在合资没有比它更有诚意了，朗逸1.4T加干式双离合也要14万了 就看消费者的选择实在的还是跟风买牌子了 早知道晚一年买了[我想静静][我想静静][我想静静],0,29,0,2022-07-28 00:43:45,来自江苏,2551334238432152,单调四饼
7125220215457530639,这是大甩卖清仓价吗？408卖10万，太狠了,1,8,1,2022-07-28 08:54:37,来自山东,60146685330,番茄君玩数码
7125017281885192974,还挺便宜，我有一辆10年第一批顶配408，现在还在开。,13,29,0,2022-07-27 19:47:17,来自北京,92102410459,啊啊啊啊啊啊哈哈啊啊
7125043456028066600,还要啥朗逸卡罗拉啊[呲牙],2,71,0,2022-07-27 21:28:23,来自江苏,100208256985,非凡漂流瓶18
7125055852335710991,看看隔壁福克斯，你会发现408真的亲民[擦汗],5,33,0,2022-07-27 22:16:35,来自广东,74620587120,王者小风暴
7125323274481156895,目前老款408最低配大概7.5，你说新款是良心还是黑心！,2,1,0,2022-07-28 15:34:54,,5848434696,开胃菜不开胃
7125086157645447967,全系无自动驻车,5,0,0,2022-07-28 00:16:19,来自浙江,5747270815,Jianbo62731336
7125039966505878305,性价比超高，比卡罗拉，速腾好多了[赞],5,89,1,2022-07-27 21:15:32,来自广西,3481552432,米格走廊之抗美援朝
7124513457030103841,换个壳壳又是新车[捂脸],1,4,0,2022-07-26 11:12:35,来自四川,104318697650,5阿拉丁神经
7125047806171038471,这套动力系统配上大众的外观设计！应该会有很多人喜欢！,5,4,0,2022-07-27 21:45:32,来自重庆,92944183435,丨HalaMadrid丨
7125177654046966531,我是14款新408车主。下部车置换新标408或508L！[可爱][鼓掌][赞],39,15,0,2022-07-28 06:11:24,来自山东,5795185922,songxianzhong
7125208631024927529,落地10.57？,1,0,0,2022-07-28 08:09:42,来自湖北,108030484000,奇幻漂流瓶IW
7125219803664499490,我突然能理解法系的仪表台,1,2,0,2022-07-28 08:52:51,来自陕西,51314555294,元点模型师
7125252257419428623,我想用我的雪铁龙世嘉置换，不知道能换不,2,2,0,2022-07-28 10:58:53,来自陕西,50526546776,逝去的回忆33
7125016696955421453,这价格没得喷了吧,25,74,0,2022-07-27 19:44:44,来自湖北,2977105797457117,星河春秋亦难渡
7125258072331305761,马力17O匹？,2,0,0,2022-07-28 11:22:14,来自广东,98643117443,139298988
7125018648980882209,哈？居然降价！是不是又减配了,10,0,0,2022-07-27 19:53:00,来自陕西,6916761299,蹭不定
7125170379664458531,标志怎么抄袭宝骏的呢,2,0,0,2022-07-28 05:42:19,来自江苏,68075716811,a富贵平安
7125070088780333858,如果是3缸 估计又凉了！,3,1,0,2022-07-27 23:12:07,来自湖南,4424077551343391,清风归客68
7125179257554699021,果断放弃朗逸，宝来，马自达，,2,36,2,2022-07-28 06:16:40,,6507377199,梦幻好残忍
7125234613773599523,4008或者5008今年有新款吗？,1,0,0,2022-07-28 09:50:33,来自广东,413064113174782,淡泊的山丘xZ
7125204738655683359,英朗便宜三四万,1,0,0,2022-07-28 07:54:50,来自湖南,110953025854,维佳专显科技
7125032316158165800,内饰比老款强，前脸和车屁股不如现款,1,2,0,2022-07-27 20:45:08,来自广东,3478501013072685,Cathy16434747
7125071357250896644,全系优惠五万还差不多,10,0,0,2022-07-27 23:17:36,来自广东,4073472878,李家山少
7125260409531679520,我来告诉你们这种车为什么卖不好，机油盖分为盖子和塞子，扭开了盖子中间的塞子还塞在机油口[捂脸][捂脸][捂脸]急，2008换机油时漏油口直接连螺丝裂一块出来。用了那么多车都没见过有种现象。就标志车独特,0,0,0,2022-07-28 11:31:22,来自广西,550171189189312,ヮハヮ
7125343163698709281,老款优惠完也是差不多这个价，只不过各地价格有差异，武汉本地的408就比其他地方便宜，这回这个价格是全国一口价，直接就是优惠完后的实价了,1,0,0,2022-07-28 16:52:09,来自江苏,2175506174,挺死板的
7125063982435910411,涡轮增加还是选AT的好吧？,3,3,1,2022-07-27 22:48:59,来自江苏,109466477718,最帅的丑男人
7125273331850756878,这车我就看上它的驾驶位内饰，动力和后排空间，外观我是一点都不喜欢，但这价格我喷不了。我开过改款之前那款，坐过后排，真的都不错。要动力有动力，要年轻有年轻，要空间有空间，是非常极具性价比的家用车。,0,0,0,2022-07-28 12:20:06,来自贵州,66317626269,随200781331
7124509977934660352,要运动wo买凌云s 要品牌我买思域 要便宜我买宝骏 买508给我个理由,10,2,1,2022-07-26 10:58:18,来自黑龙江,6578946760,一只懒羊羊啊
7125224910678393640,这个不比卡罗拉思域好？,2,6,0,2022-07-28 09:12:36,来自山东,6585242954,楷棋666
7125183696293905186,308两箱不知道有没有[抠鼻],2,3,0,2022-07-28 06:33:14,来自广东,4182174731346723,倔氿
7125058742257074978,顶配凑合能用，但是那个价钱还不如买卡罗拉,12,0,1,2022-07-27 22:27:52,来自四川,5348064330,二汪别跑
7125052175436219172,全系没有carplay就怕他它刑了，，,3,0,0,2022-07-27 22:02:29,来自江苏,52902694118,已经多次拒绝热巴
7125015236071146276,不是1.6升,12,1,0,2022-07-27 19:39:18,来自黑龙江,3927095719233452,姜姜16888
7125092786726486820,价格还行，但是不喜欢轿车,2,0,0,2022-07-28 00:42:57,来自山西,5943498141,轉角踩到屎
7125114661019894528,配置公布以后，要么买它，要么买福克斯。其他的都不入眼,2,0,0,2022-07-28 02:09:33,来自浙江,5988347809,卒于公元前
7125367281232020227,车标怎么像宝骏[捂脸],1,0,0,2022-07-28 18:26:06,来自吉林,3232192269657662,Jiaohaiping
7125262993943855909,方向盘就我做的，,2,1,0,2022-07-28 11:40:50,来自内蒙古,92761224738,阿宇的日常生活派
7125049040077112078,还是很丑，看看特斯拉,3,0,1,2022-07-27 21:50:34,来自上海,4090631703497806,奋斗的少年阳阳
7125194672296772388,早这样，法系也不至于今天这地步,1,8,0,2022-07-28 07:16:11,来自湖南,6707552091,风云107344441
7125024751206695712,中配后排中间连头枕都没有，车卖不动是有原因的,12,2,2,2022-07-27 20:16:28,来自广东,60489488653,97522176
7125054260215022339,这一代的尾灯学的大哥508L，但是略显小气，正脸看个人喜好吧，我觉得508L的流线设计更适合獠牙灯，内饰终于改了[爱慕]梦寐以求的钢琴键终于到408身上了，14款1.6T尊贵版祝大卖,0,6,0,2022-07-27 22:10:47,来自湖北,3318418155,爱逞强的豆腐
7125046908099478306,后续优惠两个达不溜完美,2,1,0,2022-07-27 21:41:45,来自广东,8192913946,克马儿
7125022823714046731,前脸80，侧面-100,5,14,1,2022-07-27 20:08:54,来自浙江,668917847588159,瓦罐陶^^
7125083334887244556,没有主动安全差评,4,0,0,2022-07-28 00:05:31,来自江西,1020815093269071,柯南道尔xu
7125063755293524773,最低配也是1.6.t？,2,0,0,2022-07-27 22:48:01,来自广东,96668687019,☆猪崽唛♂
7125040665654231842,价格杀死一大片了,2,3,0,2022-07-27 21:17:34,来自广东,69540541982,欣欣向容8
7125021125595333408,为啥不放个电子档，按钮的旋钮的都行啊,7,4,1,2022-07-27 20:02:21,来自重庆,527418559824583,暮雪染青衣
7125270693604180751,四儿子店销售叫我在头条买,1,3,0,2022-07-28 12:09:50,来自广东,1780835777526990,89年的农民工
7125019497211560738,这价格很良心啊,7,14,0,2022-07-27 19:55:28,来自福建,50334848996,热心市民金轮
7125270173099508519,真香呀！可惜去年提了天逸！不然绝对的408,1,1,0,2022-07-28 12:07:54,来自湖北,2216212821708840,难得糊涂。
7125211403636114217,要带自动驻车就好了,2,0,1,2022-07-28 08:20:27,来自陕西,54370022095,巴乔174431933
7125029969352983328,如果10万这个价格 的确还行,1,2,0,2022-07-27 20:36:51,来自上海,3408078759271261,宇宙莱特
7125181803426087717,新款车标不好看,1,6,2,2022-07-28 06:26:49,来自山东,3783904866,洒脱山丘Uc
7125211904489931550,卡罗拉买早了[流泪],1,0,0,2022-07-28 08:22:37,来自广东,3474092417108061,广告搬砖工
7125255699655213856,15年16年要是这价格，早就卖疯了,1,1,0,2022-07-28 11:12:47,来自湖北,109177732055,Wei喂喂喂
7125351014152356648,唯一好看的小狮子的标志竟然被换了,1,0,0,2022-07-28 17:21:59,来自海南,712086553369087,想着惊叹号的我
7125054830871528231,四缸可以加入候选列。,1,3,0,2022-07-27 22:13:13,来自广东,75863507430,宝古佬007
7125237562528236329,这就是老款小改一下吧，最新的是不是408x,1,0,0,2022-07-28 10:01:51,来自山西,5444862742,X知行合一X
7125041942194783010,宝骏那边借来的车标？[捂脸],1,4,1,2022-07-27 21:22:36,来自广东,62274203661,天天向上哗
7124525342329029411,10多年老车型拉皮[666],0,4,0,2022-07-26 11:57:59,来自湖南,1213498510542736,飞机内2004
7125017623825892137,那么低的价格卖不过日产大众真的说不过去,0,8,0,2022-07-27 19:48:14,来自广东,74620587120,王者小风暴
7125023651199992580,这个价格诚意满满，就看消费者是买车还是买牌子了。,0,23,0,2022-07-27 20:12:10,来自江苏,96866138681,电磁冲击
7125304050786173736,我想用我的二代飞度置换,1,0,0,2022-07-28 14:19:51,来自山东,52263601901,艾力牛
7125219857225876260,比速腾好多了 1.4加干式双离合除了品牌溢价高哪里还有炫耀的地方。,0,4,0,2022-07-28 08:53:28,来自山东,6810627966,快乐的玩耍6666
7125375661317276449,个人觉得这个新款换个前脸大气了不少，车身跟动力基本还是老样子。,0,0,0,2022-07-28 18:58:41,来自广西,2876778187864868,九怀市发仔
7125067294404870916,这个绿色看着好看，新款408有几种颜色？,0,0,0,2022-07-27 23:01:47,来自浙江,108287020704,Lxh1983
7125223618678244103,杭州只有一家4S店了,3,0,0,2022-07-28 09:08:25,来自浙江,1908403631050279,新能源信息分享交流
7125021378343895849,定价良心 动力刚刚滴,0,15,0,2022-07-27 20:02:34,来自山东,86763212341,王大大大大大大虾
7125044553903588127,为了改款而强行改款，没有设计灵魂,2,0,0,2022-07-27 21:32:42,来自江苏,1857581687,吃葡萄吐葡萄皮不说酸
7125217747998901024,标配液晶屏才十万，性价比很高,0,3,0,2022-07-28 08:46:04,来自湖南,3548865206430142,侠客行少年游
7125345906500666127,良心车企，这次标致408要大火，比日系卡罗拉轩逸思域强多了,0,1,0,2022-07-28 17:02:07,来自河南,4539285550,庄先生eMCN
7124585543388300068,速腾运动感十足,0,0,0,2022-07-26 15:52:11,来自四川,1151882761090216,逆风局007
7125063228841542440,1.6t+6at十万块还要啥国产车啊,0,11,0,2022-07-27 22:45:24,来自山东,108175153066,豆豆爸too
7125275336157233934,最后那张是掀背尾门？,1,1,0,2022-07-28 12:27:49,来自福建,92471037944,ketying
7125062234946618144,比卡罗拉好看，大气，安全性高，操控性好，空间大，抱紧好，油耗应该差不太多，至于小毛病那就不清楚了，或许能比卡罗拉多一点？？但是其它方面都秒杀卡罗拉,0,4,0,2022-07-27 22:42:30,来自山东,4485833671,哥斯拉大战Angelababy
7124515490327954216,标志是好车，把前面的獠牙灯改一下，换个中文名字（比如大众速腾），销量可能会翻倍～[灵光一闪],0,2,0,2022-07-26 11:19:45,来自河南,3895439616,小马i一鸣
7125225953214808843,昨天去展厅看了一下，很吸引人，值得入手,0,1,0,2022-07-28 09:17:29,来自湖北,2919920599568159,幽默流浪的蜗牛
7124530349250085644,1.6t ➕爱信6at 还有啥好挑的,0,3,0,2022-07-26 12:18:10,来自江苏,106833483626,pf111111
7125308079587017507,我感觉我去年买的有点吃亏[捂脸][捂脸][捂脸],1,0,0,2022-07-28 14:35:22,来自贵州,3373666062,大伙看我眼色行事
7124663579613283084,10.37，11.47，还有一个高配版本不知道估计12.57,0,0,0,2022-07-26 20:54:40,来自重庆,3728326683,热情白云F
7125019426952561445,侧面没法看[我想静静],3,7,1,2022-07-27 19:55:29,,1670861363098760,自由风行352
7125079913169699624,出个更低配的版本，机械仪表，没有天窗，价格探到十万以内，干掉卡罗拉轩逸,0,2,0,2022-07-27 23:50:30,来自黑龙江,59105807831,随机姓名
7125259061717287720,最有性价比的家轿,1,0,0,2022-07-28 11:25:11,来自山东,1050722463653671,爱乒163
7125236759352378150,最后那个新408不是前面那个408，还没出来，可能叫408X。,1,0,0,2022-07-28 09:59:15,来自云南,1072724464385763,有态度的嗷卵将
7125173126069273344,那么低的价格卖不过日产大众真的说不过去[捂脸][捂脸][捂脸],0,1,0,2022-07-28 05:52:34,来自广西,101243490783,清纯有爱
7125359930030916383,408就凭1.6t配爱信6AT也值得买。看看同级别1.2T的都比它贵。,0,0,0,2022-07-28 17:57:20,来自山东,14772246006,平静的小心脏
7125323852473271070,不管新老款，把OBD 接口换个位置不行吗？,0,0,0,2022-07-28 15:37:20,来自湖北,1895204707901787,英明果断晚风fc
7123018783216108300,宝骏408,0,2,0,2022-07-22 10:32:42,来自四川,7488121914,事随心愿的
7125345251841540896,此套动力组合用了多少年知道吗,5,0,0,2022-07-28 17:00:23,来自河南,52029922551,无脸男30
7123014758105907968,远看像宝骏的标志,0,2,0,2022-07-22 10:15:42,来自广西,6478649643,青橙FM970电台
7125067150045512478,行驶质感和底盘悬架是卡罗拉和速腾无法比拟的！,0,1,0,2022-07-27 23:01:12,来自重庆,59377343129,楚云A
7125027209525363493,以为宝骏出新车,0,5,0,2022-07-27 20:25:29,来自福建,93137896102,恰白伯
7125019135821677348,我还是认为现款的前脸好看！,0,4,0,2022-07-27 19:54:27,来自广东,2515325113079340,会飛mg的鱼
7125339453715350313,不值得，我是408车主，一定后悔。,0,0,0,2022-07-28 16:37:13,来自浙江,2875977110678248,风Lijun
7125370208579666688,试驾看看，性能如何，再考虑,0,0,0,2022-07-28 18:36:42,来自辽宁,111496140959,夕晨踏雪H
7125275660222268173,老铁们新款408和老款天逸C5低配谁更值得买[祈祷][祈祷],0,0,0,2022-07-28 12:29:09,来自四川,3315736749814829,无名奕无殇
7125206173707830027,15款落地快16万了，我靠，这定价，良心，想再买一部了,0,1,0,2022-07-28 08:00:56,来自福建,3549028804,头大的粑粑
7125064012185830174,这价格，销量感觉能上前20名了吧,0,3,0,2022-07-27 22:48:38,来自贵州,1187110549732935,咸鱼9722
7125039446500180769,这价格可以够良心！要是电子档杆就是贵一点点也可以，，半独立后悬挂舒适性比朗逸强多了无人能敌。又是AT变速箱稳定！,0,6,0,2022-07-27 21:13:35,来自黑龙江,588939195588196,郧阳王哥
7125219059289031438,这颜值，配置，价格绝对有市场。,0,1,0,2022-07-28 08:50:26,来自陕西,106635924810,不凡可乐Fu
7125258175716180748,这个价格这配置算良心了，可以入手。,0,0,0,2022-07-28 11:22:24,来自江苏,4276594298,鼓玻璃棍比瘪玻璃棍鼓
7125084698694779663,万年都是讲底盘底盘，就没有其他的了，说明一直都没进步，这个品牌随时会退出市场，售后都让人头疼,0,0,1,2022-07-28 00:09:39,来自广东,53247453647,小蚁想天开
7125047279400190751,主要还是车型设计的不好看。。跟浮夸。。,0,0,0,2022-07-27 21:43:27,来自重庆,92944183435,丨HalaMadrid丨
7125216198459360030,这个价格，国产b级车得降价。不然没得活了。,0,0,0,2022-07-28 08:39:22,来自天津,5230554098,包容2010
7125063567975809807,想要的自适应巡航没有,0,0,0,2022-07-27 22:46:45,来自北京,3510089474119275,無名5868
7125083777633927948,小编说的竞争对手根本就不是对手，我是408车主我知道,0,0,0,2022-07-28 00:07:22,来自广东,1116714646372755,真系多嘢睇
7125247717214831364,最后一张图不错，就等他了，我的408才开两年[捂脸]坐等原值置换。,0,2,0,2022-07-28 10:41:46,来自江苏,5567569329,开水V白菜
7125217175019438861,1.6t+6at这价格，卧槽,0,0,0,2022-07-28 08:43:24,来自河南,5181845851,北方偶尔下雨
7125014922983588612,预售价格出来了,0,0,1,2022-07-27 19:38:35,来自广东,2647222039358174,su展
7125193447023379215,合资已经难以改变 对比同价位国产没有任何优势可言,0,2,0,2022-07-28 07:10:50,来自浙江,6046935766,菜鸟渔乐
7125212599628923682,车标巨丑，前脸越来越低端,0,0,0,2022-07-28 08:24:56,来自湖北,3267360903135724,愉悦的明月zp
7125049857533805352,我买21款速腾有这款我绝对买408,0,0,0,2022-07-27 21:53:05,来自江西,70493689224,东007
7125188302239875848,这个价格和配置是抢速腾生意来了,0,0,0,2022-07-28 06:51:45,来自四川,5884515709,梦回几千年
7125193438710448927,侧面和尾部要重新设计，虽然价格不高，这造型不会大卖，不太好看😊,0,0,0,2022-07-28 07:11:44,来自上海,105938799669,魔都笨小孩
7125202588634923811,英朗优惠4万到5万，你也优惠吗？,0,0,0,2022-07-28 07:46:17,来自河北,57556264451,一代母鸡少个蛋
7125054896550200071,后悔买型格了,0,0,0,2022-07-27 22:13:20,来自广东,52059626969,浪里没有花
7125372129503085324,确实有诚意还是有点晚了。,0,0,0,2022-07-28 18:44:24,来自吉林,3232192269657662,Jiaohaiping
7125040565372535565,如果旧款外表加新款内饰，你们觉得好看吗？,0,1,0,2022-07-27 21:17:30,来自江苏,2515302160012622,Likeulike
7125263320005116713,有自知之明的企业，心里有清楚自己现在和国产差不多，稍微略高于竞争的几个合资品牌！可以的,0,0,0,2022-07-28 11:41:44,来自上海,57571028392,想买一辆车的平民
7125056514397946661,第一眼看成了宝骏的 请举手🙋🏻‍♂️！,0,1,2,2022-07-27 22:19:31,来自山东,111061622575,正经的小流氓Y
7124833127889617705,换了个前脸就是全新了？[我想静静]法系真是扶不起的阿斗啊,0,0,0,2022-07-27 07:52:41,来自山东,92820116843,风景如画你如花
7125373673996911399,标志维修配件都缺……,0,0,0,2022-07-28 18:50:39,来自江苏,1802806077435260,没用的阿洁
7125066519180280576,标致终于开窍了,0,3,0,2022-07-27 22:58:10,来自广西,58594126611,沙迦30
7125017848695128840,定价良心了,0,42,1,2022-07-27 19:49:44,来自天津,786892376782028,一只皮皮卢
7125341566348428070,机盖上的408真想抠下来[捂脸][捂脸],1,0,0,2022-07-28 16:46:08,来自广西,110905986197,潇洒白云QS
7125092159027675943,既然定这个价位了，肯定还是有降价空间的。,0,0,0,2022-07-28 00:41:29,来自黑龙江,1275086799641455,WWallce
7125243918962705186,新款宝骏？,0,0,0,2022-07-28 10:26:30,来自广东,4496402188,长崎树
7125066590445994760,前脸有点儿大众风格！！,0,0,0,2022-07-27 22:59:11,来自内蒙古,70788981984398,做自己喜欢的820517
7124868569309397772,第一眼前脸的设计给人的印象很深,0,0,0,2022-07-27 10:09:28,来自广西,180791821731559,Starkkzzio
7125043848593539844,这价格要给个赞，难怪预售过万。,0,3,0,2022-07-27 21:30:18,来自广东,5797637767,s-j-w1314
7125112110169735977,真便宜啊，12万就顶配了。当年我的408开票价都12.6了,0,0,0,2022-07-28 01:59:03,来自福建,4489998506,客过Ko过客
7125224664670618401,早这样，现在起码是跟大众本田平起平坐的品牌,0,2,0,2022-07-28 09:12:54,来自湖北,106498966239,小翁284
7124868311401825038,内饰方面方面不仅科技感强实用性也很好,0,0,0,2022-07-27 10:08:33,来自广西,3013125743847416,长萌祁隆
7125236626309661471,感觉比艾瑞泽8要强强点,0,0,0,2022-07-28 09:58:43,来自山东,1721975747,你呼叫的用户已停机
7125057957121032964,这个定价，性价比很高，能大卖,0,0,0,2022-07-27 22:25:24,来自陕西,4602769455,卿本佳人45498774
7125075068598092583,买标志的人，都是[大笑][大笑],0,0,0,2022-07-27 23:32:54,来自江苏,108658550897,自若高山yI
7125021989001052958,侧面腰线改下就好了[我想静静],0,0,0,2022-07-27 20:05:17,来自广西,95520679162,半栈工程师yyj
7125199942293029645,乍一看车标，还以为是宝骏[捂脸],0,0,0,2022-07-28 07:36:26,来自江苏,2000764938754461,极光X冬
7125204954360824608,评论区的人，你买我推荐，我买我不买[捂脸],0,0,0,2022-07-28 07:56:26,来自广东,6353401354,小雷雷85996793
7125266295390126848,新宝骏敢卖这个价[奸笑],0,0,0,2022-07-28 11:53:19,来自黑龙江,84559744229,元芳你怎麼看
7125269311887393551,出个纯电，续航600-700，马上买,0,0,0,2022-07-28 12:04:58,来自北京,84890086610,林湳
7125260766718247721,无论是操控，底盘，安全，性价比，同级别没对手。懂车的自然懂。,0,1,0,2022-07-28 11:31:46,来自广东,3364960461,一片枫叶飞
7125210489197429519,第一眼看成宝骏[捂脸],0,0,0,2022-07-28 08:16:36,来自四川,3818921585,刚子27913283
7125246870532309801,不保值是硬伤啊！日本车标值钱。,0,0,0,2022-07-28 10:38:09,来自广东,1978709112260302,滕原拓拉机
7125237873704092456,1.6t这个价格，厂家疯了吧,0,0,0,2022-07-28 10:03:12,来自上海,1173868370732956,老大颜颜
7125193666528543529,后悔入手2020款了，但是确实是好车好开,0,0,0,2022-07-28 07:12:01,来自福建,5962235456,独白Pro
7125206161875845903,看来我要放弃马自达了,0,2,0,2022-07-28 08:00:08,来自江苏,100453267793,双枪boy
7125063243298685735,转看长安深蓝SL03,0,0,0,2022-07-27 22:45:53,来自陕西,94436940803,聪颖有趣的星辰
7125017947994669836,挺好的，我的老408开着挺舒服，看着新的不错，价格还便宜，,0,0,0,2022-07-27 19:50:04,来自北京,94355264557,霂听寒379
7125184070933725964,这价格的确没的说[赞] at变速箱,0,0,0,2022-07-28 06:36:09,来自陕西,70790012739839,木子叔叔
7125217175098491678,太吊了这价格，标致真的拼了,0,0,0,2022-07-28 08:42:55,来自河南,5181845851,北方偶尔下雨
7125059245871072039,中控屏往上放在出风口上面就完美了,0,0,0,2022-07-27 22:30:20,来自江苏,4345684267370071,闻道有先后vv
7125214218408444704,我还以为是宝骏,0,0,0,2022-07-28 08:32:18,来自广东,105847758215,平头哥4K
7125023700776780555,这个价格无敌啊，让国产车怎么想[赞],0,2,0,2022-07-27 20:12:26,,61956516906,各位捞翔恭喜花财
7125056729645171471,假如把车标放在408的位置我觉得会好些！！！,0,0,0,2022-07-27 22:19:48,来自天津,2098283965067676,冰糖雪梨1164
7125046791699088167,价格配置都不错,0,0,0,2022-07-27 21:41:49,来自湖北,105014323675,小马腾云497
7124524327512310560,喜欢现款,0,0,0,2022-07-26 11:54:22,来自重庆,4270120118785947,乐天派平头老百姓
7125203809953137448,大家都在针对艾8吗[我想静静]这咋定价咋，1.5超10万不如买408，1.6超12万不如油腻v，星瑞，还有快上市的瑞程plus[我想静静],0,0,0,2022-07-28 07:50:58,来自湖南,83498265801,去二仙桥走成华大道
7125021296555508483,标致不想卖了是吧,0,1,0,2022-07-27 20:03:14,来自河南,67158969155,haozhang886
7124993060014506782,今晚应该会出价格，猜想9.98起,0,0,0,2022-07-27 18:13:36,来自吉林,2955922090766126,A江东573
7125060754705449739,卡罗拉[捂脸]根本不是一个级别,0,0,0,2022-07-27 22:36:41,来自广东,54337009052,穿衣服的隔壁老王头
7125100546562114308,车头拿408字怎么看得这么别扭,0,0,0,2022-07-28 01:16:11,来自广东,105503399036,金鱼zZ
7125324409304679203,这标远看像宝骏,0,0,0,2022-07-28 15:38:55,来自上海,66546347269,蟹黄瓜仁子
7125199326078518016,真不错，我都想搞一辆开开,0,0,0,2022-07-28 07:33:28,来自广东,3659588912550647,精神＾小伙
7125051709588210470,让人嘀咕的就是4s太少，经销商心里没底,0,0,0,2022-07-27 22:01:27,来自北京,50750059172,左右阴阳
7125048632847434503,这会408是后悬架独立悬架嘛,0,0,0,2022-07-27 21:48:48,来自河北,24762987517,motuoting
7125058350815642407,挺好的车，车标弄的跟宝驴的一样！快芭比Q了！,0,0,0,2022-07-27 22:27:18,来自山东,62798841918,April看世界
7125071879311868707,感觉我的福克斯买早了,0,0,0,2022-07-27 23:19:02,来自广西,62779699212,绿到发光
7125250974993990413,又不是508这个价[爱慕],0,0,0,2022-07-28 10:54:19,来自广西,50801244341,万物都有终点
7125214390248850189,不改图标还好看点,0,0,0,2022-07-28 08:32:28,来自浙江,4041074849,如果两年前的我有这份觉悟
7124544792901927695,本市和隔壁市的4s店都倒闭好几年了，买了去厂家保养吗[我想静静],0,1,0,2022-07-26 13:13:27,来自湖南,83498265801,去二仙桥走成华大道
7125027672518230784,我还以为是宝骏,0,0,0,2022-07-27 20:27:08,来自河南,6001101736,善良明镜qk
7125161051234059008,良心好车，各方面还不错，大卖给个赞,0,0,0,2022-07-28 05:06:53,来自陕西,3614785074891887,欢快蜻蜓W4
7125017984741540623,动力杠杠的,0,0,0,2022-07-27 19:49:41,来自安徽,53241908043463,tianyu8848
7125226797830013703,这是让408代替308吗？308就直接不出了吗？,0,0,0,2022-07-28 09:20:19,来自浙江,2370176783512491,臭豆腐Sir
7125313312123994920,非要挑毛病 就是颗粒扑捉器能给我拆了吗,0,0,0,2022-07-28 14:55:48,来自河北,102909608587,卡布奇诺中大杯
7125252641869382436,终于可以扳回一局,0,3,0,2022-07-28 11:00:53,来自湖南,4118141189,艾伦之家
7125086009087918887,比奇瑞都便宜,0,0,0,2022-07-28 00:16:59,来自辽宁,5740143643,当我晚上没来过
7125204202112041728,快降两万才是王道,0,0,0,2022-07-28 07:52:25,来自湖北,50347347910,竹哥靓
7125320384433423104,第一眼怎么看着像宝骏,0,0,0,2022-07-28 15:23:06,来自贵州,59271400936,dylan.zhang
7125343612191752964,真不错。研究下把宝来置换成408,0,0,0,2022-07-28 16:54:13,来自辽宁,106598777898,bonita回忆
7125360310529803046,标志现在还有多少人会买吗？,0,0,0,2022-07-28 17:59:04,来自广西,5750450822,你大佬62923276
7125194207693964069,再优惠个2-3万更香,0,0,0,2022-07-28 07:14:19,来自山东,2436145616531095,职场人闻学多
7125218802060870433,走308的路让308无路可走吗[捂脸],0,1,0,2022-07-28 08:49:53,来自山东,5618699806,莫奈的睡莲池
7125129987330048803,看优惠多少了，优惠个一到两万还可以,0,0,0,2022-07-28 03:12:29,来自北京,108328854864,京郊超哥
7123994037115159300,就是个卖车的,0,2,0,2022-07-25 01:42:26,来自新疆,1996337312972332,直爽溪流hV
7125225810394481444,坐等欧版508,0,0,0,2022-07-28 09:16:26,来自贵州,646129115211731,朋友圈最亮的仔
7125054167521690409,这价格，终于不用和销售磨优惠了！,0,0,0,2022-07-27 22:10:11,来自浙江,85445333451,DCD95n
7124558652312257316,有人跟我一样喜欢老款吗[捂脸][捂脸][捂脸],0,1,0,2022-07-26 14:07:43,来自广西,100853109664,魔法MagicBoy
7125274774251209510,小车应上独悬,0,1,0,2022-07-28 12:25:43,来自浙江,55464867255,男人不坏w
7125255252638810880,没有 大屏 游戏机 冰箱 差评[狗头],0,0,0,2022-07-28 11:10:26,来自江苏,91576251128,桃柚爸爸cq
7125311850287661855,乍一看下去像宝骏[捂脸][捂脸][捂脸][捂脸][捂脸][捂脸][捂脸],0,0,0,2022-07-28 14:50:38,来自广东,104595343741,木子宅
7125062371810624290,价格真良心[赞][赞][赞],0,3,0,2022-07-27 22:42:04,来自广东,81693486502,小胖2097
7125215741477192483,价格太香了[赞][666][666][小鼓掌],0,0,0,2022-07-28 08:37:09,来自湖北,3003468520098536,anki9527
7125058299196244773,以前308的价格,0,1,0,2022-07-27 22:26:41,来自上海,1319011905440968,奔跑的老铁
7125236726507062057,前保一换，新款[捂脸],0,1,0,2022-07-28 09:58:25,来自湖北,50553140597,Jhdbdjd
7125215423523652366,170马力,0,0,0,2022-07-28 08:36:12,,3667584833295543,CHUHE汉界
7125071222761210659,标致呵呵，在降价也干不过别人,0,1,0,2022-07-27 23:16:41,来自江苏,108006839770,黄山商务旅游接待柳轩旅行
7124868116404192015,别人不知道，我是已经关注一段时间了,0,0,0,2022-07-27 10:07:38,来自广西,1570574869995662,Sccortt
7124868703220777735,我对这样的车子一直很关注的，很期待,0,0,0,2022-07-27 10:09:56,来自广西,2889987937539875,王的必胜信念
7125025280246530855,必须入手。,0,0,0,2022-07-27 20:18:30,来自福建,769253178618231,星光无道
7125065247257477926,刚刚预定了！,0,0,0,2022-07-27 22:53:45,来自广东,3688987239,进取橘子oV
7125044028781495043,408换了新狮子头变成了新408,0,3,0,2022-07-27 21:31:10,来自湖北,105886489712,你猜我是什么用户
7125301539656188685,图7才是我的蔡[吐舌],0,0,0,2022-07-28 14:10:25,来自广西,53497263277,尼古拉斯中大蔣
7124868482168062735,新狮标还是蛮不错的，比之前的标更有韵味,0,0,0,2022-07-27 10:09:03,来自广西,866879289435735,闭上她的眼睛
7125271083838341921,高配就直10万,0,0,0,2022-07-28 12:11:28,来自天津,109527377630,好奇岑溪1w3
7125017282803483395,这价格真的实惠,0,12,0,2022-07-27 19:47:34,,69100923401,kanyiz
7125031469952762624,顶配配置加了很多，价格也不高,0,0,0,2022-07-27 20:41:46,来自内蒙古,4512231680,大香羊o
7124572594900271887,是不是 要看价格,0,0,0,2022-07-26 15:01:16,来自山东,4081008878553533,倾目L
7125201709026247458,比速腾强多了,0,0,0,2022-07-28 07:42:52,来自湖北,4534919380,有得有失lh
7125259472456581923,不是停产了么,0,0,0,2022-07-28 11:26:48,来自湖南,1288249876686558,sir小周
7125076670708532002,如果是真的这个价还卖不动就没天理了！,0,0,0,2022-07-27 23:37:41,来自广西,67265637980,周家大少1
7124579050366436129,价格还没说,0,0,0,2022-07-26 15:27:14,来自湖北,567817902752896,起风了2022
7125243511871374118,10万起，确实能打！,0,0,0,2022-07-28 10:25:29,来自广东,2660452670115971,如是我闻虚极静笃
7125058525080126239,宝骏的标？[泪奔],0,0,0,2022-07-27 22:27:29,来自山东,54602336103,我想靜靜丶丿
7124905756168160036,"别的都能喷
底盘还真是看法国的。",0,0,0,2022-07-27 12:34:40,来自北京,2282174034755132,博学的花猫NDY
7125184672833209121,以为是宝骏,0,0,0,2022-07-28 06:38:24,来自湖北,85251943873,社会不好混
7125238754092237606,相对朴素，呵呵,0,0,0,2022-07-28 10:07:04,来自湖南,5867711896,奇瑞总裁
7125212243612238627,这价格可以了,0,0,0,2022-07-28 08:23:35,来自四川,96309440806,ricky米粒
7125263382655648512,说来说去，我还是喜欢508,0,1,0,2022-07-28 11:41:57,来自山东,6364636359,费小飞
7125093360922526472,怎么不出2箱的。,0,0,0,2022-07-28 00:45:23,来自广东,50569204751,少说话多开车
7125025565480583967,模具都没舍得换,0,0,0,2022-07-27 20:19:24,来自山东,55172486554,明明会的
7125230766300562210,饭也凉了，菜也冷了。市场没了。,0,0,0,2022-07-28 09:35:29,来自江苏,98954615790,xinhui猪
7124684480421790494,唉，大势已去又没有新意，再怎么折腾，也起不了大水花了。,0,0,0,2022-07-26 22:15:58,来自河北,104952450940,扑面征尘去路遥
7125256125007692559,这价格可以,0,1,0,2022-07-28 11:13:46,来自北京,96113740739,阿淼在北京
7125276648555135776,老款还不是这价格,0,0,0,2022-07-28 12:32:57,来自四川,100072659160,Theway898
7125080878023983911,408X啥时候出啊,0,0,0,2022-07-27 23:56:25,来自广东,1292637916641246,SKWagen
7125026492282700574,平台一直没有升级改进，老三件也是。没有啥意思,0,2,0,2022-07-27 20:22:46,来自江苏,4292110439942231,买不起的ABB
7124249946261652258,凉凉了,0,0,0,2022-07-25 18:09:26,来自湖北,5870995005,农夫69526230
7125088690006852393,性价比很高,0,0,0,2022-07-28 00:25:26,来自山东,3649975553623864,自由的海风jF
7125197266281202435,比赛没输过，销量没赢过,0,0,0,2022-07-28 07:26:55,来自江西,57659507177,来自中国的小王子
7125072984531960589,早这么定价还能成现在这样[打脸],0,0,0,2022-07-27 23:23:59,来自湖北,6238742584,龍小咬
7125194773568324393,没有手动挡。。。,0,0,0,2022-07-28 07:15:55,来自福建,103470266853,焖烧三文鱼
7125083033220481829,真便宜1.6T我要来我的爱丽舍去置换,0,0,0,2022-07-28 00:04:03,来自重庆,86080232207,雨后的阳光5127
7125045404953395975,真想把我开的一年的老款给换了[流泪][流泪],0,0,0,2022-07-27 21:36:20,来自河南,7847785776,山水茶乡6662
7125060205259293448,叫好不叫座的,0,0,0,2022-07-27 22:34:06,来自广东,3601642776182638,大炮康
7125259079866008320,叫308l他不香吗,0,0,0,2022-07-28 11:25:22,来自重庆,100786015844820,yangbo5008
7125197266281202435,比赛没输过，销量没赢过,0,0,0,2022-07-28 07:26:55,来自江西,57659507177,来自中国的小王子
7125072984531960589,早这么定价还能成现在这样[打脸],0,0,0,2022-07-27 23:23:59,来自湖北,6238742584,龍小咬
7125194773568324393,没有手动挡。。。,0,0,0,2022-07-28 07:15:55,来自福建,103470266853,焖烧三文鱼
7125083033220481829,真便宜1.6T我要来我的爱丽舍去置换,0,0,0,2022-07-28 00:04:03,来自重庆,86080232207,雨后的阳光5127
7125045404953395975,真想把我开的一年的老款给换了[流泪][流泪],0,0,0,2022-07-27 21:36:20,来自河南,7847785776,山水茶乡6662
7125060205259293448,叫好不叫座的,0,0,0,2022-07-27 22:34:06,来自广东,3601642776182638,大炮康
7125259079866008320,叫308l他不香吗,0,0,0,2022-07-28 11:25:22,来自重庆,100786015844820,yangbo5008
7125202361110856483,还是喜欢408x,0,0,0,2022-07-28 07:45:29,来自湖北,51469110954,谁的天下你不懂
7125278467046310656,我买轩逸,0,0,0,2022-07-28 12:40:04,来自安徽,100026011238,xzh1116
7125237506064876319,买福克斯去了,0,0,0,2022-07-28 10:02:04,来自重庆,109229101785,攻城狮聊车
7125057477229822758,路上几乎找不到,0,0,0,2022-07-27 22:23:35,来自新疆,1103557454474759,大树下枝叶
7125207488760628003,换成电子档杆就更好了,0,0,0,2022-07-28 08:05:19,来自山东,50401648922,你是我的眼007
7125050458615563015,比老款买单便宜 是不是缩水了,0,0,0,2022-07-27 21:55:48,来自湖南,53385231002,爺獨手毀兲丅
7125085829965824805,我还是等23款508L[大金牙],0,0,0,2022-07-28 00:15:28,来自广西,6518580882,花儿与我的物语
7125030805369651971,这定价没法喷！,0,4,0,2022-07-27 20:39:50,来自山东,11646732750,机械公敌4
7125350633045213987,年底就他了,0,0,0,2022-07-28 17:20:29,来自湖北,109579319791,扫地僧LOLE
7125027283794461443,咋不放威朗[呲牙],0,0,0,2022-07-27 20:26:14,来自广东,1961158630445271,长岛冰茶9407
7125054808863851301,相当给力了！[祈祷],0,0,0,2022-07-27 22:12:59,来自山东,4301892087,仦氵告
7125278030406173480,可以换车了[灵光一闪],0,0,0,2022-07-28 12:38:16,来自河北,3780803813,Z扭曲的人性
7125053656164156198,我要208gti,0,0,0,2022-07-27 22:08:38,来自山东,62877613892,不懂车小帝
7125042470509167399,价格这么低？,0,0,0,2022-07-27 21:24:58,来自陕西,738501955950254,simoncuced
7125040674508161823,香的很 香的很 想去置换 不知道有啥优惠不,0,0,0,2022-07-27 21:17:42,来自湖南,2850384591994104,极客芒果丨
7125018092048761613,不如老款的好看,0,1,0,2022-07-27 19:50:45,来自湖北,2137885917850280,真诚冰淇淋7F
7125016636356264711,这个钱[我想静静],0,0,0,2022-07-27 19:44:42,来自山东,1926789161026632,活在当下10559
7125209960489304862,2020款都想置换了[捂脸][捂脸],0,0,0,2022-07-28 08:15:34,来自陕西,5540369119,yuan拾壹
7125034587285521192,不多说,4,7,0,2022-07-27 20:53:55,来自吉林,2691207074415655,环保公司321
7125024167786955559,必须入手,0,0,0,2022-07-27 20:14:05,来自福建,769253178618231,星光无道
7125063232477856552,配置好差,0,0,0,2022-07-27 22:45:22,来自江西,108042721683,阿杜莫诺
7125126953719989007,内卷,2,1,0,2022-07-28 03:00:10,来自甘肃,56533110740,启程149928715
7125023941404017444,良心车企,0,1,0,2022-07-27 20:13:10,来自江苏,430624056028126,小马哥jinritou
7125020577685291783,明年再买,0,0,0,2022-07-27 19:59:57,来自山东,104952038308,啊嗯嗯
7125246487612719912,贵了,0,0,0,2022-07-28 10:36:22,来自广东,3909487610300168,L小梁D
7125034194006737668,吖0测,0,0,0,2022-07-27 20:53:11,来自江苏,65624764071083,青涩梦想Ml
7125335821955433252,可以入手,0,0,0,2022-07-28 16:23:34,来自广东,4124996745049383,江南花开
7124666946653782816,喜欢老款,0,0,0,2022-07-26 21:07:52,来自山东,84316089742,惊蛰的人
7125189102697956103,速腾,0,0,0,2022-07-28 06:54:19,来自四川,86722458914,小样2697
7125058474367271717,不错,0,0,0,2022-07-27 22:27:26,来自河北,53387442680,海1412005
7125063703472505613,真是好车,0,0,0,2022-07-27 22:47:35,来自天津,50217372767,芸芸众生吔
7125220371237929766,换壳,0,1,0,2022-07-28 08:55:52,来自河南,3245619160,多彩香槟
7125065942429958920,电车,0,0,0,2022-07-27 22:56:27,来自甘肃,92859741134,自由的暖阳h
7125052324003152655,比我那卡罗拉好多了，肉牛一样,0,0,0,2022-07-27 22:02:50,来自河北,76895071486,能吃的akl
7125058483048694568,1.2T? 1.6T?,1,0,0,2022-07-27 22:26:42,来自河南,61980467223,芒果先生你好
7124629389341393696,12.99,0,0,0,2022-07-26 18:42:24,来自湖北,1059559749721635,儒雅风筝n
7125024125152215808,408已废掉，这么久了，本次改款居然还不是换代，而是中期大改款，说明神龙也无法为这款车投入更多，厂家离退市不远了,3,2,0,2022-07-27 20:13:27,来自福建,2766822821334311,用户7081353333064
7125018659118121732,这价格 大众两田只能给你一个cvt或者干式双离合 外加高级的隔音棉 另外速腾还不一定买得到,1,0,1,2022-07-27 19:52:45,来自上海,26825543392749,用户6264146652859
7125021967317025548,这个车是不是前面低，后面高？,1,0,0,2022-07-27 20:05:36,,289879071404141,用户7064202932433
7125020311686300447,搭配hicar直接劝退，都买这个车了，还可以买的起华为？,1,0,0,2022-07-27 19:58:50,来自江苏,721696998562583,用户8112026018030
7125183537438802722,轮胎太薄了,6,1,0,2022-07-28 06:32:33,来自陕西,2176679902187927,用户805855279655
7125054589099000606,来个两箱的 比如欧洲的308,1,0,0,2022-07-27 22:12:02,来自福建,4441634474042893,用户2174857015530
7125016392319140615,不是说退出中国市场了吗？,1,0,0,2022-07-27 19:43:46,来自福建,553786184311885,用户1399814609977
7125028373340259076,1.6T的发动机起步价10.5万价格合理，还是合资车[赞],0,1,0,2022-07-27 20:30:31,来自浙江,2071114143254312,用户9511603089743
7125063667749962529,现在好多车都抄袭奕炫MAx前脸中网,0,0,0,2022-07-27 22:47:50,来自江苏,1750861046888499,用户7102165703688
7125026378650927904,这价格真的可以，标志想打翻身仗，希望不出啥毛病。4008，508价格再降2万到3万，标志会救活过来。,0,0,0,2022-07-27 20:22:41,来自贵州,51022027458,用户2540881534970
7125347093023228686,前盖上有数字408，绝对影响销量！,0,0,0,2022-07-28 17:07:16,来自浙江,1332234493888979,用户7470030909427
7125031439275852582,这个价格我看还有谁黑法系？,0,1,0,2022-07-27 20:42:15,来自宁夏,3795104441049207,用户5028367420489
7125211771019199236,标志品牌还是不错的[赞],0,1,0,2022-07-28 08:22:42,来自广东,792099770073892,用户661552410696
7125274733075530529,我想问问，这车安装颗粒朴集器了没，没有安就是好车，性价比高,0,0,0,2022-07-28 12:25:30,来自山东,111040331522,用户1690713509723
7125022880366445351,对标408的，只有速腾和亚洲狮,0,0,0,2022-07-27 20:09:06,来自湖北,111152683020,用户8054229697298
7125051422580015887,这车肯定比大众的强。,0,0,0,2022-07-27 21:59:18,来自河北,4076576994760859,用户5188267028508
7124936012693832484,今晚会出价格吗,0,0,0,2022-07-27 14:31:57,来自河南,2603268494339496,用户9123210016331
7125195378974098176,早五年这个价格就大卖了，错过时间了。,0,0,0,2022-07-28 07:18:12,来自浙江,1424569744519885,用户1268859949639
7125026499287532325,去年刚提的408，好开到起飞[呲牙],0,0,0,2022-07-27 20:22:56,来自山东,1112326129065059,用户264017248867
7125291875145794317,408X好久出？,0,0,0,2022-07-28 13:33:12,来自四川,1411409796151319,用户9733088932583
7125216338121212672,新标不好看，看似空间也不大。,0,0,0,2022-07-28 08:39:29,来自天津,1042784656568207,用户1615302680508
7125210596215784224,这个价，🔥了,0,0,0,2022-07-28 08:18:13,来自广东,1446601226718135,用户4801241970514
7125020807801766691,这价格可真的便宜[我想静静],0,0,0,2022-07-27 20:00:33,来自湖南,3562887476424408,用户1471872218300
7124514447028437771,定价高永远没有人买单,0,0,0,2022-07-26 11:16:24,来自江苏,681287331878300,用户4713756277240
7125017343776064293,在哪预售,0,0,0,2022-07-27 19:47:29,来自广东,1187893386688727,用户5601554613413
7124865079358571298,新款要是这价格又是作死,0,0,0,2022-07-27 09:55:50,来自北京,1355018341191581,用户2701196895139
7125017577935586060,妈的 我2015年7月！1.8自吸落地16.1万,4,2,0,2022-07-27 19:48:40,来自浙江,3196995743259364,fkue138
7125214436457218856,广告色太丑了 还不如那个银色,0,0,0,2022-07-28 08:32:01,来自甘肃,1842373738103998,用户1999995254008
7125249766044975904,好车，上市肯定要去试驾一下,0,0,0,2022-07-28 10:50:15,来自江苏,3021110229610187,征西大将军
7125371782500320035,这价格真香！最低配都能吊打马路三大妈[灵光一闪],0,0,0,2022-07-28 18:42:36,来自湖北,3429236003,南方男26
7125195964499444517,老款的都9万多落地了，这有什么好稀奇的[憨笑][憨笑][憨笑],0,2,0,2022-07-28 07:21:17,来自河北,2699790991,世票
7125036284129149735,408x才是极品,0,0,0,2022-07-27 21:01:13,来自云南,51678316060,好大的烟锅巴
7125017938663031588,买！,0,15,0,2022-07-27 19:49:52,来自福建,3304296651,秦时小夜
7125016769861124903,难看，俯冲式腰线,5,1,0,2022-07-27 19:45:29,,2251416526925053,雪满高山月
7125054357766718248,标志垃圾，千万别买，坐等降价[思考],0,0,0,2022-07-27 22:10:48,来自上海,6227759813,自由的钢笔QG
7125092857539150622,里外都丑,0,0,0,2022-07-28 00:43:13,来自浙江,791255453015300,2022发大财
