7127146393902334751,不奇怪，死刑迟到340年才奇怪,1,117,2,2022-08-02 13:29:10,来自陕西,79855680094,人好肯定生活一般
7127179310296810270,司法腐败、徇私枉法比犯罪更可恶。,0,49,0,2022-08-02 15:36:55,来自江苏,104340395092,小小江北佬
7127145775591047971,协同者比作案者更可恶！,0,105,0,2022-08-02 13:26:37,来自山东,103763717974,优雅豆浆jL111
7127182386332500772,正义不要迟到，更不要缺席。,0,2,0,2022-08-02 15:49:00,来自福建,3117847205126526,自由明镜H
7127187133118399266,迟到的正义还能是正义吗,0,13,0,2022-08-02 16:06:53,来自新疆,1081535304837064,中心爱华
7127184807834075915,正义经常迟到，真的很不正义。,0,12,0,2022-08-02 15:58:28,来自浙江,82192585004,HeiBro
7127200339152880422,法律是公平的，执法的人是公平的吗？,0,2,0,2022-08-02 16:58:49,来自甘肃,98078731113,zlk天高云淡
7127172907092509475,正义有时会迟到，但绝不会缺席！,7,20,0,2022-08-02 15:11:51,来自湖南,64048002138,琼琼好物推荐
7127135933249454860,完阅。的确有点长。,0,16,0,2022-08-02 12:48:32,来自四川,66932661105,帘卷西风叹红楼
7127181919636947751,追究一些人的责任不,0,7,0,2022-08-02 15:47:43,来自甘肃,4274538148007368,.℡ 期待
7127181409965769503,是不是应该追责一下,0,5,0,2022-08-02 15:45:15,来自广东,97207144185,会思考的猎人
7127200846811251496,正义不允许迟到,0,0,0,2022-08-02 17:00:23,来自河南,81679664533,zlp6605
7127196514237383455,这里面有多少不为人知的秘密,0,0,0,2022-08-02 16:43:45,来自北京,52134218089,杜死水手
7127171089104913192,迟到的正义不叫正义，只能算赎罪,0,8,0,2022-08-02 15:04:48,来自新疆,110593138737,大爷没大
7127123667116835618,能敢于把遮羞布掀开 就是司法体系的进步,0,130,0,2022-08-02 12:00:38,来自山东,1406967859642887,挥霍尽内心的空
7127157979241284387,来得晚一点而已，该来的总要来,0,4,0,2022-08-02 14:13:32,来自广西,103126524542,优美乡间
7127150157661668126,唉！一声叹息！,0,7,0,2022-08-02 13:43:16,来自江苏,50936347609,才思敏捷星星d1
7127140925406593827,司法系统反腐任重道远！,0,56,0,2022-08-02 13:07:33,来自北京,18226145939,我是老鼠要娶猫
7127210275237020423,贪污腐败，执法者知法犯法,0,1,0,2022-08-02 17:37:16,来自河北,4036370298,chuanyuewub
7127131514550633257,多活了34年,0,28,0,2022-08-02 12:31:04,来自浙江,2141492078192392,淘淘一号3
7127134202088243979,这下成功了,0,3,0,2022-08-02 12:41:58,来自河北,7150085615,暗地调查
7127131498557571840,确实挺成功的,0,3,0,2022-08-02 12:30:57,来自云南,3456513998862767,缤纷山丘PA
7127143376285795072,出来混迟早要还的！[吃瓜群众],0,0,0,2022-08-02 13:17:18,来自山西,4252561170499428,老鹰228
7127136808671904552,严办了吗,0,1,0,2022-08-02 12:51:25,来自北京,62703445295,搜别墅
7127210491604370180,执法不严,0,1,0,2022-08-02 17:38:12,来自山东,1574129821818446,机智的小猫TP
7127082494813750056,这烂透了，严惩那些受贿的窝犯！,2,875,4,2022-08-02 09:21:05,来自广东,1261850631343342,看落日听鸟鸣
7127140264376435496,毁了多少幼女,0,12,0,2022-08-02 13:05:05,来自青海,4246620281,追一风
7127135621319082759,河南司法界的一些人胆大包天，收了贿赂什么都敢干。,0,73,2,2022-08-02 12:47:15,来自上海,3236605624851292,智慧都市剑客
7126957671944733454,太腐败了！,2,633,4,2022-08-02 01:20:04,来自黑龙江,69343145397,优雅钢琴de
7127180155017741088,法律被这些执法者强奸了。,0,0,0,2022-08-02 15:40:56,来自山东,110192659402,勇敢的帆船MJ
7127187620841145129,司法腐败下的耻辱,0,4,0,2022-08-02 16:09:01,来自新疆,1081535304837064,中心爱华
7127129789303309092,无药可救了,0,14,0,2022-08-02 12:24:51,来自广西,92786426051,洅无少年
7127156737379402530,如果他没有奸淫幼女这个爱好，是不是就永远不会被发现？细思极恐,1,155,0,2022-08-02 14:08:47,来自广东,1842432674637214,蓝色玥
7127155924527039243,触目惊心！,0,100,2,2022-08-02 14:05:31,来自江西,2802002941444379,铭果果好歌
7127181699960210191,对知法犯法者必须严查，严打，严惩，还老百姓个平安。,1,134,1,2022-08-02 15:46:02,来自山东,5756756341,郭甫侠
7127188312968397603,对知法犯法者，必须从重从严惩治。还社会安全，还人间公道。,0,84,0,2022-08-02 16:11:43,来自山东,3399315449724524,自强不息笑囗常开
7127133501417227011,无奇不有，天下奇闻怪事，见怪不怪，是鬼推磨还是磨推鬼。,0,213,0,2022-08-02 12:39:17,来自甘肃,2146701417132989,自由水岸精灵
7127140700579496712,[震惊][震惊][震惊]一查到底！,1,78,0,2022-08-02 13:07:06,来自陕西,3889826071,清水微兰
7127039850951475983,可以拍摄电视连续剧,5,264,1,2022-08-02 06:36:00,来自浙江,4541987575,杭州方志华律师
7127176413220209447,狗血的人生,0,19,0,2022-08-02 15:26:06,来自河北,3962414708,老卓侃天下
7127167606960096011,还张某，这么厉害的人物，没名没姓吗？需要保护隐私吗,1,188,1,2022-08-02 14:51:42,来自江苏,3870912818,谈谈过去
7127183842657764126,现在的犯罪份子不要指望能改造好他，出狱之后只会变本加厉,1,45,0,2022-08-02 15:54:37,来自湖北,3126601084568323,电台情歌hhh
7127178293896004392,多活的这三十多年怎么补？新增加的受害人怎么赔偿？,0,31,0,2022-08-02 15:32:52,来自河北,2405385855581885,wingy78
7127091966613340932,出来混迟早要还的！[吃瓜群众],3,105,0,2022-08-02 09:58:31,来自江苏,2383331096789987,东汉连西汉
7127232691216925481,知法犯法罪加一等，检察机关更应该严惩,1,6,0,2022-08-02 19:03:45,来自河北,71069656448,老李剪辑号
7127197252413899555,法院犯错怎么处罚,0,49,0,2022-08-02 16:46:08,来自河北,1808244810,雨后的温暖1996
7127150784931922700,呼吁公职人员都挺起胸膛做人，要留清白在人间[作揖][作揖][作揖],8,69,1,2022-08-02 13:45:38,来自河北,1803668241521635,桃李不言666999
7127189033503539981,法律不是儿戏！错判要追责。[灵光一闪],0,41,0,2022-08-02 16:15:02,来自吉林,3078698288,小皮卡6
7127139072157778719,老法官认为他是个人才，留下性命可以为社会做贡献,2,23,0,2022-08-02 13:00:33,来自陕西,109065601250,易7375
7127142606475248417,为什么这个坏人这么有钱？没有钱他就不会做恶这么多,0,49,0,2022-08-02 13:14:45,来自安徽,2493316546180958,云自在的简生活
7127187182812693259,背后的伞应该严惩不贷,0,38,0,2022-08-02 16:08:00,来自河北,6019780300,波76133820
7127165812074431269,知法犯法的应该从严从重处罚,0,137,2,2022-08-02 14:43:53,来自江苏,3322252353,一米阳光151970980
7127095596715868928,执法犯法者，罪加十等！！！,1,254,1,2022-08-02 10:11:44,来自山东,6173874875,清澈的海水81422852
7127166943886770984,徇私舞弊者从严从重惩处！！！！！！！！,0,120,1,2022-08-02 14:48:19,来自河北,91700854416,冰中火Super
7127200972123685644,对知法犯法者，必须从重从严惩治。还社会安全，还人间公道。,0,12,0,2022-08-02 17:01:08,来自辽宁,59737571404,平p安a是福
7127210225639686949,更关注的是有什么公职人员涉案，分别受到什么处罚。。。,0,14,0,2022-08-02 17:37:06,来自福建,76307745469,叶247871758
7127153743736439586,正义虽迟但最终还是会来到 任何人犯罪都不能逃过法律的制裁,0,11,3,2022-08-02 13:57:03,来自辽宁,50096392826,北大青鸟IT教育
7127095825057989387,天下奇闻！这个死刑犯的传奇今生,0,142,1,2022-08-02 10:13:14,来自山东,73195277564,修心26086
7127167719078298409,一审最关键！,0,17,0,2022-08-02 14:51:54,来自云南,104659636052,回味的橄榄果
7127169089734181635,坏人看来真的混的开啊！,0,48,0,2022-08-02 14:57:29,来自北京,50636851697,不屈的小南瓜
7127173127960527631,不敢想象有多黑！,1,72,0,2022-08-02 15:12:51,来自福建,51834328726,独自漂泊133973202
7127119977504588547,笑话！荒唐！,1,29,0,2022-08-02 11:46:42,来自北京,2286622105415533,求系得系
7127227773055566625,对执法犯法者必须严惩！还社会平安！,0,3,0,2022-08-02 18:45:18,来自甘肃,111212438232,陌上骑驴wn
7126957677884113676,给坏人活的机会，就是剥夺了好人生的权利。,0,287,1,2022-08-02 01:22:01,来自天津,92209676966,沉默中等待你的消息
7127165094462620449,天下奇闻！这个死刑犯的传奇今生。,0,5,0,2022-08-02 14:41:05,来自湖南,68028203615,殘雪銜春
7127153285865358121,河南版孙小果，电视剧都不敢这么拍,0,11,0,2022-08-02 13:55:16,来自河南,1323443693295741,一米阳光温暖自己
7127234580159202063,神奇的开挂经历最终难逃恢恢法网,0,0,0,2022-08-02 19:11:03,来自上海,106486990328,冰河世纪的幸福
7127219720708784936,执法犯法，罪加一等,0,2,0,2022-08-02 18:13:21,来自河南,5525152236,潮起潮落观沧海
7127124515872211752,能问一句：这回可是真的吗？,1,14,0,2022-08-02 12:03:58,来自内蒙古,5890581208,Ja不假
7127002712113332992,充分体现了我们国家三十年来的司法进步，这个案例应当作为→见证我国司法进步的典型案例大力宣传[点亮平安灯],4,140,5,2022-08-02 04:15:30,来自辽宁,108193211346,船头舵
7127113157101404939,此人的人生剧本是谁写的？,1,27,0,2022-08-02 11:20:45,来自浙江,102808072582,酒家懦夫司机
7127108642150810408,这个人要是情商高点，遵纪守法，本来还是商界人才,3,17,1,2022-08-02 11:02:17,来自广东,598614921450875,投资达人—胜剑师
7127190267639415582,张某了几次，又弄个张成功。[捂脸][捂脸][捂脸],0,5,1,2022-08-02 16:19:30,来自河南,729699648808558,睡不着的鸟儿
7127179956685636393,正义有时会迟到，但永远不会缺席！张成功34年逍遥法外，真是千古奇闻！,0,5,1,2022-08-02 15:39:12,来自山东,74396010031390,用户王三丰
7127239450371326724,对这枉法者的处罚太轻…希望加大力度。,0,0,0,2022-08-02 19:30:28,来自安徽,3958687820677870,9698242674105清风
7127138698613097248,无奇不有，天下奇闻怪事，见怪不怪，是鬼推磨还是磨推鬼。,0,13,1,2022-08-02 12:59:21,来自浙江,11798897788,鹰连幽若
7127201261803995935,公平正义！,0,3,0,2022-08-02 17:02:25,来自甘肃,67087141761,儒雅带鱼
7126949369647727401,这是真的？怎么感觉跟看小说似的？小说都不敢这么写。,1,163,1,2022-08-02 00:45:59,来自湖南,74314970721,大芋头娃娃菜
7127129756403319552,正义有时会迟到，但绝不会缺席！,8,30,3,2022-08-02 12:24:15,来自山东,59223076287,富贵呈祥88518
7127168948667859727,天下奇闻怪事，无奇不有。,0,0,0,2022-08-02 14:56:33,来自河南,1292644546264336,快乐漂流瓶32
7127127304894939943,这是沉默的真像原型吧,1,4,0,2022-08-02 12:15:19,来自广东,105146780515,小狗淘车
7127135973196612391,这是有幼女情节吗？,0,4,0,2022-08-02 12:49:02,来自海南,5840165258,老鼠赶妹
7127051467264983845,娘胎里的病能否治？,1,20,0,2022-08-02 07:21:15,,62172215148,指鹿为马你服不服
7127243059192316703,必须追责啊！,0,0,0,2022-08-02 19:44:21,来自上海,4494397374214875,无奈20201029
7127159968218137351,法律的尊严必须得到维护，人间的正义必须得到申张！,0,4,0,2022-08-02 14:21:14,来自江苏,4028221788266615,幽默海燕Ft
7127178566307644160,离奇到载入史册,0,14,0,2022-08-02 15:34:00,来自湖南,3745341590,风姿卓越星辰M
7127094209689666308,现在核酸频繁 能再找到一些人吗 我感觉生物特征排序大数据还能找到私生子,0,18,0,2022-08-02 10:07:27,来自天津,1305843348285452,天津时令
7127164694779495208,真让人无语，崩塌。难怪大数据被拐卖的妇女儿童那么多。,0,6,0,2022-08-02 14:39:38,来自陕西,52876733591,积极乐观888
7126956642830533390,太“传奇”了，这要不是报出来真不信有这样的人生，太那个啥了，表达不出来了。,0,85,0,2022-08-02 01:16:10,来自河南,6735305052,州洋109642656
7127243796215350027,什么世道！,0,1,0,2022-08-02 19:47:18,来自河南,105258540825,温柔天使在人间
7127167075344581416,这应该比安排子女进系统危害大,0,25,0,2022-08-02 14:48:52,来自河南,1464975192229064,有趣的船帆9Y
7127169348145431296,"多处有果难修正果终修正果终有果
何方渡岸回头是岸苦处是岸或无岸",0,4,0,2022-08-02 14:57:54,来自湖北,140340509283560,hbgr1996
7127242874194019072,以前的案子，都要认认真真的复查一下,0,0,0,2022-08-02 19:43:10,来自山东,106647138124,王勇13356247501
7127177750511092518,绝对不是最后的孙小果！！,0,24,0,2022-08-02 15:31:30,来自贵州,857214241483731,博学山水黔城
7127149155172008736,正义有时会迟到，但绝不会缺席！,0,3,1,2022-08-02 13:39:16,来自吉林,3192630190549992,335502025616四季常青
7127169149671113510,严查他背后的哪些人。,0,5,0,2022-08-02 14:57:48,来自广东,6762901541,狼图腾111565871
7127142659294741252,草民看的目瞪口呆！终于知道我为啥穷了,0,11,0,2022-08-02 13:15:17,来自河南,5911636517,犟驴820828
7127215166664098593,触目惊心啊,0,0,0,2022-08-02 17:56:34,来自山东,84991772166,杀伐决断NO1
7127143394526167820,厉害、触目惊心！,0,2,0,2022-08-02 13:17:49,来自广西,4335732094,LIU罗锅上树
7127201776016753449,触目惊心，哎,0,1,0,2022-08-02 17:03:45,来自浙江,3416907494201676,忘记名字了就这个名字
7127165470880350976,好好的查一下吧,0,69,0,2022-08-02 14:42:32,来自北京,4867272105,胡民好
7127106927335195426,人家老是有钱，怎么来的啊,0,27,1,2022-08-02 10:55:54,来自河南,5809987866,碧玉轩
7127133112970691339,黑伞,0,19,0,2022-08-02 12:37:54,来自福建,5787600174,清泉听海
7126960340491191052,这类案子，好好翻翻，还有很多,0,54,0,2022-08-02 01:32:50,来自天津,92209676966,沉默中等待你的消息
7127139315745866507,罪不可赦！,0,5,0,2022-08-02 13:01:45,来自内蒙古,4111810275326939,安逸宇宙TK
7127226362729481001,不追责嘛?,0,0,0,2022-08-02 18:39:19,来自辽宁,3536484108080183,三旬三
7127180077121127205,恶贯满盈罪有应得天网恢恢疏而不漏。,0,0,0,2022-08-02 15:40:19,来自广东,94664460771,友爱宇宙wr
7127259172974150431,正义有时会迟到，但绝不会缺席！,0,0,0,2022-08-02 20:46:41,来自北京,96712297466,四季开锁O6Sy
7127176322317140773,反腐倡廉，有题材了。,0,2,0,2022-08-02 15:25:31,来自辽宁,62433855580,雅辉8
7127036972916523791,比神话还传奇！又司空见惯,0,79,0,2022-08-02 06:24:44,来自山东,105152380479,脆爽红薯郎
7127167716355949316,没有把🌂拿出来见见阳光？,0,21,0,2022-08-02 14:52:28,来自河南,83596274068,幸福正直生活家
7127151814281397029,天下奇闻,0,1,0,2022-08-02 13:49:36,来自北京,52696454711,红叶0813
7127255031967187712,公布出来吧！,0,0,0,2022-08-02 20:30:15,来自河南,92328802392,智勇双全冰淇淋C8
7127088168432190245,天作孽 犹可恕！自作孽 不可活！,0,11,1,2022-08-02 09:43:32,来自北京,51970786481,张弓20
7127083647265882919,狠人，命大，天马行空！佩服佩服,0,20,1,2022-08-02 09:26:16,来自湖北,6470709328,幸运星5581108
7127105238997926664,一起感动全国的案件。,0,20,1,2022-08-02 10:49:48,来自江苏,6471756267,满溪春水小桥东
7127205622063547143,天下奇闻,0,1,0,2022-08-02 17:18:59,来自山东,62572674699,用心生活214657817
7127224090037109504,这次是真死还是假？,0,0,0,2022-08-02 18:30:22,来自吉林,5480983671,痛打打小报告告密小人
7127189935882814212,电影都不敢这么拍啊！,0,10,0,2022-08-02 16:18:33,来自天津,581005456193213,招财猫272727
7127195467724620585,怪不得人家叫张成功[捂脸],0,2,0,2022-08-02 16:39:12,来自山东,101317496132,四季香村
7127187199502205736,大千世界无奇不有,0,0,0,2022-08-02 16:07:23,来自山东,751684859997643,清风徐来静看花开
7127137612837847820,细思极恐！,0,3,0,2022-08-02 12:55:19,来自陕西,106227475107,谈未来律师
7127176236833129219,可以拍成电视剧,0,0,0,2022-08-02 15:25:27,来自甘肃,4745512336,流云入月
7127027339820761887,影视剧题材,0,21,0,2022-08-02 05:48:47,来自北京,87110701341,涟漪莲舟
7127144726905652008,这样判的话，吴亦凡应该最害怕,0,1,0,2022-08-02 13:22:18,来自广东,60419132931,海天行4
7127124746067854084,这是最具体的一篇报道了，我给他手底下干过几个月,0,5,0,2022-08-02 12:05:25,来自河南,5508822376,渣渣辉子
7127134227140789033,正义有时会迟到，但绝不会缺席！,0,3,1,2022-08-02 12:41:28,来自湖南,50040607606,戴志强1
7127063112964637451,财新真牛＊，可惜，只有财新了。,0,15,0,2022-08-02 08:07:02,来自云南,51472029477,loong游四海
7127166927805514535,处分值几分钱？,0,35,1,2022-08-02 14:48:14,来自上海,4146980086350583,亲亲我旳人
7127192427492459277,水太深了！可怕！,0,0,0,2022-08-02 16:28:06,来自河北,11775812184,禅茶一味148639432
7127119275042571039,怪不得会出现村镇银行事件,0,14,0,2022-08-02 11:43:49,来自广东,64402726007,皇曰晗
7127207860093911823,一声叹息！十分愤慨。,0,0,0,2022-08-02 17:27:19,来自内蒙古,64615358859,发动机高能铁屑清除心
7127161655213032227,触目惊心,0,1,0,2022-08-02 14:27:44,来自河南,179960619996620,玉驹66
7127167426336670494,真黑！！！,0,15,0,2022-08-02 14:50:17,来自四川,3553238148454188,iamzf0720
7127123938966553383,可以拍成连续剧么，收视率绝对高,0,9,0,2022-08-02 12:02:31,来自四川,92826752371,开朗荷叶v0
7127141508008149794,触目惊心,0,3,0,2022-08-02 13:09:54,来自湖北,3120985006,一oO風逝回憶
7127224025616614178,真是荒唐！,0,0,0,2022-08-02 18:30:04,来自山东,22842551262,古月木泉
7127199471385625385,这文章也太强了，实在是看不懂世间还有这样的事情,0,1,0,2022-08-02 16:54:58,来自广东,3980673382353516,自由生活家Cp
7127190800051946272,事出反常必有妖[发怒],0,3,0,2022-08-02 16:21:58,来自山东,52719216885,黄金满地160829278
7126963221831238431,现实比电影更曲折离奇,0,21,0,2022-08-02 01:43:20,来自广西,58607138129,拥有1548030
7127074607202845448,任何时候都要清楚钱💰的重要性 别总说什么寒门 说寒门的时候要去查查 寒门 这两个字的真正意义,0,11,0,2022-08-02 08:51:03,来自北京,6605012374,靠近我温暖你6666
7127176202322330409,这个事件应该进入热榜第一！,0,9,0,2022-08-02 15:24:34,来自新疆,66327825535,大漠里的绿洲
7126961945559106316,居然认认真真的看完了，[捂脸],0,25,0,2022-08-02 01:39:50,来自广东,6985901889,龙头潜海
7127053829891474176,能不能拍一部电视剧，很励志。,0,17,0,2022-08-02 07:29:51,来自上海,5963582186,任游天下
7127135758661944097,早知今曰，何必当初,0,2,1,2022-08-02 12:48:15,来自江苏,4375644505905517,端庄优雅豆花Q7
7127144773655380777,文章可以删减三分之二，太长了,0,1,0,2022-08-02 13:22:31,来自江西,30420984924732,南江龍
7127172476178006817,可以拍电视剧了,0,0,0,2022-08-02 15:10:46,来自江苏,4364865400,布里
7127200157283828519,可以记载史册的笑话 将来入专业教科书吧,0,1,0,2022-08-02 16:58:02,来自辽宁,3262949291992840,陈化粮
7127198974171906827,触目惊心,0,1,0,2022-08-02 16:53:40,来自尼日利亚,3730000804852275,大西洋边的海燕
7127259952624288523,原来电视剧里都是真的,0,0,0,2022-08-02 20:50:07,来自湖南,105363634359,正大光明天空ua
7127218623441175309,估计是愚人节的假新闻[摊手],0,1,0,2022-08-02 18:09:33,来自新疆,166763570400712,避风阁大学士1
7127185547881431849,人才！可惜色迷心窍！,0,1,0,2022-08-02 16:00:50,来自上海,3144243161100584,健康五常8Q5
7127223292272542477,拍案惊奇！！！,0,0,0,2022-08-02 18:27:54,来自河南,108124508531,如龙
7127159140073521961,铜臭味比较重！！！！,0,2,0,2022-08-02 14:18:00,来自河北,50097965146,执着CQD
7127165627190035215,唏嘘，哀叹。,0,21,1,2022-08-02 14:43:15,来自河南,68722870428,丛林书生
7127224813730677539,有时候要打着灯笼走路才行！,0,1,0,2022-08-02 18:33:10,来自广西,3896311616376398,夏霆宇
7127135104656622339,有钱任性为所欲为,0,2,0,2022-08-02 12:45:37,来自江苏,55587644626,1919深蓝810
7127177527457858304,艺术源于生活,0,1,0,2022-08-02 15:29:48,来自云南,197566275003908,自由的枫叶ES
7127177854915838761,这是在哪里哦！,0,1,0,2022-08-02 15:31:11,来自广东,15302083330,王华1022
7127185739355718436,名字取得不错，真是成功，死能变活，但终究功亏一篑。,0,0,0,2022-08-02 16:02:04,来自广东,3808305224619967,风潇潇兮易水寒2020
7127200135230522127,这样的人他老婆竟然花钱搞关系,0,0,0,2022-08-02 16:57:26,来自广东,866872332135895,燚
7127143867345830671,死在女主人的身上[捂脸],0,1,0,2022-08-02 13:18:59,来自河南,3839133962474628,呀王三喜呀
7127250018733474567,只有想不到，没有做不到！,0,0,0,2022-08-02 20:11:09,来自山东,62446725048,阿朋711
7127162457273533219,好神奇 尽毁三观[呲牙],0,0,0,2022-08-02 14:30:55,来自山东,1226682022771324,路过看看不说话
7127111456436634371,让他偷笑了,0,5,0,2022-08-02 11:13:57,来自江苏,106736916844,欢快山雀Vi
7127168841880339240,天下之大，无无奇不有,0,0,0,2022-08-02 14:55:58,来自湖南,2181895842444574,多彩柑桔5J
7127210428110766878,张成功成功的一生,0,0,0,2022-08-02 17:37:41,来自湖北,4116189689677374,奇妙旭日DI
7127124306362106655,电视剧都不带这么拍的哈！,0,4,0,2022-08-02 12:03:30,来自北京,914446261435591,刘锦强
7127168090462765839,严重关切后续发展,0,3,0,2022-08-02 14:53:08,来自广东,4284147351169277,智慧苹果re
7127173049581339395,比张平的小说《十面埋伏》里的情节还精彩,0,1,0,2022-08-02 15:13:22,来自河南,5431604271,海风53913922
7127179202327724800,张成功，真成功！[得意]何以淬炼成白骨精生？？？………[抓狂],0,0,0,2022-08-02 15:36:19,来自辽宁,3460860332216828,赵洪仁
7127134631144555302,是小说吗？,0,0,0,2022-08-02 12:43:31,来自浙江,6609830019,云雾里仁666
7127243270031885094,这种反派在电影里就算死了也是主角,0,0,0,2022-08-02 19:45:17,来自河南,59424236235,深秋的微风1
7127134787047359271,"黑色幽默，
漆黑",0,3,0,2022-08-02 12:44:27,来自安徽,2779154923405038,朴实风筝Gx
7127231356421129000,中国之大，无奇不有,0,0,0,2022-08-02 18:58:26,来自黑龙江,78818661119300,聪颖荷叶dF
7127184857284969247,以此为体材拍一部电影，票房肯定很高。,0,0,0,2022-08-02 15:58:36,来自安徽,2774822105660750,聪慧热情河流2m
7127169460616135427,大千世界真的是没有做不到，只有我们想不到啊,0,1,0,2022-08-02 14:59:10,来自广西,110223681655,相知有几人
7127134164888896270,我除了问候还能干什么？[困][困],0,2,0,2022-08-02 12:41:31,来自山东,5890274362,周末私房菜
7127157878670131983,一口气看完，惊吃一身冷汗,0,1,0,2022-08-02 14:13:06,来自江苏,105101856435,王子他爹观天下
7127184600019092263,我想知道真的假的？电影都不敢这么拍,0,0,0,2022-08-02 15:57:55,来自江苏,949622722275000,freedom2045
7127111786180281096,狗血的不能再狗血了！,0,3,0,2022-08-02 11:14:56,来自山西,4292925109053934,温柔小猫KQ
7127144383174558477,多少被祸害之人？！,0,1,0,2022-08-02 13:21:40,来自天津,5438785719,lzw000421
7127228909162431247,"在现实中，未完全败露之前，这种人在大众眼中是一种什么形象？
各自想吧。",0,0,0,2022-08-02 18:49:03,来自湖南,69799706681,四维空间4603
7127231352806327048,这能怪老百姓仇富,0,0,0,2022-08-02 18:59:07,来自安徽,23379204524,小老汪
7127240352058327820,可以拍电视剧了,0,0,0,2022-08-02 19:33:59,来自北京,1886413352337656,一路向前tiger
7127135158737863465,名字叫的好[思考][捂脸][捂脸][赞][赞],0,1,0,2022-08-02 12:45:07,来自辽宁,6407858223,zl87832231
7127179808459162407,拍成电视剧吧，门票肯定破100亿,0,0,0,2022-08-02 15:39:25,来自北京,91712729595,非凡孔雀no
7127157042468487936,电视剧都不敢这么演,0,0,0,2022-08-02 14:09:53,来自甘肃,1834487372,龙骑士凯文
7127113825572717352,这是真的？怎么感觉跟看小说似的？小说都不敢这么写。,0,4,0,2022-08-02 11:22:35,来自安徽,74666480384,东林7575407670441
7127174316861014791,老法官[捂脸][捂脸][捂脸],0,0,0,2022-08-02 15:17:48,来自吉林,105161616223,超级无敌美丽的旺财
7127200405825864456,别说迟这个词，34年可以改变很多,0,0,0,2022-08-02 16:58:46,来自江苏,6946246378,泷泗
7127220321643741959,这辈子就这样了，下辈子我不做好人了,0,0,0,2022-08-02 18:16:12,来自北京,53671123929,鹏鹏爱程程
7127175293844423459,滑稽滑稽，贻笑大方,0,0,0,2022-08-02 15:21:09,来自陕西,4424038287422032,D瑞潼
7127170421384463111,好莱坞也写不出来的剧本,0,1,0,2022-08-02 15:02:42,来自天津,110715496862,智者船帆ca
7127144355102049039,干嘛对小女孩这么着迷呢[捂脸],0,1,0,2022-08-02 13:21:03,来自广东,58755986906,英明果断星星c
7127146912285328142,触目惊心，一言难尽[大笑][大笑],0,1,0,2022-08-02 13:31:23,来自安徽,82303062662,蓝天白云3804093897151
7127245520195666703,天狂有雨！人狂有祸！,0,0,0,2022-08-02 19:53:25,来自山东,85813120793,马克虎子
7127140593285464871,可以拍一部电影了 作为反腐教材,0,0,0,2022-08-02 13:07:03,来自河南,4312759997,纳尼疼不
7127085129398403848,无法无天，天不下雨，天打五雷轰。,0,4,0,2022-08-02 09:31:32,来自河南,97596580706,平乾
7127208694290957071,电视剧都不敢这么演[灵光一闪][灵光一闪][灵光一闪],0,0,0,2022-08-02 17:30:43,来自湖南,102177640990,宁静致远977
7127119310392460063,真是一篇小说,0,2,0,2022-08-02 11:44:10,来自河南,94038173570,聪明的喜鹊tn
7127110968416502562,他的一生令任何编剧都汗颜,0,2,0,2022-08-02 11:11:18,来自河南,104258844775,偷得一日闲816
7127138778024002345,小说都不敢这么写呀[捂脸][捂脸][笑哭],0,1,0,2022-08-02 12:59:08,来自山东,59684675781,冷眼观螃蟹77777
7127186345034154789,邪恶不是孤立的,0,1,0,2022-08-02 16:04:24,来自吉林,5197802146,魏50239076
7127146534156075776,这样做值得吗？现在后悔没有机会了！,0,1,0,2022-08-02 13:29:30,来自江苏,4577654254,心随我动44482537
7127013058199421704,取名就得取得神奇，才能体现我地大物博,0,6,0,2022-08-02 04:56:35,来自北京,108058265528,Lilyจบ527
7127095461030380299,施钱让鬼推磨，具有小说题材。,0,1,0,2022-08-02 10:11:55,来自广东,153546343847927,深圳开心李
7127136642771010335,拍电视都拍不出这样的剧情。,0,1,0,2022-08-02 12:51:27,来自河南,92956441171,笑傲江湖潇洒令狐冲
7127150813323215646,看到真是大跌眼镜,0,0,0,2022-08-02 13:45:43,来自江苏,4359382514,覀奫
7127197378268218127,可拍电视了,0,0,0,2022-08-02 16:46:39,来自山东,22732395657,舒心就好374
7127132563114017548,比小说还离奇,0,2,0,2022-08-02 12:35:47,来自安徽,102288720829,布衣白丁2018
7127194609147020066,电视剧都不敢这么拍,0,0,0,2022-08-02 16:36:03,来自福建,2506522337488728,雨停了你还不回家
7127221104221618978,咋没报导过此事？,0,0,0,2022-08-02 18:18:56,来自北京,1803650002593199,灵敏百灵鸟Cw
7127133551975613221,他老婆也是强大，这样的老公还替他卖命,0,1,0,2022-08-02 12:39:19,来自广东,105398019928,深圳老虎先生
7127115803271103232,五七年出，五五年同修配厂打交道，怎么做到的？？,0,1,0,2022-08-02 11:30:11,来自江苏,108198065639,开心老爹的
7127136282958070564,比一比河南河北哪个身高夺冠？,0,0,0,2022-08-02 12:50:02,来自新疆,3346550295102199,AAA轻舟要过万重山AAA
7127136486155764516,赚了那么多钱，谁继承了？,0,1,0,2022-08-02 12:50:48,来自浙江,3351724136866340,乘风破浪的老鱼
7127170497812579112,长篇纪实小学,0,0,0,2022-08-02 15:02:23,来自山东,92801298635,证件汇
7127183968948503300,咦，可不中,0,0,0,2022-08-02 15:55:33,来自浙江,15855148716,章文20
7127112324196107020,都说了少女不是宝 少女不是宝 少女不是宝 就是不听,0,2,0,2022-08-02 11:17:22,来自广东,5495933120,人在旅途6899
7127160607194792742,一直在玩在花样，终于把自己玩完。,0,0,0,2022-08-02 14:23:40,来自广西,369855709322622,guohuaguang
7127151985643635467,拍成电视剧就叫《人民的民义二》许亚军饰张成功又帅又奸非常合适,0,0,0,2022-08-02 13:50:15,来自新疆,104253325537,梧桐杀
7127151343227814693,确实佩服，不过性格决定命运，出来混迟早要还的,0,0,0,2022-08-02 13:47:51,来自广东,52529614725,大圣来了快让开
7127209602369766185,看了所有评论，没有一个是它的老乡！,0,0,0,2022-08-02 17:34:03,来自山东,3650826886457500,多彩连杨
7127124722454233897,写的根本看不明白，这文笔,0,2,0,2022-08-02 12:04:51,来自江苏,105774374969,幽亭居士
7127249504998916900,看来，什么事都不一定，此类这第三例了吧,0,0,0,2022-08-02 20:09:19,来自河南,50527110090,大涛的热带鱼
7127141662098621218,看了一半太精彩了，休息一会再看,0,0,0,2022-08-02 13:10:24,来自河南,102863345726,中原第一才子
7127107328549749507,人间奇迹！,0,1,0,2022-08-02 10:58:07,,52329650569,文殊伏牛
7127072615939965731,这个地界上竟然有这等事,0,3,0,2022-08-02 08:42:37,来自湖北,2827556842121150,疾风劲草子
7127143173549196043,迟到一小时等于旷工！！！！,0,0,0,2022-08-02 13:16:53,来自四川,6908968804,苏查哈儿粲
7127149435347878686,都能拍电视剧了,0,0,0,2022-08-02 13:40:27,来自江苏,1297032892397443,王丶福气
7126961679057093390,太荒唐了,0,5,0,2022-08-02 01:36:31,来自湖北,6932722261,JZJBB
7127172419109978915,这，是真的，吗？,0,1,1,2022-08-02 15:09:52,来自安徽,3308851603,松曜先生
7127220814093075234,黑涩会啊，，，,0,0,0,2022-08-02 18:17:46,来自河南,3100246134756798,浪子不嫣
7127158346058531624,确实成功[捂脸][捂脸][捂脸][捂脸],0,0,0,2022-08-02 14:14:54,来自山西,26154919078,好好先生153730679
7127184343835132680,这种文章让我抓狂，,0,1,1,2022-08-02 15:56:33,,6074684402,监话
7127177985459045159,色字头上一把刀啊,0,0,1,2022-08-02 15:32:14,来自河北,80570683730,海阔天空97523
7127173947367359263,怎么做到的？,0,0,0,2022-08-02 15:16:00,来自吉林,50026360035,renwoxing1
7127108735633621763,细思极恐！,0,1,0,2022-08-02 11:03:36,来自广东,2827575262186094,清风侍茶
7127153149013869352,没有最奇，只有更奇！,0,0,0,2022-08-02 13:54:48,来自浙江,100712781485,大漠孤烟213147
7127138139072234270,看了好长时间没看完，不看了，拍个电视剧吧,0,1,1,2022-08-02 12:57:10,来自黑龙江,83366096223,沧海一梦中
7127107559516799778,一点都不稀奇,0,0,0,2022-08-02 10:58:01,来自湖北,3878712248374308,了无痕VrT1
7127173989600002830,可以拍电影了！可怕,0,0,0,2022-08-02 15:16:23,来自河北,4186452117,斐越人生
7127140655675147008,真的假的，假的不说了，真的说明恶人才能挣钱,0,0,0,2022-08-02 13:06:28,来自河北,92508148763,海参烧葱头
7127072803480421124,可以拍电视剧,0,2,0,2022-08-02 08:44:32,来自广东,3501315694530660,幽默风声6M
7126987550975214373,可以拍成电影了,0,2,0,2022-08-02 03:22:34,来自河南,60503997338,奋斗的小青年ML
7127167498377675558,我想赊飞机票。[抠鼻][抠鼻][抠鼻][抠鼻][抠鼻][抠鼻],0,1,0,2022-08-02 14:50:47,来自新疆,93404882675,魔法光束jU
7127087856786408224,成功逆袭[捂脸][捂脸]……,0,1,0,2022-08-02 09:42:19,来自陕西,100539056582,优雅明镜fa
7127078069420557088,奇人奇事。,0,1,0,2022-08-02 09:04:52,来自河南,83512136465,路桥老张
7127121862177456930,太精采了，能否叫张嘉译和闫妮拍摄部电影看看[中国赞],0,1,0,2022-08-02 11:53:34,来自福建,50373453782,随性自由的雪梨o6
7127096565965308683,比电影还精彩,0,1,0,2022-08-02 10:16:12,来自广东,817644321640936,柏熠
7127176022688809763,冯小刚就不敢导演出这么离奇的剧情来！,0,6,0,2022-08-02 15:24:01,来自新疆,66327825535,大漠里的绿洲
7127138017953415951,应该拍个连续剧,0,0,1,2022-08-02 12:56:22,来自山西,2356953686756056,分秒必争百香果OG
7127131378470650658,太长了，收藏了。,0,2,1,2022-08-02 12:30:29,来自内蒙古,4234967553672807,立志前后我知三百年
7127085121094058767,加油加油加油加油加油加油加油，年轻人,0,1,0,2022-08-02 09:31:14,来自山东,110719704994,静默36克氦
7127108251560624911,死是真的吗？,0,0,0,2022-08-02 11:00:47,来自广东,215159146549479,新娱乐大本营
7127108620386419497,文章写的杂乱无章，最重要的是他最后的结局是什么,0,0,0,2022-08-02 11:02:12,来自山东,5945589691,远见卓识海燕bb
7127166465517880067,严查,0,6,1,2022-08-02 14:46:29,来自河北,6270496550,文人墨客84068642
7127144511263916838,奇闻,0,0,0,2022-08-02 13:22:05,来自陕西,97126169567,西安媒体人
7127239303432405791,那些🌂呢？,0,0,0,2022-08-02 19:29:55,来自广东,3540051910723464,水雾成云
7126954371363357444,成功抓了,1,2,0,2022-08-02 01:07:49,来自陕西,107748075986,快乐风筝gb
7127133737095119656,不奇怪,0,0,0,2022-08-02 12:39:36,来自上海,786846439977885,乐观的abccba
7127173604068197151,张大果,0,0,0,2022-08-02 15:14:57,来自江苏,58627243359,Runcky
7127185420072993536,都有一个难字，不容易啊。,0,0,0,2022-08-02 16:00:32,来自河南,7290036938,苏门山——安乐窝
7126975413456864012,太黑了！,0,7,0,2022-08-02 02:35:11,来自湖南,108810515914,幽默老樊
7127189070534689568,先打伞！,0,0,0,2022-08-02 16:15:14,来自安徽,6003097284,东方75217865
7127232884666549000,失忘,0,0,0,2022-08-02 19:04:58,来自河南,98900037757,富富12345
7127259501094781731,神奇吗？,0,0,0,2022-08-02 20:47:44,来自安徽,87852019370,春风化雨3410
7127262119259243301,太黑了,0,0,0,2022-08-02 20:58:15,来自辽宁,1363042687788430,快乐的晚风r7
7127167529818129164,总是这样,0,3,0,2022-08-02 14:51:06,来自湖北,104966771258,用尽悲伤352
7127265529119212292,惊心！,0,0,0,2022-08-02 21:11:40,来自山东,2981498005241463,蓑笠翁1212
7127139467072275241,还有救吗,0,0,0,2022-08-02 13:01:50,来自江苏,4249713111,侠客36472621
7127246945986675493,恐怖了,0,0,0,2022-08-02 19:59:19,来自云南,1750047895322957,清闲的叶子x2
7127137423066891042,真黑！,0,0,0,2022-08-02 12:54:01,来自江苏,70967116251,青青岛的海风
7127102644426408741,人精啊！,0,2,0,2022-08-02 10:39:32,来自浙江,52911094436,ab816618
7127138041005081374,浮世绘,0,2,0,2022-08-02 12:56:44,来自北京,3798306044,埃德蒙唐泰斯
7127157526822601480,太高调了,0,0,0,2022-08-02 14:11:43,来自广东,2295375180858456,诗意清风j
7127192632337990403,黑,0,0,0,2022-08-02 16:29:03,来自山东,81240337720,理想败给了现实9527
7127241341897097984,污水横流,0,0,0,2022-08-02 19:37:11,来自河南,58772293489,诗人批评家武放
7127170713391334182,不能想,0,0,0,2022-08-02 15:03:55,来自湖北,1873165201975694,真心就点赞
7127173484559844107,写小说呢,0,1,0,2022-08-02 15:14:35,来自浙江,67810892420,待天下有变
7127201612472304398,不可思议,0,0,0,2022-08-02 17:03:25,来自湖南,3811772011,鸠摩智力堪忧
7127007777142260510,践踏,0,3,0,2022-08-02 04:36:00,来自北京,61431672029,启程6178
7127136433651106594,骇人听闻,0,0,0,2022-08-02 12:50:08,来自河南,2928738776139838,林中井
7127108586912056104,离奇？,0,0,0,2022-08-02 11:02:15,来自广东,109414042136,庄周梦蝶大梦不觉
7127209852153545476,有理！,0,0,0,2022-08-02 17:35:49,来自湖南,77045320812,二八零三1
7127180471784096520,太狗血了,0,1,0,2022-08-02 15:41:49,来自贵州,2889139605210932,渔夫奥尔丁100
7127143421541892864,人如其名,0,0,0,2022-08-02 13:17:17,来自湖南,59131604740,火星霸王龙
7127137532927984418,一阵凉意,0,0,0,2022-08-02 12:54:25,来自安徽,107671022465,不见不闻不管
7127196908023677730,惊恐万分,0,0,0,2022-08-02 16:44:49,来自吉林,70423091825,晴朗520
7127067683241771806,施法,0,1,0,2022-08-02 08:24:19,来自江西,3808322904140493,我是憨兜
7127165951107220258,不可思议,0,0,0,2022-08-02 14:44:25,来自山东,3633257846938175,高考升学规划师
7127204528139076359,太精彩了,0,0,1,2022-08-02 17:14:59,来自山东,870446717482880,勇敢的才高八斗米
7127173318427345667,牛逼哄哄,0,0,0,2022-08-02 15:13:47,来自广东,2497679190408399,迷了吗
7127033114064978729,色迷心窍,0,1,0,2022-08-02 06:10:19,来自北京,5891125608,有知识的份子
7127095185393451815,枪决了没有？？？？说重点？？？？,1,2,0,2022-08-02 10:10:55,来自山东,2466936650996331,成熟清风EO
7127124594746213154,一看就是黑势力保护才敢这么嚣张！一定严查！,0,0,0,2022-08-02 12:04:18,来自青海,3158571737,飘雪7529802
7127189288504689423,这案件应该彻查，把那些披着人皮的狼给揪出来,0,1,0,2022-08-02 16:15:25,来自江西,63774087398,中意
7127217407441093410,始作俑者同罪,0,0,0,2022-08-02 18:04:27,来自吉林,2458160629032413,智慧活泼光束AE
7127200388297687838,估计这种活着的死刑犯多的很，必须全国查一遍,0,1,0,2022-08-02 16:58:42,来自湖北,19801232315,笑傲江湖看浮世烟云
7127152581914133262,最终枪毙了吗？这么多人含冤这么多年怎么说啊,0,0,0,2022-08-02 13:52:30,来自山东,97456716442,这个昵称不太昵
7127099289247073035,黑恶势力保护伞 ☂️ 必须清理整顿 严惩不贷[发怒],0,3,0,2022-08-02 10:26:44,来自北京,563369514377880,汽车界的小跑腿
7127125395991937828,教科书式罪犯,0,1,0,2022-08-02 12:07:43,来自江苏,93160600,十力7
7127238223600550688,这次是真死了么？还有没有续集？[奸笑],0,0,0,2022-08-02 19:25:57,来自湖南,83101937290,妖孽纳里走
7127098405776196387,挣俩钱儿全都用来行贿了，最后命也没保住。。。,0,0,0,2022-08-02 10:22:46,来自广东,3496197128,放进来吧
7127214881761674018,不作死就不会死，人才啊！,0,0,0,2022-08-02 17:54:40,来自安徽,2827575364694408,正义凛然蜻蜓U8
7127159198466523915,这货太有点高调了吧！,0,0,0,2022-08-02 14:18:13,来自新疆,5261473225,宏源盛达模板厂
7127128038701712169,按剧情，这个人应该在刚一败漏时意外坠楼才对啊,0,0,0,2022-08-02 12:17:40,来自广东,5757995641,北江独钓者
7127191974318621440,死没死谁知道？,0,0,0,2022-08-02 16:25:45,来自广东,111158394016,2021邵
7127117181439214349,父母是农民的有这种人才吗？？？,0,0,0,2022-08-02 11:35:51,来自北京,1099925508591835,天涯
7127191327338464034,令人发指,0,0,0,2022-08-02 16:23:13,来自广东,1833606623005342,PFzhang
7126957225901327118,硬是自己作死！,0,1,0,2022-08-02 01:18:08,来自安徽,104679991726,亭城二少
7127136268563104523,毁三观啊,0,0,0,2022-08-02 12:50:04,来自浙江,3861075515933886,张老丰
7127105364449313570,果真有钱能使鬼推磨,1,3,0,2022-08-02 10:49:42,来自贵州,3707150566164619,坐拥金山的乞丐
7127219973705188107,它不仅强奸了少女还强奸了法律,0,1,0,2022-08-02 18:15:02,来自湖北,3269925057,10118215
7127213770522788611,抛开他的不良癖好不谈，这个人简直是商界鬼才！每次翻身回归都是以富翁的身份[赞],0,0,0,2022-08-02 17:50:47,来自山东,4318493212687134,火影狗子
7127133672712536871,人如其名，确实很成功,0,0,0,2022-08-02 12:39:57,来自四川,3980601522,布莱恩特1988
7127133952493568809,这种人还有很多，发现的只是极少数,0,4,0,2022-08-02 12:40:24,来自青海,3777545232989580,十八子房
7127100323852370720,还有多少这样的漏网之鱼呀？,0,4,0,2022-08-02 10:30:58,来自湖南,255522746679166,机智的云朵wX
7127183562134635276,这么长的文章，其实就一句话：有钱能使鬼推磨。,0,0,0,2022-08-02 15:53:57,来自河南,1613689913609411,不惑斋
7127235091012633357,河南看好你哦！人才啊,0,0,0,2022-08-02 19:13:23,来自河南,6915024484,悠悠湍河水
7127261384433746727,不想吐槽，还有多少这样的情况？,0,0,0,2022-08-02 20:55:27,来自贵州,3228609435941396,我爱我的家人
7127205934564885261,有钱能使鬼推磨,0,0,0,2022-08-02 17:20:25,来自江苏,106091850941,漂萍倦客
7127187280338764544,虽然他最后死刑，但他想做的都做过了，也享受了人生的各种花样，他会后悔吗？？？,0,0,0,2022-08-02 16:07:35,来自广东,1450991556760255,幸福的一铭
7127186703907259144,普通老百姓是办不到的，这些人都是牛人，必须服。,0,0,0,2022-08-02 16:05:54,来自山东,2356944427287887,风趣清泉V8
7127132752872932111,有钱真的可以为所欲为,0,1,0,2022-08-02 12:35:55,,67077173808,三杰大师
7127163159529800487,真是出奇人的地方。,0,1,0,2022-08-02 14:33:37,来自湖北,6980356605,淡泊阿滨
7127177620277740292,有钱能使鬼推磨[灵光一闪],0,0,0,2022-08-02 15:30:49,来自河北,107710067415,锦程7568
7127259726500856579,不是第一个，更不会是最后一个,0,0,0,2022-08-02 20:48:54,来自山东,3320143652075735,小小蚁雄兵
7127155151479112483,不得不说这家伙也是个能人[捂脸],0,0,0,2022-08-02 14:02:30,来自吉林,76851979296,kkap1
7127140915902513927,是个能人[赞],0,1,0,2022-08-02 13:07:54,来自辽宁,2440525612329710,自若漂流瓶kf
7127234352316449539,权利权利，权和利永不分家啊,0,0,0,2022-08-02 19:10:49,来自内蒙古,52567181376,小骆驼39
7127146776268391202,绝对是个人才，不过用错地方了[打脸],0,0,0,2022-08-02 13:30:31,来自广东,6624747871,富足者100237071
7127140308152091427,"如果不一而再，再而三，如果换他人或是他人或犯而未抓，肯定会赢得精彩人生。
也不是不可能吧",0,0,0,2022-08-02 13:05:12,来自湖北,1943584616239576,爱音乐北票1O8
7127139604654392097,总之，还是罪犯赢了,0,0,0,2022-08-02 13:03:17,来自云南,5961596721,玉面飞龙小咕嘟
7127151165036708622,事实证明，很都成了帮凶,0,0,0,2022-08-02 13:47:05,来自黑龙江,86226710669,大森林里的河马
7127199853318603527,是真的吗？不是让我发个C的评论再群起而攻之约点吧,0,0,0,2022-08-02 16:56:39,来自北京,15956554102,时光倒流我愿重活2019
7127206625630225152,全国还有多少这样的人，细思极恐,0,0,0,2022-08-02 17:22:26,来自河南,342643122647748,有实力才有尊严追梦
7127114023313212201,87年都是百万富翁了 确实是人才,0,0,0,2022-08-02 11:23:18,来自广东,4209392217228655,西德间隙片批发零售
7127140241026482944,只有你想不到，没有他们做不到,0,0,0,2022-08-02 13:04:59,来自广东,2893519413058584,多才多艺冰淇淋6D
7127167903799247648,真是成功人士,0,0,0,2022-08-02 14:53:08,来自浙江,158787898967348,清风明月CXJ
7127183250330125090,兄弟们，好好读书，长大了好做官,0,0,0,2022-08-02 15:52:06,来自四川,6846884003,成都房产咨询小郑
7127214622503355171,台湾人看到会怎么想？,0,0,0,2022-08-02 17:53:43,来自贵州,99844250535,俊采星驰07
7127214440742896387,有钱能使鬼推磨 更何况是人 ！,0,0,0,2022-08-02 17:53:35,来自广西,104701460020,无双冰淇淋9e
7127134482527847202,现实比小说魔幻多了,0,1,0,2022-08-02 12:42:28,来自湖北,1293464732705867,苏玖娘
7127211524271637255,还有大把的这种人,0,0,0,2022-08-02 17:41:57,来自广东,78782511702,活泼松鼠kv
7127164131874095908,牛人，确实人才,0,0,0,2022-08-02 14:37:22,,298705464077495,兔牙女郎
7127191915631854377,有钱能使鬼推磨,0,0,0,2022-08-02 16:25:36,来自重庆,3015061203,琉球王国国王
7127199473138926348,再过几百年，不知后人会怎样评论这个事情,0,0,0,2022-08-02 16:55:45,来自河南,5752926588,北方问
7127168929394705163,出国就不会发现了，还有好多洗白的没发现,0,0,0,2022-08-02 14:57:06,来自河南,5879681575,嘉骏69978018
7127150841526223650,这种虽然感觉很奇特，但是确实存在，还不是少数,0,0,0,2022-08-02 13:45:54,来自河南,71507949826,全职妈妈也有梦想
7127177807516123917,以此类推，你想，你仔细想！,0,0,0,2022-08-02 15:31:25,来自河南,4001812006844350,ZHT1001
7127149277704782606,有钱能使鬼推磨,0,0,0,2022-08-02 13:39:46,来自河南,6793401881,东风1813712
7127214338406482723,孙小果不是第一个，张成功也不会是最后一个！,0,0,0,2022-08-02 17:52:36,来自安徽,2774795577471031,进取天空S
7127192706551579427,见怪不怪，稀松平常,0,0,0,2022-08-02 16:28:32,来自江西,57751922154,走江湖的好汉一条龙
7127196979238912807,有钱真的可以为所欲为,0,0,0,2022-08-02 16:45:45,来自福建,63200422829,丢了梦
7127204127293227787,需要侠客。,0,0,0,2022-08-02 17:13:34,来自四川,102995661567,赢战火线
7127109831818756905,有钱真的可以为所欲为，可惜我没钱[流泪],0,0,0,2022-08-02 11:06:55,来自四川,2779186707577256,凯文3547
7127176064132432676,这人确实是的人才。,0,0,0,2022-08-02 15:24:30,来自山东,2648087138966808,1季小刚1
7127175879843349288,有钱能使鬼推磨,0,0,0,2022-08-02 15:23:25,来自河南,50481826224,呐喊XIKh
7127144624904667911,不愧是大河南[强],0,0,0,2022-08-02 13:22:31,来自陕西,334716115356679,尔与风月无关
7127113265754243855,钱是万能的,0,1,0,2022-08-02 11:20:14,来自陕西,54814870154,我爱我家233496842
7127117191476052777,只要敢，没有什么不能,0,0,0,2022-08-02 11:35:26,来自河北,3808876233,展翅27713975
7127147467602854687,这些人怎么这么厉害，换个身份又变亿万富翁，我们从0起达百万都难上难,0,0,0,2022-08-02 13:33:39,来自四川,3531254529015035,雪糕走好
7127132598509716227,又何止这一例,0,1,0,2022-08-02 12:35:53,来自北京,20368653421,我要那个飞啊飞
7127141265498145568,要不是色了点，真的是人才！,0,0,0,2022-08-02 13:09:42,来自北京,1068339682095672,勇者兔爷
7127139541554987810,这文章！只能是……,0,0,0,2022-08-02 13:02:11,来自河南,110854108659,博学多才的天空Gl
7127208555945935649,这样的人还不知道有多少,0,0,0,2022-08-02 17:30:42,来自辽宁,9819461913,毒丸子1
7127137283328754466,比99%的人幸福多了，潇潇洒洒几十年,0,0,0,2022-08-02 12:53:19,来自广东,4064808508,chabibi
7127132361548595983,钱是个好东西,0,1,0,2022-08-02 12:34:25,来自河南,66481760009,资深下岗职工
7127140480454361891,名副其实的成功,0,0,0,2022-08-02 13:05:57,来自北京,52107575674,衡通度
7127114673715168003,我了个去，这能量不是一般大啊,0,0,0,2022-08-02 11:26:31,来自陕西,80119482014,黑鹰的翅膀
7127172081762452239,河南嘿嘿[灵光一闪],0,0,0,2022-08-02 15:08:42,来自湖南,109421171684,漂洋过海来看你6HDE
7127156987993326372,能人就在人间,0,0,0,2022-08-02 14:09:43,来自北京,58137600862,独一无二的忘不了
7127118989276922628,多数人都离不了人为财死，鸟为食亡！那句话。,0,0,0,2022-08-02 11:43:21,来自云南,59726017545,我就伐
7127162105526502156,有钱就是好,0,0,0,2022-08-02 14:29:36,来自天津,5886123726,确定会想你
7127170831725134624,呵呵，真便宜,0,0,0,2022-08-02 15:04:19,来自北京,22975968874,文刀眾
7127137294724924192,老实人里一般还真没有这么高的智商,0,0,0,2022-08-02 12:54:02,来自河南,1103511813888052,儒雅爱思考的雄鹰
7127213894271025920,这种人多了,0,0,0,2022-08-02 17:50:43,来自福建,3500469341662628,一个人散步99
7127139345407935236,就是一部传奇,0,0,0,2022-08-02 13:01:55,来自浙江,2736020801194328,外向云朵qn外向云朵
7127112127604867848,牛人历险发家记,0,0,0,2022-08-02 11:16:13,来自河南,72176729980,提笔忘字的老头
7127250473563767583,人才，佩服！,0,0,0,2022-08-02 20:12:52,来自江苏,58355829689,乐视纯真年代
7127132545053459204,现实比电视剧里更精彩,0,0,0,2022-08-02 12:35:40,来自重庆,106543344770,英明果断海洋oq
7127134122946216744,时代造就人！,0,0,0,2022-08-02 12:41:08,来自湖南,6715100730,井泉清
7127154774314861319,所以这么多人拼命爬上去拼命赚钱就这样哦，相当于拿到驾照一张免死金牌,0,0,0,2022-08-02 14:01:02,来自广西,1768449587034227,放屁带渣
7127148315623670558,厉害！！！[抠鼻][抠鼻][抠鼻][抠鼻],0,1,0,2022-08-02 13:36:12,来自山东,4176719022,朱会非
7127240220046557993,丝毫不奇怪。,0,0,0,2022-08-02 19:32:49,来自重庆,105723994749,MG42332
7127119285780103977,是真成功,0,0,0,2022-08-02 11:43:34,来自海南,5728310620,二爺91888
7127223767067689768,多了去了,0,0,0,2022-08-02 18:29:12,来自河南,53470201366,rm淡定老牛
7127224147906183971,有钱真好,0,0,0,2022-08-02 18:30:42,来自河南,3100246134756798,浪子不嫣
7127202743906992896,传奇,0,0,0,2022-08-02 17:07:33,来自河北,5424877429,老希53698436
7127137370604143360,厉害厉害,0,0,0,2022-08-02 12:53:47,来自辽宁,3206621089500701,优雅圆月8o
7127241170161255183,能人,0,0,0,2022-08-02 19:36:30,来自山东,5483491654,老汉带你去赶集
7127154675069469480,厉害,0,0,0,2022-08-02 14:00:43,来自云南,106072225850,跳跳糖爱吃不吃
7127155289564365572,厉害厉害,0,0,0,2022-08-02 14:03:10,来自河南,105165354793,離苦得樂375
7127142308839408396,牛人,0,0,0,2022-08-02 13:13:49,,104478776828,清风无踪589
7127169014035546891,传奇,0,0,0,2022-08-02 14:57:33,来自河南,111019930300,静水流深从头过
7127136863743640352,厉害,0,0,0,2022-08-02 12:52:30,来自四川,96053162974,胜利迎战2022
7127184328652178189,今古传奇,0,0,0,2022-08-02 15:56:42,来自山西,11793110042,猿飞佐渡
7127163747407954726,水清无🐠,0,0,0,2022-08-02 14:36:03,,3925500091,血似繁华
7127161362665063183,国家法律,0,0,0,2022-08-02 14:26:45,来自河南,3575241953780551,万表维护
7127260882262295331,真不少,0,0,0,2022-08-02 20:52:59,来自北京,86018086019,聪明星球9K
7127259317183120128,中国奇迹,0,0,0,2022-08-02 20:46:54,来自四川,5495724153,元宇宙拓荒者
7127103604854997771,人才啊。,0,0,0,2022-08-02 10:43:36,来自河南,4146951102928292,豁达的铁柱
7127183452880978722,太威武了,0,0,0,2022-08-02 15:52:41,来自河南,940818342636317,第一次发头条
7127137767053706024,能人,0,0,0,2022-08-02 12:55:15,来自山东,1636511232566292,多才生活家lQ
7127140443418149672,佩服,0,0,0,2022-08-02 13:05:41,来自新加坡,3095866907043885,多彩清风df
7127162512797123368,牛掰,0,0,0,2022-08-02 14:31:03,来自河北,1899597701062736,豁达的白胖子
7127198308652794654,常规操作,0,0,0,2022-08-02 16:50:38,来自山东,2915501655723091,灬二师兄
7127176396249514766,真邪乎，都不知道谁黑谁白了,0,0,0,2022-08-02 15:25:44,来自河北,2664804697245931,喵眼观察
7127143273264825119,这算是把人情世故吃透了！普通人的话不知死多少回了。,0,0,0,2022-08-02 13:17:05,来自北京,4081848354081335,哪小扎
7127142706329240354,大智慧的人才，不然活不到现在。,0,0,0,2022-08-02 13:14:30,来自新疆,64918012562,始于初见2893
7127185254867370767,"不是不报,时候未到",0,0,0,2022-08-02 15:59:39,来自辽宁,1719255671518088,用户6349085248441
7127148865693729548,公检法腐败最坑的就是良民百姓！,0,0,0,2022-08-02 13:38:08,来自吉林,59939655099,手机用户59939655099
7127169201642865408,正义会迟到，但是永远不会缺席[捂脸][捂脸],0,0,0,2022-08-02 14:57:26,来自广东,61618003525,用户5243877761467
7126971867021902627,这真是个人才啊！可以载在女色上了！,0,3,0,2022-08-02 02:16:39,来自广西,92914540674,用户3466485901792
7127134613503771426,腐败的成功案例,0,1,0,2022-08-02 12:43:08,来自安徽,50298332691,手机用户50298332691
7127225837153583876,呼吁公职人员都挺起胸膛做人，要留清白在人间[作揖][作揖][作揖],0,0,0,2022-08-02 18:37:49,来自河南,72265793143,用户8387575976848
7127167457798341411,犯罪重案，要公审定案，避免漏洞。,0,3,0,2022-08-02 14:50:23,来自山东,1578544405419443,用户1630842618612
7127078022787646248,其实生意上的“原罪”算不上什么大事，他如果不是因对未成年幼女的“癖好”，不仅坐不了牢，而且可能早进入胡润富豪榜了。,0,3,0,2022-08-02 09:03:27,来自北京,62641673221,用户6953509702147
7127189598723392292,犯罪分子已经把名字公布了，还一直是张某张某,0,0,0,2022-08-02 16:16:53,来自山西,108755406476,用户4285457393846
7127196246146204416,知法，范法处以极刑！！！,0,0,0,2022-08-02 16:42:23,来自新疆,3787156531711421,用户3176846510623
7127167235608953635,拍电视剧的呢？又有素材了,1,4,0,2022-08-02 14:49:26,来自江苏,391065671308483,用户7259446407598
7127199335804830464,必须一查到底，不管涉及到谁都决不姑息！,0,0,0,2022-08-02 16:54:27,来自北京,1103563781061293,用户5658863880189
7127183570447565583,这些人奇怪！对待一个坏人！这么多人竟然有爱心！,0,3,0,2022-08-02 15:53:08,来自福建,50618057431,用户50618057431
7127227963921629952,难道知法犯法不该罪加一等，，，,0,0,0,2022-08-02 18:45:22,来自湖北,3210190207611459,用户4759426080347
7127186003089113895,给坏人活的机会，就是剥夺了好人生的权利。,0,0,0,2022-08-02 16:03:23,来自重庆,1860008965321646,用户4288615949536
7127166380717376256,有必要进行全国性审查,0,18,0,2022-08-02 14:46:07,来自江苏,74401559409,手机用户74401559409
7127094708878557967,应该彻查一下许家印，估计也会牵连许多人！,0,1,0,2022-08-02 10:08:18,来自江苏,62455344777,手机用户62455344777
7127183902217061135,应指名道姓写出来！！打文字马赛克，为谁隐形？？,0,2,0,2022-08-02 15:54:26,来自河南,1635669650975127,用户15484431045
7127167413585691395,连根拔起了吗？,0,7,0,2022-08-02 14:50:11,来自广西,111533774888,用户7924712907753
7127259805894624000,名字起的好，屡次成功脱逃,0,0,0,2022-08-02 20:48:45,来自河南,839670649072488,用户4330459946630
7127217677290062599,郑州赋红码的是弄清了吗,0,0,0,2022-08-02 18:05:48,来自河南,215922397429559,用户5505751776639
7126965792000082722,还有多少成功成功的在外面[泪奔],0,9,0,2022-08-02 01:51:42,来自湖北,1050766351800444,用户380805069717
7127132862612538119,电视剧都不敢这么拍[捂脸],0,0,0,2022-08-02 12:36:43,来自山东,111026093444,用户2604224733710
7127229183054381828,也是个商业奇才，可惜不务正业,0,0,0,2022-08-02 18:50:26,来自福建,1803659079857421,用户637359688
7127168028713779971,亡羊补牢，为时不晚。,0,2,0,2022-08-02 14:53:24,来自黑龙江,2185472288494852,用户2185472288494852
7127154830577320708,这个人如果能管住自己的生理欲望就好了,0,0,0,2022-08-02 14:01:21,来自河南,1500154985721547,用户5319124565066
7127183855522054944,国法至上。,0,0,0,2022-08-02 15:55:09,来自陕西,949583435546205,用户23508046118
7127176943874655017,只有想不到的,0,0,0,2022-08-02 15:27:21,来自上海,23503141871,手机用户23503141871
7127193905263133475,终于成功了,0,0,0,2022-08-02 16:33:17,来自江苏,54889733053,用户6423194725235
7127089430023930658,我居然看完了这篇文章。[大笑][大笑][大笑][大笑][大笑][大笑][大笑],0,0,0,2022-08-02 09:47:52,来自福建,857207845954583,用户905742848551
7127263659218944781,哈哈哈哈哈哈哈哈哈哈,0,0,0,2022-08-02 21:04:17,来自新疆,2510923850854247,用户4051945416991
7127036215832101635,事事成功，美中不足。,0,0,0,2022-08-02 06:23:13,来自山东,84209853282,用户9598947638359
7126958218366534440,比电影还离奇！！[抓狂][抓狂],0,4,0,2022-08-02 01:21:44,来自贵州,1011172735715368,用户291290624706
7127119080760263435,大河南,0,0,0,2022-08-02 11:43:24,来自山东,637342442859879,用户3378099542797
7127165642385621801,这个世界,0,16,0,2022-08-02 14:43:16,来自河南,3676380167409272,用户9211569989978
7127172715659887390,揭幕,0,1,0,2022-08-02 15:11:28,来自海南,1636531497074967,用户6874731079900
7127239746438316815,服了！,0,0,0,2022-08-02 19:30:59,来自河南,22414464542,用户1295728960161
7127173121874215695,打伞呀,0,2,0,2022-08-02 15:12:35,来自天津,106386879215,用户3130084163934
7127232133022221064,弹簧。,0,0,0,2022-08-02 19:02:08,来自甘肃,4164557072768475,用户1619209135292
7127187567309128456,和尚打伞,0,0,0,2022-08-02 16:09:08,来自河北,111041206245,用户4779072877862
7127194348043010828,哈哈哈哈,0,0,0,2022-08-02 16:35:27,来自河南,87677401416,用户9479330306923
7127166465635500834,骇人听闻,0,0,0,2022-08-02 14:46:34,来自江苏,3817125645657869,用户1494271415003
7127177581015253768,唉,0,0,0,2022-08-02 15:30:34,来自新疆,4485662330866109,用户2542325306309
7127164024357651211,黑,0,0,0,2022-08-02 14:37:04,来自河南,135973402575812,用户7725731682879
7127089382242550562,奇怪的,0,0,0,2022-08-02 09:47:44,来自广东,1600507137243552,用户9855364204322
7127181419705205544,神奇,0,0,0,2022-08-02 15:44:56,来自新疆,5461013894,手机用户5461013894
7127224415955796749,这就是放虎归山,0,0,0,2022-08-02 18:32:10,来自重庆,3232215637956462,用户467883010776
7127165633393361704,是不是杀的还是替身？,0,0,0,2022-08-02 14:43:18,来自四川,2559261902637422,用户7755705563731
7127131669152629507,传奇人生啊,0,0,0,2022-08-02 12:32:18,来自广东,65586157062567,用户9932592363002
7127217466271040296,常事,0,0,0,2022-08-02 18:04:49,来自山东,1297041284144763,用户1054375636370
7127148767232885511,咎由自取，自掘坟墓。是个拍电视剧的好题材。,0,0,0,2022-08-02 13:37:46,来自陕西,4076584374638315,用户3227016033097
7127250257485923104,悲哀啊,0,1,0,2022-08-02 20:12:06,来自河北,1859986534442350,用户2523337973568
7127104110084113167,河南孙小果,0,0,0,2022-08-02 10:44:55,来自河南,4567391462,千江水千江月44056188
7127075040441123618,我能说什么？还有什么比这个还腐败的？,0,0,0,2022-08-02 08:52:07,来自浙江,6220210065,长三角罗罗
7127138199142679296,有钱能使磨推鬼！,0,1,0,2022-08-02 12:56:52,来自天津,3812204055,老贾玩装修
7126929167471936296,作死拉倒，贪官污吏助紂为虐,0,1,0,2022-08-01 23:26:21,来自辽宁,77396738314,风也帅59
7127234241922237217,！,0,0,0,2022-08-02 19:10:10,来自广东,98526113578,用户1684865682586
7127157830532694818,前妻狱中伺候…………,0,0,0,2022-08-02 14:13:02,来自山东,110515218108,渔色
7127166264149148416,这样媳妇儿还往外捞哪?这媳妇儿这胸襟，都不是一般人儿,0,0,0,2022-08-02 14:45:35,来自辽宁,104145733875,兰亭1313
7127130041825264421,美国的大片儿，也逊色！,0,2,0,2022-08-02 12:25:34,来自北京,110010608795,江上渔者007
7127133688227562255,这厮30多年玩大资本是个奇葩,0,0,0,2022-08-02 12:39:28,来自河北,68824526745,福虎娱乐有料想说667
7127199496357987075,哼,0,0,0,2022-08-02 16:55:36,来自内蒙古,76423527722,什造36666
7127107522255373060,人精,0,0,0,2022-08-02 10:58:50,来自河南,9537776962,实话不全说
7127165747604030223,无语,0,9,0,2022-08-02 14:43:38,来自新疆,62221567688,勿忘初心1966611
7127199282427609868,笑话,0,0,0,2022-08-02 16:54:49,来自浙江,5416261225,快乐王德发磕游
7127240487933264672,无语,0,0,0,2022-08-02 19:34:48,来自江苏,215124109704919,好天气345
7127136458426745608,嘿嘿,0,0,0,2022-08-02 12:50:34,来自河南,74301439538,坚强的海鸟
