7127470628378575653,[大笑]结局还不错，有警示意义。,3,194,1,2022-08-03 10:27:25,来自重庆,67312008000,蚂蚁说法
7127512423850263337,丈夫失联了，怎么怀的孕呢？,5,9,0,2022-08-03 13:09:11,来自河北,4089194307,坦荡的小猫eU
7127567328531170062,完全不理解打赏主播这一行为[汗][汗]完全不理解,4,27,0,2022-08-03 16:42:53,来自北京,13461761901,言归正理
7127510792777941763,男人都是很专一的，喜欢年轻女人，哪怕是大爷了,5,78,0,2022-08-03 13:03:37,来自新疆,2031495635277885,雨落疏荷
7127436448298648354,人家怎么有本事，让男的给她花钱[捂脸],1,6,2,2022-08-03 08:14:12,来自广东,9419458566,欣赏风景的猫
7127463567553069861,记住一句话:“一厢情愿”的爱情，是最亏损的投资！,0,1,0,2022-08-03 10:00:01,来自广东,95081743664,互联心声
7127217492883571470,大爷真有钱，啥也没捞到，出去400多万[捂脸],2,42,1,2022-08-02 18:05:14,来自河南,6635348474,安律说法
7127501757009478439,陈大爷按说也是个精明人怎么愿意借出去4百多万？女子能骗大爷四百多万怎么就想不到小伙要求打赏这么多钱肯定是骗？,5,79,6,2022-08-03 12:28:09,来自安徽,83933262121,合肥二姐
7127536571829879592,我怀孕三个月，丈夫失联了4个月，大爷你在哪里？？？？,12,7,0,2022-08-03 14:43:00,来自湖南,818516934802120,助助免费发布
7127519051202544416,我怎么那么不信这个故事呢，[捂脸],0,2,0,2022-08-03 13:35:32,来自广东,3703587913078039,郭大米
7127491616163611399,她老公突然消失的原因找到了，她这种挥霍无度谁也养不起！,6,372,1,2022-08-03 11:48:38,来自广东,110127880265,大唐天锅
7127519899466859299,这几天全是大爷被骗，还都是。。。,1,13,1,2022-08-03 13:38:07,来自广东,607392866523771,娟姐看法
7127538684173615872,这大爷真有钱，看上比他年轻30多年的女子，以为自己很有魅力，没想到人财两空[大笑][大笑][大笑],0,24,0,2022-08-03 14:51:17,来自浙江,1578498261267351,冰雪1221
7127510713878184717,陈大爷退休后还是“多家企业高级顾问”，那退休前也是一个不简单的人吧？怎被一个90后女子骗在团团转？,3,10,1,2022-08-03 13:02:41,来自湖南,52514053819,我很攥
7127493923794158340,大爷跟张某打桩了没？如果没有那就太冤了,28,84,1,2022-08-03 11:57:43,来自山西,111148713998,我姐在哪
7127529443556049694,唉，毛都没见一根，400多万没了,2,23,0,2022-08-03 14:15:59,来自四川,6824307692,txd7104
7127502734986658574,毁三观，64老大爷，90后女子[大笑][大笑][大笑],4,22,1,2022-08-03 12:31:44,来自江苏,97900694788,黄河故道边
7127507479818896131,张某如果被判实邢，那么5岁儿子怎么办？,2,2,1,2022-08-03 12:50:41,来自河南,57464669829,风雨无阻159007901
7127461273591743247,骗子的套路并不深，只能说大叔太痴情了。[捂脸],0,2,0,2022-08-03 09:50:44,来自黑龙江,87447961131,G珊
7127278988497896223,这智商能当多家企业高级顾问。我是不是活得太低调了,1,42,1,2022-08-02 22:03:35,来自吉林,72985869844,日暮乡关4
7127456452427383560,好久不见，上午好,1,1,0,2022-08-03 09:32:12,来自辽宁,67192144808,吉祥8042721334520
7127511384333665058,为什么是单亲妈妈的原因找到了[泣不成声],0,40,1,2022-08-03 13:05:00,来自上海,66547671864,哦哦哦哦哈本
7127502438030443276,怎么就不能追回，难道男主播的260万是正当所得。,6,17,1,2022-08-03 12:30:56,来自广东,5887598701,李3348
7127468872827339556,网友只能互相谈情说爱解解梦，不能当真倾家荡产去爱奇艺，六十老头不安分，受骗挥钱救美人，哈哈哈哈哈哈……,0,3,0,2022-08-03 10:20:35,来自甘肃,101525519751,潇潇洒洒度人生
7127278288002908928,打赏的钱可以追回来吧、是赃款,4,9,1,2022-08-02 22:00:32,来自上海,3935863266621003,苏东坡胞弟苏西坡
7127501629771154184,我被数字吓晕了，啥情况，能借430万，我可以负责任的说这个数字很多家庭都拿不出来，一家人为孩子首付买房都需要东借点西凑点的年代，一个六十几的人能为一个女士付出430万，我觉得除了真爱没法别的名称[捂脸][捂脸][捂脸][捂脸],3,106,4,2022-08-03 12:27:35,来自山东,100594880686,潍坊幸福男人
7127436665417335582,无欲才能无求！想得到更多，必须要去付出努力，但努力了不代表就能得到，想要的也不一定拥有，现在是，想要的没得到，不想要的恐怕是永远失去了！,0,1,0,2022-08-03 08:15:45,来自新疆,2378993137881612,双胞胎姐妹的退休生活
7127482831756411659,来了[灵光一闪],1,2,2,2022-08-03 11:15:01,来自湖北,51842048598,灵犀的呢喃细语
7127462967637623592,网络有风险，交友需谨慎。,0,1,0,2022-08-03 09:57:18,来自黑龙江,55485933559,漫漫科技
7127507270350553890,陈大爷精明一辈子，湖涂一时了，430万是一般人一辈子也赚不来的钱💰，现在好了看怎么收场，老伴儿女离他而去。,1,5,0,2022-08-03 12:49:03,来自江苏,50542004108,开心一世12
7127553299868009246,被骗了几百万，这大爷真是被爱情冲昏了头脑，傻了,0,11,1,2022-08-03 15:48:24,来自湖南,93523205980,抹不去的乡愁
7127449772474024744,上辈子的孽缘，这辈子金钱偿还，哈哈,0,0,0,2022-08-03 09:05:54,来自山东,93016352110,蓉儿539946
7127492186308215566,打赏男主播是正常消费，应该不会认定诈骗罪,3,19,4,2022-08-03 11:50:57,来自上海,3246231351473400,喜欢讲理
7127476089332974371,这个女的三十多岁，离了一个成为单亲，怀了一个户主跑了，又迷上一个,2,45,4,2022-08-03 10:48:09,来自安徽,62114440833,健康——因与果
7127271445948465955,罚款45万元，是诈骗老陈的钱吗？,1,3,0,2022-08-02 21:34:07,来自山东,109231444628,洒脱海浪U3
7127501659655635750,就大爷这脑子他怎么有的钱呢？,2,30,3,2022-08-03 12:27:56,来自河北,4614529906,wjjun3476
7127432887075046159,还有这样的傻瓜[流泪][流泪][流泪][流泪][流泪],0,6,0,2022-08-03 08:00:32,来自内蒙古,4366897296714732,杜瑞云中旗天佑
7127430047312986883,对方有可能是单亲妈妈，也有可能对面只是一个敲键盘的老汉[泪奔],0,2,0,2022-08-03 07:50:14,来自福建,6503547575,逗比大叔92828451
7127475855655715587,这个痴情陈大爷到底挨一下张某没有？,3,16,0,2022-08-03 10:47:57,来自河南,62643241814,幸福有你179596178
7127566867757187852,为什么都是有钱的人都这么容易被骗呢？,0,1,0,2022-08-03 16:41:03,来自广东,110667709817,讲乜哇
7127445159121257246,是给他生孩子了吗？,0,0,0,2022-08-03 08:48:21,来自山东,96113387899,非遗山东
7127528615847494441,这社会这么多命案件，依然挡不住太多女人玩命,0,2,0,2022-08-03 14:12:07,来自浙江,1921583452539067,快乐的海浪lT
7127528598055043875,老头与单亲妈妈和男主播他，她们三个人各有所图，，这4百多万很难要回来了，活六十多岁了还搞到妻离子散，卖房还债的结局，！！！,0,8,2,2022-08-03 14:12:00,来自云南,107856864974,扬希贤
7127458814370267911,不贪恋美色就不会上当。,0,1,0,2022-08-03 09:41:22,来自黑龙江,111072050626,道没电
7127474383136195359,还是有钱啊，我连430都不想出,7,72,0,2022-08-03 10:41:56,来自浙江,628554631222519,儒雅荷叶2P
7127499134475092777,宁愿相信世界有鬼，也不相信女人爱你一辈子[捂脸]，亲身经历，女人做事比男人更绝，绝情不分男女,1,20,1,2022-08-03 12:17:37,来自北京,108258221767,大爷永远都是你大爷
7127480557889454889,一般赃款都是应该退的，管你是不是什么原因，,0,0,0,2022-08-03 11:05:23,来自湖南,4388871746628747,用户9791937271903郑
7127504603906229000,260万都可以吃多少鸭子了,1,14,0,2022-08-03 12:39:10,来自江苏,3065867547185535,用什名么字好呢
7127570428302476035,张某“遭遇悲惨”？也行她的男友是个渣男，但离开这种女人，还是无比正确的！,0,1,0,2022-08-03 16:55:15,来自江苏,93329006338,荣光无限561
7127449445586928424,现在骗子太多,0,0,0,2022-08-03 09:04:41,来自广西,111288301864,绿叶伴读
7127504995724870440,这社会这么多命案件，依然挡不住太多女人玩命,0,25,1,2022-08-03 12:40:12,来自四川,2933112220170967,夕阳潞霞
7127554208630358784,看骗术也不高啊，怎么还有优质男上当受骗金额那么大，怎么做到的？我连一块钱都骗不到[酷拽],0,7,0,2022-08-03 15:51:22,来自河南,210704333546768,无忧的画板t
7127546021668225832,陈大爷这智商，怎么赚到这么多钱的？？？,0,6,0,2022-08-03 15:19:37,来自福建,105577345169,自强不息山雀YY
7127436411259208448,单身老年人还是很孤独。渴望找个老伴。广场舞其实是个很好的社交平台。,0,2,0,2022-08-03 08:14:10,来自云南,1143091884994928,搬砖小组新成员
7127575863419749134,这个大爷有一定的能力？居然被一个来路不明的孕妇骗的如此倾家荡产，不敢相信,0,1,0,2022-08-03 17:16:04,来自安徽,6039828996,9521520
7127546419594134303,这女的好666，大爷好有钱[赞] [大笑][大笑][大笑],0,2,1,2022-08-03 15:21:35,来自江西,2647279440761150,Ou忄夢
7127581698799207204,就是债务纠纷，算诈骗吗？一个愿打一个愿挨,0,0,0,2022-08-03 17:38:28,来自上海,83905282229,多多一篇
7127438850846524196,双方都罪有应得，半斤八两，一个愿打一个愿挨。,0,0,0,2022-08-03 08:24:00,来自北京,1020819206312644,聪明的船帆E6
7127509247281152808,张某孕期还有哺乳期不用坐牢吧,0,2,0,2022-08-03 12:56:43,来自湖北,110808840171,麦地花开
7127431682424226594,这个陈某钱真不少，九个月花430万？,0,0,0,2022-08-03 07:55:44,来自江苏,2066705989501037,上进星球AD
7127519378182701854,作为赃款能从主播那里追回吗？,1,0,0,2022-08-03 13:36:45,来自新疆,59698060081,赵子龙418
7127520599689446147,大爷这么不理智吗,0,4,0,2022-08-03 13:41:36,来自广东,3249809611559134,和谐之家321
7127487126370976524,大爷这钱花不了太多了……不能浪费,1,9,1,2022-08-03 11:31:29,来自山东,103150277559,痴情王子781
7127507662514242335,这女的真值钱，大爷也是真爱,0,5,1,2022-08-03 12:51:08,来自河北,93574928566,梦的启航63
7127450839127851808,这次陈大爷终于过了情关,0,0,0,2022-08-03 09:10:50,来自北京,59612336123,薰鱼
7127569121323123464,这不是一个看颜的社会吗？大爷贪恋90后年轻，90后贪恋小鲜肉帅气,0,0,0,2022-08-03 16:49:34,来自浙江,382281330465821,你的名字已经有用户占
7127519666280923945,那不对吧，张某用于打赏的钱属于诈骗所得，也就是赃款，按照刑法是要追缴的,0,4,1,2022-08-03 13:37:23,来自江苏,104607165475,扬泰0523
7127575908386702119,没有后面的陈某 那 那个让她怀孕的男人铁定被骂渣男，事实证明那男人消失是对的，真正渣的是这生几个孩子就有几个爹的绿茶,0,0,0,2022-08-03 17:16:16,来自浙江,55684526235,掬水手触月1
7127562643002999586,主播，直播，这种奇葩事情借互联网发扬光大。问题出在哪里？还有电信诈骗？,0,1,0,2022-08-03 16:24:15,来自江苏,6804725335,假话说一百遍
7127541839074640674,看到最后才知道大爷不是单身[困],0,1,0,2022-08-03 15:03:30,来自北京,2929511301120638,爱做梦的桔子
7127535427803841292,恭喜大爷谈了个90后这么年轻漂亮的美眉做女朋友！[2022],0,1,0,2022-08-03 14:39:06,来自安徽,58527516687,高山流水1336977
7127487597437944615,完全理解不了人都没见就转账的行为,0,2,0,2022-08-03 11:33:34,来自广东,4187394371238187,NanmuTyhh
7127525650960810755,陈大爷被女子张某骗得太惨了！,0,0,0,2022-08-03 14:01:13,来自广西,3083882907,派洞溪流
7127500964751966987,真佩服张大爷，能借到这么多钱,0,3,1,2022-08-03 12:25:20,来自上海,53609697420,积极的天空yk
7127447439393178401,我TMD连个520三位数都骗不到[捂脸],0,0,0,2022-08-03 08:57:38,来自广东,764856470607727,那年灯火阑珊处
7127447348346962688,单亲这八个月的孩子哪儿来的,0,0,0,2022-08-03 08:56:33,来自辽宁,1415774745934331,认真的小猫pU
7127460234851205903,大叔真是缺爱呀！,0,0,0,2022-08-03 09:46:42,来自黑龙江,84706495358,Iam葵葵
7127446207110333218,有个男人追求我三年都没给我买块雪糕[捂脸],0,0,0,2022-08-03 08:52:08,来自江苏,69660876606,香香妈妈6688
7127522087354303247,这位痴情的大爷结局还挺好啊!,0,2,1,2022-08-03 13:46:39,来自吉林,4398476870553916,上进晚风x6
7127435404164236062,60岁和90后，找女儿吧？,0,1,0,2022-08-03 08:10:33,来自山东,74286668865,梵心梵雨
7127562855427277576,大爷：再扶我起来试试？,0,0,0,2022-08-03 16:25:13,来自福建,1745661195726535,太湖老楊
7127244843696571177,大爷是慈悲心,2,3,0,2022-08-02 19:50:49,来自安徽,822077884465351,花眼看人生
7127450412776932109,60+，然后还网恋90后。哈哈[捂脸],0,5,0,2022-08-03 09:08:57,来自安徽,1926807703519934,累不累吧你
7127514318979498789,我知道她男友为什么失联了,0,0,0,2022-08-03 13:17:02,来自河南,5230421049,我本善良50683330
7127484311363666702,"有女性朋友问我借钱，我都是让她写借条，并找个见证人，也有私下悄悄还钱的
（别想歪了，是人家不好意思）[捂脸][捂脸][捂脸]",0,3,0,2022-08-03 11:20:21,来自浙江,52110821459,古珠爱好者
7127533268911784711,真不知道这个张大爷是怎么活到六十多岁的[捂脸][捂脸][捂脸],0,1,0,2022-08-03 14:30:27,来自上海,51139375724,爱拼才会赢139040558
7127497751562453799,陈大爷的钱都是借来的吗？。最后还卖房还债？,0,3,0,2022-08-03 12:12:41,来自甘肃,51466112646,看山看水看今朝
7127504781622690596,剧情这么曲折，电视剧都不敢这么演。如果能做到《金刚经》里的:如如不动，不取于相。哪有这么多事，人呀，时时都要经得起诱惑！,1,2,0,2022-08-03 12:39:49,来自山东,3113306244,远见卓识花猫Oz
7127579687551468328,大爷你的智商强大大。[呲牙][呲牙][呲牙],0,0,0,2022-08-03 17:30:19,来自辽宁,2692025375530303,爱音乐石榴7S
7127572623650718471,还是这大爷钱太多了，如果没钱可能也没这想法就不会被骗。说明他命里不能有这么多钱。,0,0,0,2022-08-03 17:03:13,来自陕西,21413213315,潇洒远山Py
7127504158202741539,幸亏陈大爷是上海人，有房还债，要是农民人，又成了老老赖。,0,10,2,2022-08-03 12:37:04,来自河北,74306188559,一以贯之19十
7127428136262239010,色字头上一把刀！,0,0,0,2022-08-03 07:42:06,来自广西,1205511895922327,布布熊麦麦
7127487883250287364,女人现在真吃香[流泪],1,0,0,2022-08-03 11:34:40,来自河南,66695537352,聪明湖泊eh
7127574030949122828,对这样的男人我咋同情不起来呢？[抠鼻],0,1,0,2022-08-03 17:08:57,来自山西,58604456636,村郞
7127463716287136512,其实这种套路在网上见怪不怪了？大爷没有防范意识。,0,0,0,2022-08-03 10:00:11,来自黑龙江,7197975425,手握握
7127529827804070689,单身女人都不简单，这大爷还是太单纯了,0,1,0,2022-08-03 14:17:26,来自浙江,4371286795486968,几梦吧唧一口柒
7127447785175237376,所以说了，现在的主播都是干嘛的？,0,0,0,2022-08-03 08:58:13,来自北京,51286027377,IM木子
7127538848225133327,陈某可以借到430万元，牛逼。,0,0,0,2022-08-03 14:51:42,来自河南,4567172883,高频道
7127547142306431744,终于知道两个孩子为啥找不到亲爹了,0,1,1,2022-08-03 15:23:56,来自安徽,104680928567,枪炮与玫瑰8667
7127489401835897640,怪不得怀孕了被抛弃,0,11,0,2022-08-03 11:39:48,来自河南,62845081419,光辉181344321
7127572317823533857,陈大爷估计这辈子想不通了。,0,0,0,2022-08-03 17:02:22,来自重庆,102702660260,看海82195
7127448287073993487,我没有这么大福，别说钱不敢想，吃一碗面条也行啊！没有这细胞。,0,0,0,2022-08-03 09:00:11,来自辽宁,53483776698,高级星星cT
7127519540506034944,我晕，竟然还说自己女儿得了白血病![发怒],0,0,0,2022-08-03 13:36:51,来自河南,2277809120884455,love天天开心
7127492163302261543,陈大爷得手没有？,4,13,2,2022-08-03 11:50:50,来自山东,1772033936997755,一个那啥啊
7127447546586333952,这不是恋爱关系，这是哄钱到手关系？哈哈哈,0,2,0,2022-08-03 08:57:13,来自河北,2625289897128071,天行健君子以阿弥陀佛
7127529775241528102,世界之大，无奇不有，都是心思活络的人呐,0,1,0,2022-08-03 14:17:28,来自辽宁,3035065811472872,随心Kl1t
7127499581948609317,上海大爷真有钱，大爷就是大爷[赞][赞][赞],1,21,2,2022-08-03 12:19:45,来自广西,52569210219,黄鹤斌
7127485168490840832,所以说还是穷人最安全，想骗我的钱一分都别想,1,17,1,2022-08-03 11:23:18,来自河北,3847895955540075,牧马银河
7127512604557181703,400多万，啥样的女人找不到？,0,18,0,2022-08-03 13:10:08,来自黑龙江,6951179850,满意之时
7127581243134575399,钱多人傻，是规律。,0,0,0,2022-08-03 17:37:01,来自广西,75129149368,魂1005
7127481755990410014,螳螂捕蝉，黄雀在后，男主播成赢家了,0,1,0,2022-08-03 11:10:35,来自日本,66572942947,小鑫鑫鑫202032874
7127450219276501792,450w东莞一天换一个都花不完[捂脸][捂脸][捂脸],0,1,0,2022-08-03 09:08:07,来自湖南,3452117489027235,朕郑朕
7127469792646546191,认知和财富的剪刀差太厉害,1,0,0,2022-08-03 10:23:41,来自上海,2620847301865630,用户求心不求佛
7127516801760117511,大爷有没有尝到过甜头？,0,2,0,2022-08-03 13:26:45,来自浙江,3170645744827796,神龙大狮
7127433683757826851,门当户对，量力而行,0,0,0,2022-08-03 08:03:34,来自北京,4036209941,飞扬的宝
7127510008920916770,在城市里普通老人存几百万的不在少数！,0,1,0,2022-08-03 12:59:43,来自山东,59360524608,悠悠161390171
7127574915309388578,陈大爷这水平怎么给上海多家公司当顾问的,0,0,0,2022-08-03 17:11:45,来自上海,6404773852,汽车工程师车评
7127516020235551500,大爷这智商可以拥有430万吗？[抠鼻][抠鼻][抠鼻],0,0,0,2022-08-03 13:24:06,来自湖北,6820281497,隔着屏幕的红颜
7127566420015072036,430万，坐牢了，怎么还？等她13年出來这老头还活着吗？,0,0,0,2022-08-03 16:39:04,来自浙江,1654111699994719,周氏水产A
7127516319225807656,陈大爷为什么不自己亲手打赏给男主播呢？,0,0,0,2022-08-03 13:24:10,来自浙江,51872218533,殷其靐
7127508508266218243,明白这个女人为什么单身带孩子了,0,1,0,2022-08-03 12:54:37,来自广东,80526940091,翁同学jingshengmenzh
7127512896510821120,这大爷真是大爷借几百万出去,0,1,0,2022-08-03 13:11:09,来自江苏,111198020026,清闲的远山yw
7127467232795509540,这老头真有钱？,1,1,0,2022-08-03 10:14:06,来自上海,6020342531,为上海
7127509273999590158,上海大爷好有钱,0,0,1,2022-08-03 12:57:24,来自日本,100575063800,大阪城里的小Vivi
7127447785175237376,所以说了，现在的主播都是干嘛的？,0,0,0,2022-08-03 08:58:13,来自北京,51286027377,IM木子
7127549809460445990,我都无言以对了。这都什么事[泪奔][泪奔][泪奔],0,4,0,2022-08-03 15:35:20,来自江苏,1156283915305518,尔萌萌的小寨花
7127448287073993487,我没有这么大福，别说钱不敢想，吃一碗面条也行啊！没有这细胞。,0,0,0,2022-08-03 09:00:11,来自辽宁,53483776698,高级星星cT
7127513143009903360,上海大爷果然是大爷，有钱啊,0,1,0,2022-08-03 13:12:00,来自新疆,110451414271,浪之睿
7127320757008401160,我怎么同情不起来？,0,6,0,2022-08-03 00:46:31,来自贵州,98842659493,办公室主任lla
7127501202648122112,张某没能和陈大爷结合太可惜了，少了很多精彩。[捂脸][捂脸],0,1,0,2022-08-03 12:25:29,来自新疆,101135623208,正义凛然原野kr
7127558191692579619,花了430万，手都没摸到。,0,0,0,2022-08-03 16:06:54,来自上海,15511710311,星空QY
7127459063293805343,大叔真有钱呐。,0,0,0,2022-08-03 09:42:28,来自黑龙江,4248148567152350,哈恰怡
7127567614884856608,大爷真是专一,0,0,0,2022-08-03 16:44:18,来自北京,108383242443,兜暖699
7127519025667932962,主播平台没有错吗？,0,0,0,2022-08-03 13:34:53,来自浙江,1239882659277655,热心枫叶Sz
7127498771500024588,张某人才[做鬼脸],0,1,0,2022-08-03 12:16:49,来自福建,1327834720119743,一鸣他3姑夫
7127499545818235648,陈大爷应该是银行董事长，出手真大方,0,2,0,2022-08-03 12:19:04,来自湖南,59434459414,热情的暖阳8S
7127428136262239010,色字头上一把刀！,0,0,0,2022-08-03 07:42:06,来自广西,1205511895922327,布布熊麦麦
7127511277429424900,陈大爷太有钱了,0,0,0,2022-08-03 13:05:21,来自山东,86726422500,宇宙小毛球
7127432887075046159,还有这样的傻瓜[流泪][流泪][流泪][流泪][流泪],0,6,0,2022-08-03 08:00:32,来自内蒙古,4366897296714732,杜瑞云中旗天佑
7127457633283916579,只要不贪图什么，怎么会上当呢？,0,1,0,2022-08-03 09:36:32,来自江苏,93512935673,清潭碧水772
7127578888284177187,能借出几百万的大爷是真大爷,0,0,0,2022-08-03 17:27:09,来自四川,971596918952035,简单雪碧EM
7127559836254028575,430万，那大爷好有钱,0,0,0,2022-08-03 16:13:37,来自广东,4160160097123479,优雅饺子82
7127577789955506984,这女人，也是厉害了，男的也信,0,0,0,2022-08-03 17:22:54,来自湖南,50541183780,Alice129493136
7127534449063052073,大爷真有钱,0,0,0,2022-08-03 14:34:39,来自天津,4429294922,柳叶89
7127500233055519529,你大爷真是你大爷[捂脸],0,3,0,2022-08-03 12:21:50,来自辽宁,111130915211,多才青山ynh
7127540928109298471,男主播比大爷厉害[抠鼻],0,0,0,2022-08-03 15:00:40,来自湖北,52017704057,和风思语
7127433683757826851,门当户对，量力而行,0,0,0,2022-08-03 08:03:34,来自北京,4036209941,飞扬的宝
7127497178486260514,自尊自爱，乃做人之道德！,0,3,0,2022-08-03 12:09:56,来自江苏,1604928067602404,快乐红色的苹果
7127453101585416975,大爷，你真有钱。,0,0,0,2022-08-03 09:18:52,来自新疆,1310233327582701,淡定芒果Gm
7127556003734455053,在爱情里面金钱真是一文不值,0,0,0,2022-08-03 15:58:54,来自湖北,55534427330,1550544299961
7127450219276501792,450w东莞一天换一个都花不完[捂脸][捂脸][捂脸],0,1,0,2022-08-03 09:08:07,来自湖南,3452117489027235,朕郑朕
7127526572948751139,有这么多钱可以借。。。。,0,0,0,2022-08-03 14:04:06,来自北京,87726234734,闲庭栀子
7127524741639963429,大爷想吃肉结果惹不一身骚，精明一辈子还是在色字上失防了[大笑],0,0,0,2022-08-03 13:57:16,来自四川,51254335503,中途岛
7127531716541465385,一个愿打愿挨，不存在敲诈。,0,0,0,2022-08-03 14:24:14,来自安徽,109419790762,好学友谊
7127548809588687649,花三十万可以名门正娶一个90的了唉,0,0,0,2022-08-03 15:31:27,来自河北,59501777178,世界全是爱
7127555290119029515,钱多任性。为陈大爷点赞。,0,0,0,2022-08-03 15:56:09,来自甘肃,70072766495,思考者葛老台
7127551725661422339,旋入爱情的漩涡了老头美坏了,0,0,0,2022-08-03 15:42:29,来自黑龙江,89880952164,日本孙子市
7127261249452458787,这大爷咋活得那么大？？,0,5,0,2022-08-02 20:54:23,来自新疆,7017686690,此木风云起
7127445737490809639,三方，还是有一方赢家哦y,0,1,0,2022-08-03 08:50:55,来自湖北,61863073549,半双袜
7127578292722729768,主播是最终的赢家,0,0,0,2022-08-03 17:24:55,来自甘肃,5870920349,大酒神之戟
7127522027694621443,大爷真有钱💰,0,0,1,2022-08-03 13:47:09,来自四川,5574963576,5574963576
7127549100475695876,林子大了什么鸟都有惊险刺激。[呲牙][呲牙][赞][赞],0,0,0,2022-08-03 15:32:17,来自上海,109588777898,徐金256
7127579311997584140,这辈子算白活了,0,0,0,2022-08-03 17:29:42,来自北京,975995597756525,温柔漂流瓶aP
7127505237611021097,上海的大爷真有钱，一出手就是430万，而且不用还。,0,3,0,2022-08-03 12:41:14,来自湖南,59434459414,热情的暖阳8S
7127579681444315939,打赏这玩意能不能取消？,0,0,0,2022-08-03 17:30:21,来自江西,104994756344,浇水者
7127477228069847820,人才[赞],0,3,0,2022-08-03 10:53:11,来自湖北,13634434311,梦幻星球EW
7127453907034718991,钱来的太容易了。,0,0,0,2022-08-03 09:22:00,来自山东,84006355788,三江源6636
7127504217480397576,只怪大爷太有钱,0,0,0,2022-08-03 12:37:35,来自湖南,23339347736,湘水潇潇
7127505955403318028,大爷好有钱,0,1,0,2022-08-03 12:44:44,来自江苏,2761575182893784,wx起名真难
7127526824648917790,老牛真的都想吃那什么呀但是那草也不年💞了吧又生了两个孩子了真不值啊,0,0,0,2022-08-03 14:05:34,来自辽宁,6685773246,麻酒哥
7127518993699095330,430万随便给的上海亚索还是非常有经济实力的！,0,0,0,2022-08-03 13:34:45,来自上海,59479645050,炫糖174592259
7127520540415918888,这才是真正离婚原因,0,0,0,2022-08-03 13:40:51,来自广东,68839222939,清潭yi
7127516485123048196,螳螂捕蝉 黄雀在后？,0,0,0,2022-08-03 13:25:26,来自广西,72714238859,爱人0000000
7127540614023447335,这份高薪只能吸引更多女性,0,0,0,2022-08-03 14:59:27,来自江西,106521830802,又难住我了
7127567065736545062,还高管呢就这样被人骗了[捂脸][捂脸][捂脸],0,1,0,2022-08-03 16:41:46,来自山东,53266066554,唯心不争
7127507314760401700,等孩子大了真的有脸面对吗？,0,0,0,2022-08-03 12:49:40,来自北京,5721029140,王多鱼老板
7127513088438010662,上海大爷确实有钱,0,0,0,2022-08-03 13:12:31,来自辽宁,71072368409,桃花仙人666
7127498402229338888,忽略了一点，大爷是已婚的,0,2,0,2022-08-03 12:15:19,来自上海,55579981248,麒麟神兽
7127488704968999711,只能怪贪凤,0,1,0,2022-08-03 11:37:27,来自广东,93055192604,东莞小梁
7127431751462585120,430万，大爷天天做新郎都可以了。[大笑][大笑][大笑],0,1,0,2022-08-03 07:56:37,来自上海,1710485583442103,G屹峰
7127489566525047567,最后是平台赚钱了,0,4,0,2022-08-03 11:40:28,来自河南,62845081419,光辉181344321
7127573798874170112,老房子着火，消防队队长也救不了,0,0,0,2022-08-03 17:07:34,来自江苏,82876922232,江夏粘豆包
7127512120421384997,还是大爷太有钱。,0,0,0,2022-08-03 13:08:11,来自内蒙古,3544464906530270,率真旭日Uc
7127491045172445988,都是“能人”，没能到地方,0,7,2,2022-08-03 11:46:28,来自山东,105593812609,就叫美好吧
7127508505161990946,为啥非正常人类都很有钱[捂脸],0,2,0,2022-08-03 12:53:47,来自山东,60214061192,麦田稻草人吓乌鸦
7127548718505083688,这么多钱就这样挥霍了，留着多好,0,1,1,2022-08-03 15:30:12,来自江苏,97491647346,情定一生88
7127269399995712288,还高级顾问，[捂脸]自己都顾不来[呲牙],0,5,0,2022-08-02 21:26:25,来自菲律宾,839622204094040,夏日潮风
7127433589553300262,有没有一种可能，通过打赏男主播来洗钱？,0,1,0,2022-08-03 08:03:49,来自内蒙古,102960352259,浪漫到尽头
7127448099630809869,大爷有钱人！,0,0,0,2022-08-03 08:59:52,来自湖北,5891262174,端庄优雅喜鹊Qj
7127560478721278733,说明还是有钱啊，没有钱你拿啥恋[捂脸],0,0,0,2022-08-03 16:16:21,来自上海,4226960457219917,天地无用
7127455962117833508,不差钱的大叔甩钱很随意,0,0,0,2022-08-03 09:30:22,来自四川,3696512052,向大爷1947
7127570964266943232,那问题来了，大爷得到了什么？,0,0,0,2022-08-03 16:56:26,来自河北,5515919978,随遇而安57957671
7127505114986398498,千万别相信女人的话,0,0,0,2022-08-03 12:40:46,来自安徽,108434095464,兰台小史
7127494715641365288,最后还是可怜了孩子,0,0,0,2022-08-03 12:00:24,来自广东,2634051807873251,max
7127431613918708487,不值得可怜,0,0,0,2022-08-03 07:55:53,来自山东,69244830252,强
7127509437145203471,凡是交往中借钱的，一律都是，，，，，,0,2,0,2022-08-03 12:57:35,来自陕西,606555558380012,隔壁王Z
7127444515980051203,孤独、任性、缺爱。,0,1,0,2022-08-03 08:46:22,来自天津,106758727697,真金白银369
7127454162505909025,男人啊，无论多老，永远爱年轻漂亮的！,0,3,0,2022-08-03 09:23:53,来自河北,3007894066039197,四月甜芯橙
7127442781073163012,哈哈，钱不是问题，问题是有钱[呲牙][呲牙][呲牙],0,0,0,2022-08-03 08:39:31,来自山东,82368450593,大林走走
7127530211071083296,还有这样的大爷吗？给介绍一下,0,0,0,2022-08-03 14:18:52,来自山东,102204089744,AK47集结号
7127446763870356258,帅哥决定论，00暴揍团，哎，我十年前的相对论……看吧，我的新理论，10免死牌,0,0,0,2022-08-03 08:54:12,来自辽宁,95590607431,Taeyeon专属靴
7127570964266943232,那问题来了，大爷得到了什么？,0,0,0,2022-08-03 16:56:26,来自河北,5515919978,随遇而安57957671
7127505114986398498,千万别相信女人的话,0,0,0,2022-08-03 12:40:46,来自安徽,108434095464,兰台小史
7127431965833839367,男主播一点罪没有吗？,0,0,0,2022-08-03 07:57:26,来自江苏,96163346602,智慧生活故事汇
7127509437145203471,凡是交往中借钱的，一律都是，，，，，,0,2,0,2022-08-03 12:57:35,来自陕西,606555558380012,隔壁王Z
7127436145529127683,监那里还没有睡,0,0,0,2022-08-03 08:13:54,来自福建,1301452981809950,水中月np
7127446519988945705,你情我愿的事儿，就不用拿出来说了,0,0,0,2022-08-03 08:53:24,来自北京,1534540916209038,励志洞天
7127454162505909025,男人啊，无论多老，永远爱年轻漂亮的！,0,3,0,2022-08-03 09:23:53,来自河北,3007894066039197,四月甜芯橙
7127431228957475592,天下怎么可能有这么好的事情,0,0,0,2022-08-03 07:54:41,来自河南,3501300526094039,那些年110630
7127530211071083296,还有这样的大爷吗？给介绍一下,0,0,0,2022-08-03 14:18:52,来自山东,102204089744,AK47集结号
7127505988613145377,色字头上一把刀,0,2,0,2022-08-03 12:44:29,来自宁夏,69531372593,贺兰山夜话
7127511253274215199,"64岁的大爷啊，
这大米和咸盐都吃哪去了？[笑哭]",0,0,0,2022-08-03 13:04:54,来自湖北,93110453265,襄阳残剑
7127444898764604200,一个五八一个四十,0,0,0,2022-08-03 08:47:08,来自山东,57989713452,达瑞鑫
7127580823246619426,腥味就没有闻到，钱…呵呵呵,0,0,0,2022-08-03 17:34:36,来自四川,9320472226,正直小鱼Os
7127460192342033160,"实力不够钱来凑，嫩草也曾惜牙口。
三月春光无限好，桃花怎堪沐老秋。[呲牙]",0,2,0,2022-08-03 09:46:56,来自河南,2440543986261388,孤山有韵
7127554107548009257,这么多钱给点人家用正常的,0,0,0,2022-08-03 15:51:06,来自广西,3372909347213992,寻找你的宠爱
7127578818906358528,我想知道都是些什么人去看别人的真播呢？,0,1,0,2022-08-03 17:26:57,来自浙江,95403092168,智典传承
7127468041201435432,400多万，花钱都不会[捂脸],0,0,0,2022-08-03 10:16:50,来自浙江,100428235968,静听雨声
7127433773222167311,上单亲妈 ？蒙古的？,0,0,0,2022-08-03 08:03:55,来自天津,2014482706,英俊的灰
7127455636761510695,我怎么遇不到给我发钱的啊,0,0,0,2022-08-03 09:29:25,来自河北,4473228636731988,12神魔
7127487854116487950,这是下血本了！,0,0,0,2022-08-03 11:34:12,来自甘肃,11129349244,荣辱不惊179758626
7127507949349651239,老房子着火，一发不可收拾,0,0,1,2022-08-03 12:52:14,来自上海,4684057693,人类问题研究中心
7127514781426352896,经济的流通，赞一个！,0,0,0,2022-08-03 13:18:17,来自河南,17460337060,芬芳万里路
7127443698639913739,四百万找个00后不香吗[捂脸],0,0,0,2022-08-03 08:43:10,来自天津,110466294132,魔法海浪1
7127570684612002596,四百多万，什么样的小姐妹找不到。。。,0,0,0,2022-08-03 16:55:55,来自安徽,103224446466,认真的春风fQy
7127505137597547267,还是钱多，谁要向我借500万，我也可以借，前提先往我卡里打499万，我好凑成500万。,0,0,0,2022-08-03 12:41:21,来自江苏,96554488145,百事通3721
7127438007002579751,有钱不在年高,0,0,0,2022-08-03 08:20:49,来自山东,91648714185,佚名笑生
7127561247427953423,"这陈大爷能拿出400多w,可是真爱。",0,1,0,2022-08-03 16:18:51,来自四川,3038698282160152,开朗沙滩0n
7127518557382263566,还是有钱啊，我连430都不想出[捂脸][捂脸][捂脸],0,0,0,2022-08-03 13:33:28,来自四川,3382520456425357,我是一颗大白菜o
7127438705665000232,"单身几年狗，
高价买了根骨头。
饿急了，
骨头在，牙呢！",0,0,0,2022-08-03 08:23:04,来自陕西,86387752821,1951175
7127569162880779038,讲故事呢 法院不会这么判,0,0,0,2022-08-03 16:50:04,来自上海,6371566010,快乐天使哥
7127445837542245159,关注台海局势的热点中怎会出现这种文章,0,0,0,2022-08-03 08:51:32,来自吉林,3926254846,Twinmotion建筑动画
7127579142631277312,遇到了真正的爱情,0,0,0,2022-08-03 17:28:16,来自河北,86459714239,i0i9
7127449878989030158,大爷始终是你大爷,0,0,0,2022-08-03 09:06:56,来自江苏,107777271530,FuzzyWuzzy669
7127545558860137253,怎么上海的老人都那么有钱？,0,0,0,2022-08-03 15:18:11,来自广东,4110611012,达总99999
7127567194984235813,老而痴情似为花，贪念桃花落无涯。,0,0,0,2022-08-03 16:42:10,来自湖北,54702334716,萧十一郎144341355
7127453343710659359,小李才是最终的赢家,0,2,1,2022-08-03 09:20:21,来自广东,1802805734801859,执着的清泉Aa
7127503670190916364,看看这几个人，人间哪里有真情在？！,0,0,0,2022-08-03 12:35:39,来自辽宁,98633561958,美好明天4104350335075
7127494693239653135,最后法院有了好多收入,0,3,0,2022-08-03 12:00:18,来自江苏,50006215284,海平平天下
7127446518495724300,那些抖音的写单身妈妈很可怕[捂脸][捂脸][捂脸],0,0,0,2022-08-03 08:54:03,来自广东,1068381568506174,大海2mU1
7127503400140391207,剧本都不敢这么写[我想静静],0,0,0,2022-08-03 12:34:28,来自甘肃,105378995119,喜庆的喜鹊Xp
7127555458877276932,没事，陈大爷退休工资肯定很高，平均分配一下嘛,0,0,0,2022-08-03 15:57:00,来自江苏,2938323282172904,儒雅远山G
7127543420444984099,心思活跃，这个词好！,0,3,0,2022-08-03 15:09:41,来自重庆,95935760206,蓝雨283351559
7127569516318114598,陈大爷真有钱！,0,0,0,2022-08-03 16:51:45,来自广东,110512685167,送君XX天理
7127465672065745704,周瑜打黄盖，一个愿打一个愿挨……,0,39,1,2022-08-03 10:07:42,来自四川,96742726786,男儿当自强63107
7127427225326355204,有钱人[呲牙],0,0,0,2022-08-03 07:39:07,来自浙江,5739174942,丽水发展62318921
7127568508262843166,结局挺好 公平合理,0,0,0,2022-08-03 16:47:13,来自河南,1900425292029427,欢快明镜yY
7127512430804108062,这个大爷不是你大爷[捂脸],0,0,0,2022-08-03 13:09:25,来自浙江,63324511591,刀尖上的睡眠
7127580613623726882,我越来越喜欢上海啦,0,0,0,2022-08-03 17:33:49,来自天津,62920061536,随心228194468
7127572136776631072,螳螂扑蝉黄雀在后！,0,0,0,2022-08-03 17:02:01,来自湖北,55792130938,雅龙车队1
7127562096606708487,就是一八万,0,0,0,2022-08-03 16:22:25,来自上海,1557378469205630,Mr. 🍔
7127501155810804516,举头三尺有神明,0,1,0,2022-08-03 12:25:47,来自河北,52012301092,沙枣树23
7127508075829347075,标准上海大花头爷叔。,0,0,0,2022-08-03 12:52:58,来自上海,108360779436,快乐一刻267
7127510848688112419,我从来不信什么主播！,0,0,0,2022-08-03 13:03:07,来自河北,103041383994,1391866129
7127504213332460328,打桩太深入了,0,0,0,2022-08-03 12:37:16,来自江苏,58347518015,君矦
7127520815415116584,这陈丈爷是何方神圣[呲牙]退休后还有如此能量和金钱？你懂的[呲牙][呲牙],0,0,0,2022-08-03 13:41:45,来自四川,3254974467807678,不要弯酸剪巴啷
7127561073892868879,老头有💰啊！[大笑][大笑][大笑][大笑][大笑],0,0,0,2022-08-03 16:18:10,来自四川,54721708834,黄145597751
7127580963785147148,大爷真有钱,0,0,0,2022-08-03 17:35:46,来自上海,87832946690,祁先生家有位小公举
7127542032402875166,我就文中小编口中的陈大爷[流泪][流泪][流泪][流泪],0,0,0,2022-08-03 15:04:45,来自江苏,5406746469,李府大帅
7127517952139756324,这就说明了，么的钞票就么的爱情啊！,0,0,0,2022-08-03 13:30:52,来自上海,3474079138190967,热心云朵DT
7127565714801787663,张大爷想多了,0,0,0,2022-08-03 16:36:02,来自湖北,99293839425,疯行一季
7127507971776709411,还是有钱，没钱想借也难,0,0,0,2022-08-03 12:51:45,来自吉林,55235587347,松柏常青209787669
7127554966822421260,怎么不见老王了.只有陈大爷了[捂脸],0,0,0,2022-08-03 15:55:03,来自广东,1732471666787192,辽二弟
7127570341890704158,大爷钱包鼓,0,0,0,2022-08-03 16:54:14,来自湖北,78188335562,黑鹰286031946
7127505554305991435,陈老弟，你太嫩了,0,2,0,2022-08-03 12:43:00,来自河南,4129355267579438,隔壁王大爷nzOD
7127534551383458568,有钱任性，挺好的,0,0,0,2022-08-03 14:35:34,来自上海,3052668265960235,直爽D小胖
7127540059921761036,可怜两个娃，没爹又没娘。,0,0,0,2022-08-03 14:57:05,来自北京,4295896267,ZJ随缘一笑
7127533776980804386,陈大爷真有钱[捂脸],0,0,0,2022-08-03 14:32:16,来自江苏,3091472472351287,010B3
7127494414385660687,故事有点离谱,0,0,0,2022-08-03 11:59:13,来自云南,60213140856,雄雁飞
7127569733578326823,大爷真有钱,0,0,0,2022-08-03 16:52:19,来自黑龙江,2805555976211869,abc粮满仓
7127507949349978919,这大爷厉害，不是一般人,0,0,0,2022-08-03 12:52:24,来自上海,12343886043,自由自在阳光1号
7127553433028150056,有钱的人的生活咱不懂,0,0,0,2022-08-03 15:48:16,来自河北,6119735634,北方柳叶宫
7127508340292322060,故事很精彩,0,0,0,2022-08-03 12:53:43,来自广东,2920740259107812,稻父
7127550360294196007,有元的都是真爱[灵光一闪],0,0,0,2022-08-03 15:37:24,来自安徽,5472329349,城南旧草
7127547277677495055,冤有头债有主[捂脸],0,0,0,2022-08-03 15:24:25,来自上海,4117025001054208,饭播美
7127573299865010978,当年钱好挣，现在骗子多,0,0,0,2022-08-03 17:05:27,来自陕西,1226710035996887,玩积木的汤姆猫
7127482374719996712,这老头真有钱！,0,11,0,2022-08-03 11:12:37,来自宁夏,2735176204157230,亲切小羊dR
7127547097762923299,要不回来了,0,3,0,2022-08-03 15:23:45,来自辽宁,105293397677,礼品的成长
7127567450828964623,被猪油蒙了心。,0,0,0,2022-08-03 16:42:57,来自四川,3447719564423839,儒雅晚风L0
7127547205707891456,大爷牙口好还是不好呢,0,0,0,2022-08-03 15:24:24,来自贵州,694525620396064,智者青山aT
7127510686439588644,新时代的独立女性[赞],0,0,0,2022-08-03 13:02:50,来自上海,51782443945,杰克I船长
7127535403498439457,便宜了那个男主播,0,0,0,2022-08-03 14:39:20,来自吉林,2220662945226301,浪里小白条2021
7127511937885635328,此画还是有问题,0,0,0,2022-08-03 13:07:16,来自山东,78163100093,泰然916
7127513381078549283,电视剧都不敢这样拍[黑线],0,0,0,2022-08-03 13:12:55,来自上海,109938159374,平方猫
7127547990767780648,陈大爷也不冤,0,0,0,2022-08-03 15:27:15,来自福建,59490355497,五社社长
7127536954958398249,主播抓了吗？,0,0,0,2022-08-03 14:44:29,来自江西,4140148922,大海一生
7127533210624017152,张大爷这么有钱啊,0,0,0,2022-08-03 14:30:04,来自天津,1925949517472253,正直葡萄xR
7127534540147147556,都在玩，谁都不怨,0,0,0,2022-08-03 14:35:32,来自河南,5691557303,HDICMKW
7127411702789964579,老头没得到啥吗？,0,0,0,2022-08-03 06:38:22,来自陕西,108888038570,惠风和畅438
7127505630864196359,陈大爷嗷嗷牛逼克拉斯,0,0,0,2022-08-03 12:42:57,来自江苏,54018743707,零距离142839817
7127453176764236579,抖音里的主播基本上都是这样子的套路,0,0,0,2022-08-03 09:19:10,来自上海,93558020314,执迷不悟8378
7127544916519191296,老头好，老头有低保。,0,0,0,2022-08-03 15:15:18,来自山东,73503340680,喝红茶的猪
7127490143862440717,陈大爷、还是那个陈大爷。,0,1,0,2022-08-03 11:43:06,来自山东,54939091918,鑫蹇
7127522417970791200,老头身体不错！,0,0,0,2022-08-03 13:48:50,来自上海,452615033071059,谷沉默者
7127511543729718048,爷叔本就单亲所生。,0,0,0,2022-08-03 13:06:13,来自安徽,6822242712,大乾528
7127507867795653389,亏大了，只怕还没享受到,0,1,0,2022-08-03 12:51:41,来自湖南,3342107275442653,爱生活的溪水Ss
7127504363278402319,鬼迷心窍，都不靠谱，特不靠谱[晕][晕][晕],0,0,0,2022-08-03 12:37:43,来自安徽,1714869187908279,神秘漂流瓶u
7127519612861956877,这老大爷🤭🤭🤭🤭,0,0,0,2022-08-03 13:37:53,来自浙江,6247380754,陪伴一生83401590
7127528856650711838,都是退休工资高了。刚好够吃够用。想什么也没能力啊！,0,0,0,2022-08-03 14:13:16,来自江苏,68349070358,60085识字的大灰狼
7127519396565631776,陈大爷是被辜负了的人[泣不成声],0,0,0,2022-08-03 13:36:45,来自广东,646122599353949,恭趁趁
7127530787956146948,那么有钱啊,0,0,0,2022-08-03 14:21:17,来自山东,103638920252,蒙山高沂水长
7127503471925920549,这就是当今女性的形象代言人,0,4,0,2022-08-03 12:34:29,来自广东,52528719284,塞外风沙犹自寒
7127465491089998603,现在的钱真是好赚,0,0,0,2022-08-03 10:07:42,来自山东,4283299196840957,海鸿A
7127518033430102820,周瑜打黄盖，一个愿打一个愿挨。,0,0,0,2022-08-03 13:31:36,来自上海,5433750758,Yz61234
7127499005545792293,女人心海底针，傻男人，多的是,0,0,0,2022-08-03 12:17:23,来自四川,98495372742,远见卓识海洋iN
7127547041760232226,真爱，，，,0,0,0,2022-08-03 15:23:29,来自内蒙古,6864907168,力量为王
7127522596463641384,色字头上一把刀,0,0,0,2022-08-03 13:48:47,来自重庆,20130181761,阿黑哥15
7127505594239451936,陈大娘怎么一点警觉都没有,0,0,0,2022-08-03 12:43:02,来自浙江,6447602135,江南一刻
7127517751770022656,一部海上花列传,0,0,0,2022-08-03 13:29:54,来自湖南,2071096497043693,聪明的咖啡6x
7127443108270605088,上海大爷挺大方吗[捂脸],0,0,0,2022-08-03 08:40:43,来自安徽,5993304692,梁先森淡淡的忧伤
7127507005698425630,我不相信是真的,0,0,0,2022-08-03 12:48:19,来自四川,25429618913,阿团23
7127496807533675277,中国好大爷[呲牙],0,11,0,2022-08-03 12:08:57,来自山东,73551644194,二二傻驴蛋
7127568592291431208,90后很强悍啊,0,1,0,2022-08-03 16:47:11,来自贵州,76351748560,我心飞翔252607100
7127518369611858702,各有所需各有所求,0,0,0,2022-08-03 13:32:50,来自广东,102748971375,劉佳興688
7127488096614499106,荒诞的狗血剧！,0,2,0,2022-08-03 11:34:46,来自安徽,78765937073,听风说话8021
7127507715739534115,还高级顾问？,0,0,0,2022-08-03 12:50:48,来自江西,64950641172,回忆194761476
7127505957038900006,虐恋[捂脸],0,0,0,2022-08-03 12:44:32,来自江苏,1538927843099022,心想事橙tweeg
7127497365044331299,爷叔，爷输,0,0,0,2022-08-03 12:10:35,来自广西,51348070605,为之难者亦易
7127523502122877700,该 色字头上一把刀,0,0,0,2022-08-03 13:52:56,来自天津,96455924595,秃子扛枪目标明显
7127546443337958151,大爷说我过一段王思聪的生活可还行？,0,1,0,2022-08-03 15:21:33,来自辽宁,103258864763,Odysseus1560
7127553599836029731,大爷真有能力,0,0,0,2022-08-03 15:49:04,来自山东,3312594985,菩提树下一颗果
7127449592836375309,夸张了，4000多元,0,0,0,2022-08-03 09:05:36,来自湖南,101904210929,外向饭团Nl
7127510646267757324,不是一家人不进一家门,0,0,0,2022-08-03 13:02:44,来自广西,475451898204219,红尾鱼的眼睛
7127501370441532172,哈哈哈哈哈哈,0,0,0,2022-08-03 12:26:48,来自山东,4150788054,LHY4817
7127492016875471653,这就是爱。。。后面怎么唱来着[马思纯的微笑],0,1,0,2022-08-03 11:50:29,来自上海,93176860850,每天挣点钱
7127505832182530829,当提款机用,0,1,0,2022-08-03 12:43:46,,6279780974,好的好的好的就
7127507858459132672,怪不得男人跑了,0,0,0,2022-08-03 12:51:20,来自上海,6911490388,规律观察员
7127536901690704681,看到挥霍一空开心了,0,2,0,2022-08-03 14:44:15,来自河北,104887707089,晴空尽头
7127506439052280588,大爷睡没睡,0,0,0,2022-08-03 12:46:27,来自河北,84697517437,岛上的涛哥
7127502976666927872,色字头上一把刀,0,0,0,2022-08-03 12:32:24,来自四川,92625553197,幽默白云sn
7127560009160540962,螳螂扑蝉，…,0,0,0,2022-08-03 16:14:04,来自广西,6758797228,不羁少年zd
7127527724062917417,"我说我这么难找女朋友，原来竞争这么大。害得我就是手游多了，今年还没30…就早 卸了，博 不起来，
女朋友也分手了，不知道咋办[流泪]",6,2,0,2022-08-03 14:08:39,来自河南,303897932464575,一生要强的
7127491963611300641,这剧情让谁也编不出来啊！,0,3,0,2022-08-03 11:50:08,来自陕西,50267182716,大胜靠德1
7127274942185882380,高级顾问！,0,2,0,2022-08-02 21:48:11,来自河南,4353155397,北斗君68
7127553226177643295,周瑜打黄盖,0,1,0,2022-08-03 15:48:05,来自河北,52671401741,沉默的太认真
7127499532291949320,住东家吃西家,0,0,0,2022-08-03 12:19:24,来自浙江,4182470066,我是鲁肃英文名looser
7127487949071368996,为什么这么有钱确没地方花呢[流泪],0,1,0,2022-08-03 11:34:23,来自湖北,59041533042,萝卜爱吃小白兔白
7127505730592703239,周瑜打黄盖,0,0,0,2022-08-03 12:43:33,来自广东,109844235107,爱生活的饺子tg
7127284513449394979,咱为什么碰不到呢,0,1,0,2022-08-02 22:24:47,来自陕西,70666246009,醉美乡村行
7127499912027783939,这故事比小说还精彩。,0,1,1,2022-08-03 12:21:16,来自四川,64456448683,川人爱国也爱生活
7127532176098247459,打桩那来的梗,0,0,0,2022-08-03 14:25:54,来自河南,86823958323,八颗大麦芽
7127494177784333070,刀尖上的舞者，胆够大的。,0,0,0,2022-08-03 11:58:26,来自上海,4459230609549976,不凡糯米rY
7127545741245448968,现实中有这样的情况发生吗？,0,0,1,2022-08-03 15:18:57,来自湖南,3328977518733867,才思敏捷葡萄Oj
7127553642520953641,一对活宝。,0,1,0,2022-08-03 15:49:08,来自河北,6011556953,80后大黍
7127489562460635912,都是爱情惹的祸,0,0,0,2022-08-03 11:40:45,来自广东,3887478851776910,安逸生活家Gq
7127443108270605088,上海大爷挺大方吗[捂脸],0,0,0,2022-08-03 08:40:43,来自安徽,5993304692,梁先森淡淡的忧伤
7127503642982155049,终究还是大爷扛下来所有[捂脸],0,0,0,2022-08-03 12:34:57,来自江苏,104598398405,小超人加里
7127497703558251298,陈大爷有钱,0,0,0,2022-08-03 12:11:52,来自广东,111289434422,聪明溪流Ov
7127471784030700301,千姿百态不怪不怪,0,7,1,2022-08-03 10:31:45,来自福建,6034171570,燕煌
7127478117664457472,这才是真正的爱情,0,4,1,2022-08-03 10:55:57,来自广西,72709501421,无用的人228
7127236675021570850,哀其不幸，怒其不争。,0,3,1,2022-08-02 19:19:14,来自河北,16359329474,风中有朵雨作的云2
7127555761035281152,四百多万[捂脸][捂脸][捂脸],0,0,0,2022-08-03 15:57:36,来自安徽,84857227003,cyq186
7127473063335691020,奇葩真多[大笑][大笑][大笑][大笑],0,0,0,2022-08-03 10:37:07,来自重庆,1508120771173676,不一样的世界0
7127564146618565384,食物链[呲牙][呲牙],0,1,0,2022-08-03 16:30:26,来自上海,73265769873,魔都神兜兜
7127489313243579171,老牛想吃嫩草的结果。,0,1,1,2022-08-03 11:39:25,来自四川,6629959140,鄒100656331
7127465915406828318,真有钱[捂脸],0,0,0,2022-08-03 10:09:02,来自河北,483428405624967,良心铺子内蒙牛羊肉
7127241368111940359,不该判,0,0,0,2022-08-02 19:37:46,来自山东,54977625644,厚伟2
7127486911618564899,张某才女,0,0,0,2022-08-03 11:30:06,来自山西,109670792279,夏季之星云日月
7127509542795723556,不说别的，就说这个大爷钱真多，[大笑][大笑][大笑][大笑][大笑][大笑][大笑][大笑][大笑],0,0,0,2022-08-03 12:58:30,来自上海,55070627961,雨蝶喜欢头条
7127523478701540130,430在我们这里可以娶10多个未婚美人,0,0,0,2022-08-03 13:52:07,来自湖南,72761549730,湘中名流
7127451258260325160,有钱花了,0,1,0,2022-08-03 09:11:41,来自北京,62703445295,搜别墅
7127518857791144735,这个女人挺忙啊,0,0,0,2022-08-03 13:34:45,来自黑龙江,59306101705,自然161037740
7127546831760147240,这老头心真大,0,0,0,2022-08-03 15:22:49,来自浙江,50467866435,阿杭10
7127501092199809822,[捂脸][捂脸][捂脸]周瑜打黄盖，一个愿打一个愿挨呀。。。,0,0,0,2022-08-03 12:25:33,来自河北,104711980485,平平淡淡的帅哥
7127558651174421289,陈老头应当很有头脑，上这种当，岀借430万，不可思议！,0,0,0,2022-08-03 16:08:37,来自河南,3668449106593277,灵敏孔雀U6
7127461803340759842,实力雄厚,0,1,0,2022-08-03 09:52:49,来自湖北,110797544878,娜娜生活随记
7127508570324878114,牛逼呀,0,0,0,2022-08-03 12:54:07,来自江苏,51239283278,A落雨飞花
7127528086144828193,都不冤枉,0,0,0,2022-08-03 14:10:49,来自江苏,93126801541,不忘初心51696
7127547867149353732,不可能吧,1,1,0,2022-08-03 15:27:51,来自湖南,3123055387224456,分秒必争梦想q
7127567032606081826,厉害,0,0,0,2022-08-03 16:41:10,,101933342340,尘埃里的爱情
7127457551360312064,老头牛啊,0,0,0,2022-08-03 09:36:07,,5884565826,Sally吖33
7127502232362222344,土豪,0,0,0,2022-08-03 12:29:47,来自山东,2572494650752564,清香蜜茶勿语
7127516891102741248,还是有钱,0,0,0,2022-08-03 13:26:34,来自四川,2761609367535240,诗意豆花vY
7127537512419066662,哈哈,0,0,0,2022-08-03 14:47:12,来自浙江,2299831933995048,菲芸汐溪
7127517748586414851,有手段,0,0,0,2022-08-03 13:30:46,来自黑龙江,6671402573,美人鱼夺魂曲
7127503333149426470,有钱,1,0,0,2022-08-03 12:34:29,来自新疆,2800989810,沙漠胡杨23874388
7127426864968139550,冰山一角,0,1,0,2022-08-03 07:37:23,来自广西,2520532914537447,UL83906
7127428517792531241,真有钱,0,0,0,2022-08-03 07:43:28,来自江苏,2999066834769101,牙语中
7127447423119049503,不差钱儿,0,0,0,2022-08-03 08:57:45,来自吉林,1019945478270600,海岸
7127567713572455208,真有钱,0,0,0,2022-08-03 16:43:50,来自北京,71457283566,单纯星星DI
7127561163097326371,心的迷失,0,0,0,2022-08-03 16:18:31,来自河北,773692111464543,豁达奶茶Ot
7127524842706584327,厉害👍,0,0,0,2022-08-03 13:58:00,来自湖北,5918192995,5918192995
7127449123732833035,钱真好赚,0,0,0,2022-08-03 09:04:05,来自广西,71942666429,手机维修佬221
7127508433729372962,无欲则刚,0,0,0,2022-08-03 12:53:40,来自山西,50059420423,漫步者7654
7127509344333202188,真有钱啊,0,0,0,2022-08-03 12:57:29,来自黑龙江,6789515525,啊李的
7127450809373197091,求照,0,0,0,2022-08-03 09:09:58,来自北京,2669220030608779,多读书才有好名字
7127440454798574373,老年经济,0,0,0,2022-08-03 08:30:11,来自山东,101782919247,开朗糯米ZD
7127508568722506532,有钱人,0,0,0,2022-08-03 12:54:31,来自上海,4089803272896375,言午浪迹天涯
7127562153829696294,上车了吗,0,0,0,2022-08-03 16:23:11,来自上海,1129952121730028,Wang事
7127504887730176799,胆大包天,0,0,0,2022-08-03 12:40:11,来自福建,100260808669,风趣明月e
7127513169115300643,连环套！,0,1,0,2022-08-03 13:12:06,来自黑龙江,5747198379,CjWCHM
7127572108171068197,啥子,0,0,0,2022-08-03 17:01:19,来自江苏,1864372847383598,009夏
7127491484160869127,悲哀了,0,0,0,2022-08-03 11:48:08,来自上海,10117967367,那木棤669
7127493990920110886,哈哈哈,0,0,0,2022-08-03 11:58:04,来自河南,2959539457756899,西游砖家01
7127510142584800031,狗血剧情,0,0,0,2022-08-03 13:00:34,来自江苏,57418616573,此帅非同小可
7127512336806085409,几百万,0,0,0,2022-08-03 13:09:36,来自上海,140356626416653,喜洋洋12345678901
7127506554072744745,💰真好,0,0,0,2022-08-03 12:46:20,来自福建,6868516270,锦程磁砖加工小林
7127413158708560681,无语了,0,0,0,2022-08-03 06:43:58,来自云南,1437789822911035,一心一意小鱼t
7127549232780985122,老少通吃,0,0,0,2022-08-03 15:32:07,来自北京,109190459929,河南K哥
7127426313753248552,谁叫这男的起了花花肠子，被骗活该,0,0,0,2022-08-03 07:34:59,来自四川,2189872022165406,开心一刻3679
7127452459354145573,钱包被掏空，身体被掏空。,1,0,0,2022-08-03 09:16:57,来自河北,73353865613,后街大叔
7127468961805108002,打着结婚的骗子越来越多了,0,0,0,2022-08-03 10:20:27,来自广东,163200213990411,阿飞不忘初心
7127494837993472771,这女人头脑不清醒，都有一个儿子了，还不好好过日子😔，我要是遇到这样的老头子好好对他！,0,0,0,2022-08-03 12:01:29,来自浙江,58585090233,云云154586653
7127567748539958028,60多岁了还是恋爱脑，年龄相差这么大，大爷也不想想人家图什么吗,0,0,0,2022-08-03 16:44:23,来自天津,55824337397,坦荡的西柚1n
7127539347376833315,傻人为什么会有钱，我一直不明白。金钱再分配,0,1,0,2022-08-03 14:53:44,来自云南,1618919631106204,七七柒夏七七柒
7127458535071630092,这样的人不值得同情,0,0,0,2022-08-03 09:40:28,来自黑龙江,3812751444542372,乐天派说车
7127435721828549379,我一表弟00后也是沉迷深受其害。18岁开始迷上了，现在21岁。今年比较严重负债数万。每个月打赏给女主播数千元。工资基本玩完还乐在其中。智商堪忧。,0,0,0,2022-08-03 08:12:04,来自广东,2299807369277131,性感的青椒
7127454883757687589,想老牛吃嫩草，这就是代价[捂脸][捂脸][捂脸]走火入魔了,0,0,0,2022-08-03 09:26:21,来自海南,99216964291,多彩星辰Af
7127552661481915136,可怜之人必有可恨之处,0,0,0,2022-08-03 15:45:23,来自江西,3443276356006388,多才麻酱Jn
7127530759384204032,这个教训太深刻，网络骗子太可恶。,1,1,1,2022-08-03 14:20:23,来自河南,94544819740,桑田G
7127495055639905063,老头太花心上了骗子的当，怪谁？,0,0,0,2022-08-03 12:02:17,来自吉林,3430078597563598,安逸雪碧fT
7127507309127009063,可怜之人必有可恨之处，这个大爷不值得同情，几十岁的人了，难道一点分辨能力都没有吗？,0,0,0,2022-08-03 12:49:41,来自江苏,1732441926024775,魔心花怒放
7127511481079300899,都不值得同情,0,0,0,2022-08-03 13:05:23,来自湖北,111072128133,随性自由的饼干cF
7127483166474208000,可怜之人必有可恨之处，这个大爷不值得同情，几十岁的人了，难道一点分辨能力都没有吗？,0,3,0,2022-08-03 11:15:35,来自浙江,13672168408,手机用户蓝色的精灵
7127438297529320222,真丢男人的脸。,0,0,0,2022-08-03 08:21:42,来自北京,2603261360084318,wyl王仑
7127498157889602317,三十多岁的女人值430吗？没有歧视女性的意思，现在是价值社会，什么都要体现价值，提现投入和产出比。为了一个女人晚节不保值得吗？,0,0,0,2022-08-03 12:14:01,来自四川,70015315645,自我救赎之旅2
7127466004380353291,才罚45万，轻了,0,0,0,2022-08-03 10:09:36,来自广东,6541570247,一支梅化身
7127543239426458403,张某是男是女？,0,0,0,2022-08-03 15:08:45,来自河北,5808263794,庄里居士
7127388552409219875,64岁觊觎20多岁这不是找死更待何时！,0,4,0,2022-08-03 05:09:42,来自浙江,6119413843,黔城新贵
7127508156171158309,活了这么大岁数。结果活转去了。,0,0,0,2022-08-03 12:52:54,来自河北,5954576195,透过光阴看自己
7127487975675462415,二娃妈，跟陈大爷好好，也是生活无忧，偏偏又想要小白脸，这就是现实生活，二娃女，生活困难帮了她，她却找小白脸，女拳不出来吆喝吆喝，， [打脸],0,1,0,2022-08-03 11:34:09,来自江苏,1390205105604463,事实你以为只是你以为
7127562195021890311,90后也30多了，13年牢出来这辈子就差不多了,0,2,0,2022-08-03 16:22:57,来自湖北,241490079780443,开不了口的开不了口
7127526603969823523,大爷这智商需要大补,0,0,0,2022-08-03 14:04:14,来自湖南,52715850217,风之博主
7127577430570599179,千万别沾私生活不检点的人。这个乱，，，值得投入几百万吗？,0,0,0,2022-08-03 17:22:06,来自湖北,2727102990,智者先觉
7127435597924811528,可怜，但不值得同情！为老不尊，也是老天安排,0,0,0,2022-08-03 08:11:29,来自山东,3140924108,爽朗的紫气东来
7127570423340581632,钱痳都是身外之物，老头有钱她有资源，资源外有她的世界，报什么警，想就该付出。,0,0,0,2022-08-03 16:54:28,来自湖北,96668518539,聪慧云朵Oh
7127473576211071758,应该把全国各地的骗子全部拘留起来,0,0,0,2022-08-03 10:38:58,来自河南,69797594953,我的平顶山
7127534479409398566,骗子花样百出。被骗人傻乎乎的。,0,0,0,2022-08-03 14:35:41,来自四川,81308037184,秋雨之后的梧桐
7127475503980086029,一个好色，一个贪财，一对儿狼狈，只是浪费了公共资源，还要管他这破事。,0,0,0,2022-08-03 10:46:16,来自山东,52101609221,刘二呆
7127532652957582110,自己不自爱神仙也没办法啊！,0,0,0,2022-08-03 14:28:12,来自北京,54711542065,nana146227012
7127444862257087271,不值得同情,0,1,0,2022-08-03 08:47:32,来自北京,7011995761,elv1
7127538051790226210,大爷们警惕了，看好自己的钱袋子，现在的女主播，都在玩大爷[捂脸][捂脸][捂脸],0,0,0,2022-08-03 14:48:47,来自新疆,2770367033646696,梦幻沙滩TN
7127561033052668687,可怜之人必有可恨之处,0,1,0,2022-08-03 16:17:54,来自四川,1965555232553356,有望的
7127578615340188420,可怜之人必有可恨之处,0,0,0,2022-08-03 17:26:42,来自浙江,51851927837,冒牌男神2
7127491888747643689,神精病加十三点男人，六十开外的人还怎么执着，那个骗你的女人也还觉得害怕。,0,0,0,2022-08-03 11:49:26,来自上海,103530493567,愉悦的扑克oZ
7127522385229595426,连环骗[大笑],0,0,0,2022-08-03 13:47:49,来自上海,157962430591071,博学的海浪pv
7127504233443967759,都不是好人,0,0,0,2022-08-03 12:37:15,来自上海,1196721544891575,李家长公主
7127546961628070663,看过这篇文章后估计很多人都会一样的想法，老头活该，不过前后借给她总计四百多万有点另人难以置信。,0,0,0,2022-08-03 15:23:31,来自安徽,4408678586,e帆风顺40273403
7127493398546154280,丈夫玩失踪是有原因的,0,0,0,2022-08-03 11:55:16,来自湖南,267918740826339,用户无fa不忧伤
7127499370911761152,这种智商是怎么挣来的400万[发怒][发怒][发怒][发怒][捂脸][捂脸][捂脸],0,0,0,2022-08-03 12:18:24,来自四川,13688252518,武二郎CHC
7127442511588606751,老色鬼，就要让他付出代价！应该的！,0,0,0,2022-08-03 08:38:01,来自山东,50318810156,老永哥哥
7127443166910923553,你情我愿，愿打愿挨，老的不作死，小的没机会，这个社会都是各等各色人种组合出来的，没毛病，正常。,0,1,0,2022-08-03 08:40:56,来自江苏,99343670984,顽强原野Ej
7127528811574887208,可怜之人必有可恨之处！,0,0,0,2022-08-03 14:12:52,来自江西,2238233302810455,wxp7788
7127574826852172583,这个平台要不要赔钱呢？,0,0,0,2022-08-03 17:12:17,来自上海,105221384991,扬名不立万只管吃饱饭
7127566433252803328,这种人怎么有钱的,0,1,0,2022-08-03 16:38:58,来自陕西,63783261235,股道擒来
7127433295713190669,头条前十霸榜两个？上海真是卧虎藏龙之地啊[熊吉],0,0,0,2022-08-03 08:02:34,来自河南,109175759975,天涯太远时光太长
7127496516557701892,妻离子散…不是空巢呀？？！！,0,3,0,2022-08-03 12:07:53,来自山东,52685001341,流东的河
7127543145184822016,现在的社会风气搞坏了呀,0,0,0,2022-08-03 15:08:30,来自上海,1363820878764084,李老师
7127562243038069511,心术不正，必遭殃,0,0,0,2022-08-03 16:22:55,来自福建,110553812945,蓝色天空79010
7127493159801864997,老年痴呆了啊,0,0,0,2022-08-03 11:54:41,来自浙江,57344569507,知府大人7
7127509032780776199,烂尾楼都是诈骗！！,0,0,0,2022-08-03 12:56:26,来自河南,92457412113,三932
7127573838485160736,丢人丢到家了[凝视],0,0,0,2022-08-03 17:08:09,来自黑龙江,50073758496,OraseanO
7127575188782285582,三观碎一地～,0,1,0,2022-08-03 17:13:08,,52185826953,谁都不敢怼
7127445459492700936,苍蝇不叮无缝的蛋[哈欠],0,0,0,2022-08-03 08:49:43,来自黑龙江,53919058916,夏利超宝马
7127477364216759040,主播判了几年？,0,2,1,2022-08-03 10:53:03,来自广东,98762340464,时势造剩人时兴不造人
7127508859631371019,这骗子是一山还比一山高哈,0,0,0,2022-08-03 12:55:46,来自湖南,101269615475,112随风
7127494016131875598,两个奇葩。,0,1,0,2022-08-03 11:57:59,来自重庆,6059945759,秦77693372周晏
7127552012933808899,为啥要有打赏机制 搞出来那么多网络乞丐,0,1,0,2022-08-03 15:43:44,来自江苏,3891912086923956,腹黑77777
7127495755836785415,世间竟有这么不着调的人！[捂脸],0,0,0,2022-08-03 12:04:46,来自山东,111346169172,观自强不息
7127486657540408099,"理想主义者！
老男人感性起来，也很不管不顾！
到头来，不过是一场随遇难安！",0,0,0,2022-08-03 11:29:09,来自江苏,3267351376566046,做人要守住自己的底线
7127490562760573736,老家伙数学不好[大笑],0,0,0,2022-08-03 11:44:21,来自甘肃,25572845591,左闲郎归来了
7127518741722104613,可怜之人必可恨之处！[灵光一闪][发怒],0,0,0,2022-08-03 13:34:13,来自湖南,104890545496,松涛岩
7127442691356410638,两个奇葩,0,3,0,2022-08-03 08:38:47,来自广东,75885515663,平等的心113
7127488310997959436,老🐂想吃嫩草，是要付出代价的！[流泪][流泪][流泪][流泪][流泪][流泪][不看][不看][不看][不看][不看][不看],0,1,0,2022-08-03 11:36:15,来自湖南,12621105318,王柏17
7127464327640073000,渣男！,0,0,0,2022-08-03 10:02:27,来自上海,2757217615355687,智勇双全河流rJ
7127517224097268511,她从陈大爷诈骗所得，是必须要退还的，我问下，这样的状态你有什幺方法去退还，，，，,0,0,0,2022-08-03 13:28:24,来自江苏,88574587843,用户4896077927082
7127579625727345448,真的假的？一个这么有能力的男人会被人骗得如此糊涂？我与他年纪相仿，但我确信我绝不会被骗。,0,0,0,2022-08-03 17:30:10,来自广东,50098250574,手机用户50098250574
7127499448041358113,大爷真行！你知道自己姓什么吗。,0,0,0,2022-08-03 12:19:25,来自北京,4441681677794339,用户5767901444795
7127567783734444839,有意思。[呲牙][呲牙][呲牙],0,2,0,2022-08-03 16:44:31,来自江西,827302969880416,用户8737596984353
7127525889516061443,这个大爷我都为你点赞，就是不知道现在还硬撑得下去不？,0,0,0,2022-08-03 14:02:07,来自四川,61907723473,手机用户61907723473
7127575896470946594,这叫诈骗？明明是自愿的。,0,1,0,2022-08-03 17:15:32,来自山东,3764381481180782,用户3301991950332
7127496085630649124,我觉得认识，和同情是两码事，陈大爷不可能凭白无故的就给4百多万，他们俩肯定是住在一起了。,0,0,0,2022-08-03 12:05:56,来自河北,3034296641395383,用户3317483941429
7127502995650642695,🈶钱，愿意被骗。,0,0,0,2022-08-03 12:32:56,来自江苏,3122208850585694,用户4253730169188
7127438774740615977,有钱男人都这样。,0,0,0,2022-08-03 08:23:11,来自浙江,1077142942389256,正义凛然高山gM
7127503019583062814,色字头上一把刀,1,1,0,2022-08-03 12:32:57,来自江苏,101592110813,用户2315803966121
7127547554031797024,一物降一物[捂脸],0,0,0,2022-08-03 15:26:14,来自湖北,59036693717,手机用户59036693717
7127494136764334855,说法不对。单亲妈妈怎么还有丈夫？,0,0,0,2022-08-03 11:58:27,来自河南,102855397224,用户6477552859363
7127559818047062819,钱多任性[呲牙],0,0,0,2022-08-03 16:13:18,来自新疆,85772822983,用户2339577118059
7127558649538970406,都是因钱发狂，有钱用正道，无钱走正道。人心有正义才能正人生。,0,0,0,2022-08-03 16:09:24,来自浙江,3412512474670139,用户2531753411594
7127470180821369603,这个大爷真有钱啊！[呲牙][呲牙][呲牙][呲牙],0,9,1,2022-08-03 10:25:56,来自黑龙江,1855626894649597,用户5037871492072
7127503138164572969,主播没判刑吗？,0,0,0,2022-08-03 12:33:05,来自江西,4094208674900894,用户7528922606638
7127491434194305806,反正有钱，骗掉一点也不在乎，这是自己钻进去的，能怨谁呢？,0,0,0,2022-08-03 11:48:05,来自上海,3527648219773773,用户8624630952472
7127257017177539368,每个老人都有一颗年轻逸动的心,0,4,0,2022-08-02 20:38:00,来自浙江,2893514016832685,用户555950970784
7127498280653161252,六七十岁的人能照顾三十几岁的一辈了？,0,0,0,2022-08-03 12:14:40,来自江苏,78982744902,用户8287111161309
7127528977514267427,这样子还是可以收回二三百万，不错。,0,1,0,2022-08-03 14:13:38,来自江苏,52216417213,手机用户52216417213
7127518812035023651,为了一个洞老大爷也是蛮拼的[捂脸][捂脸],0,1,0,2022-08-03 13:34:00,来自河南,51741405564,用户4881315990158
7127256244037092111,大爷白活了,0,2,0,2022-08-02 20:34:57,来自四川,1332243089073788,用户5137132459018
7127518367783076647,这个看看这么熟悉！和四川乐山小李兄弟一个版本吧？,0,1,0,2022-08-03 13:33:01,来自四川,91824348602,用户9235670870296
7127577155550217000,老头好，老头有社保,0,0,0,2022-08-03 17:20:25,来自浙江,111185665737,用户8692488170741
7127553833525642024,搞笑，无语,0,0,0,2022-08-03 15:49:58,来自湖南,470182127207868,用户7944829786037
7127509584503227177,上海人才多,0,0,0,2022-08-03 12:58:03,来自广西,2774775815481101,用户9995869538750
7127499550889083683,色字头上一地刀，上年纪要自重。,0,0,0,2022-08-03 12:19:02,来自山东,59591246920,手机用户59591246920
7127503717977047822,陈大爷就是陈大爷,0,0,0,2022-08-03 12:35:40,来自安徽,55137373479,手机用户55137373479
7127499585396261640,有钱人的任性.,0,0,0,2022-08-03 12:19:45,来自广东,2365755476153851,用户2469602245573
7127579197073638155,万水千山总是情,0,0,0,2022-08-03 17:29:24,来自山东,4476819062929405,用户5939454337531
7127504069970789151,螳螂捕蝉黄雀在后,0,0,0,2022-08-03 12:36:58,来自贵州,2937510091294471,用户5082706087299
7127503115473617704,i义断一凡心冖,0,0,0,2022-08-03 12:33:04,来自湖北,102591348994,用户8556002128713
7127493609947611945,这跟狗和猫有什么区别？公猫和公狗就不管了！,0,0,0,2022-08-03 11:56:07,来自北京,61477584041,用户9988334229638
7127556866368455435,孩子怎么办？,0,0,0,2022-08-03 16:02:44,,104693978992,用户8132372842772
7127482496430375713,浪漫女，极其危险！,0,2,0,2022-08-03 11:13:45,来自山东,85333103535,用户85333103535
7127297932038095648,这就是现在网络平台带来的好处,0,0,0,2022-08-02 23:16:49,来自河北,536202410203389,用户6098957260244
7127448414895653635,大爷真有钱！[赞][赞][赞],0,0,0,2022-08-03 09:01:24,来自山东,3457311849324791,用户437901657184
7127539343241249571,男主播🐮,0,1,0,2022-08-03 14:53:40,来自江西,106229938025,用户4091619923646
7127462869708358439,真赚钱,0,0,0,2022-08-03 09:57:24,来自河北,107973861267,用户7409692781928
7127505549654213416,玩坏了,0,0,0,2022-08-03 12:42:22,来自山东,63710514873,用户561426734805
7127520666861028129,天生一对,0,2,0,2022-08-03 13:41:42,来自广东,141157179878611,用户1431143271226
7127541994813391651,有钱啊,0,0,0,2022-08-03 15:04:08,来自安徽,3839120096364855,用户5397743041303
