7124099026345362179,波兰很快将成为世界军工大国。,10,125,2,2022-07-25 08:24:42,来自浙江,1723662348590451,云外行走
7124098366988600103,波兰有扩张野心。,2,53,7,2022-07-25 08:22:28,来自山东,334679280991363,在下一老头
7124173753470436107,波兰和俄罗斯必有一战，拭目以待。,1,6,0,2022-07-25 13:14:10,来自北京,60883330316,创意人生228
7124098716302787361,俄罗斯死磕的是美国好不好。,5,17,10,2022-07-25 08:23:41,来自甘肃,92360367924,阿珍Xu
7124306459692811020,德波也是彼此不对付，有历史积怨的国家，虽说都是北约和欧盟成员，但都不会高兴对方扩军的，俄乌冲突打开了欧洲的潘多拉盒子，俄罗斯核武库压阵，他们都不敢直接与俄罗斯冲突，扩军备战的结果就是窝里斗，很可能搅和散北约和欧盟。,0,3,0,2022-07-25 21:48:57,,4184638133,ChinaRen35050906
7124143667555730210,越南曾自诩世界第三军事强国。,1,24,1,2022-07-25 11:16:48,来自澳大利亚,2014721466960648,进取白云间
7123872650841408297,欧洲没有自主的声音，导致世界乱局,0,36,0,2022-07-24 17:45:15,来自北京,1223101696443454,完美明镜0Us
7123984699126743815,他最好别忘记波兰曾经的历史教训！,2,116,2,2022-07-25 01:03:51,来自广东,104269947796,热闹明镜C8
7124099838488462095,波兰翼骑兵，波兰传统是陆军和现代军队的空军海军为主格格不入！就像二战波兰骑兵和坦克拼杀一样悲壮！,2,8,1,2022-07-25 08:26:56,来自浙江,110022729755,老弗拉基米尔
7123983622394544929,二战时波兰就已经证明一次它是宇宙第一强国，并让俄帮忙挖个大坑种了几万头，嘴里唸叨叨：挖个坑，埋点土，数个12345,5,140,7,2022-07-25 01:00:17,来自广东,51471593897,生存印记
7123998073428345600,二兰无国界，演员移交基辅后，波兰或占领乌西部分。,5,52,7,2022-07-25 01:55:49,来自北京,1275892435791536,有趣的苹果2M
7124154169589941000,又怀念当抹布的日子了！！,0,15,0,2022-07-25 11:57:51,来自云南,4889897270,大风654321
7123533582815380265,老美又發財了,12,462,26,2022-07-23 19:49:29,,3996426262,爸非達
7124146099828785928,夜郎自大，听过没[吐舌],0,9,0,2022-07-25 11:26:40,来自广东,1552128534148635,cross09288
7124271849613181730,波兰既然向乌克兰提供了自己生产的“蟹”式自行火炮，为什么又向韩国大量购买k-9自行火炮？,0,0,0,2022-07-25 19:34:09,来自内蒙古,6584696438,philosophorer
7124207907754754857,波兰这么有钱啊,0,0,0,2022-07-25 15:26:06,来自福建,6753227980,荧火虫1987
7123987531586519844,欧洲最强大的地面部队只有一个，俄罗斯,6,107,8,2022-07-25 01:14:48,来自北京,62222145890,春水一江东流去
7124097827470557988,想再次经历二战时期那个～,0,23,4,2022-07-25 08:19:37,来自上海,62334896383,库里卡拉古图扎旺
7123429596649194255,波兰对乌克兰也有想法了，主要看俄罗斯同不同意了。,70,1604,80,2022-07-23 13:05:53,来自福建,1909640125,軍27036328
7123430187542823719,闪击怕了,21,1145,26,2022-07-23 13:09:00,来自陕西,3250922135,没什么大不了260842646
7124216325597414156,波兰蠢蠢欲动,0,0,0,2022-07-25 15:59:42,来自河南,9537776962,实话不全说
7124245343356945187,然后波兰又没了,0,1,0,2022-07-25 17:51:24,来自湖北,59091838163,编号您零玖
7123423123206783780,如果波兰敢武力干涉乌克兰，或进入乌克兰，俄罗斯可以对外宣称某部队被波兰端了，直接对波兰进行特别军事行动。,67,820,93,2022-07-23 12:41:07,来自广东,50004944458,蓝田阿造
7124133720382161664,"关键是它有冇錢畀?
定單中500台海馬斯高机動火箭炮恐怕價值不菲吧?",1,0,0,2022-07-25 10:38:15,,800037693044813,土生土長愛國香港人
7123478666914661152,五百套海马斯，你确定@种花家的评论员,41,225,18,2022-07-23 16:17:12,来自湖南,55873236752,京城老徐
7123856112025404194,真敢买韩国武器[捂脸],2,0,0,2022-07-24 16:41:07,来自新疆,4731661469,向西600
7124192779710202657,波兰和瑞典加入北约，人家俄罗斯根本就没有在乎！！！,4,2,5,2022-07-25 14:28:17,来自山东,3237401854738679,凤琴Vlog
7124045751499817763,波兰国不大，野心可不小。,2,47,2,2022-07-25 04:59:44,来自北京,97109332671,砺009
7123474088651539235,要动手，波兰根本不是俄罗斯的对手。,6,12,0,2022-07-23 15:58:34,来自河北,99068120997,勇胜艰难面前勇者胜
7123525102108558094,北约利用波兰打掩护，实际可能是北约的战备,4,253,5,2022-07-23 19:16:49,来自江苏,70011775272,吉祥如意zzz
7123804940879430415,500套海马斯能装备500个连，确定没搞错？,1,3,0,2022-07-24 13:22:31,来自浙江,135954624153303,深蓝色hz
7124276822640280323,为什么西欧国家可以互相不设防？,2,1,0,2022-07-25 19:54:11,来自浙江,54604558391,率真饼干kd
7124113099732484900,那里的自信，羡慕,1,4,1,2022-07-25 09:18:42,来自新西兰,4190970880993604,Raymondwunz
7124157272774869772,波兰有在中东欧称霸的强烈野心。波兰在历史上曾经有过呼风唤雨的经历。但基本上都会给欧洲带来或大或小的腥风血雨。这一点德国人应该有不浅的体会吧。德国人怎么会放任波兰随意做大。,2,1,0,2022-07-25 12:10:10,来自甘肃,77778321356,有爱有故事卜罗密
7123437726359356193,波兰还蛮有钱的，买这么多武器,33,390,12,2022-07-23 13:38:15,来自江苏,100070701534,信心杜兰特
7124178230046982950,"波兰在美英的支持下，有能力领导俄罗斯周边国家组建一个新的联盟，不单可以对抗俄罗斯，而且可以敲打老欧洲。
这个设计与美英的全球战略相向而行。",1,13,0,2022-07-25 13:31:57,来自上海,1099930543332748,Lyk127
7123798733141574411,波兰要夺回自己以前的领土,1,1,0,2022-07-24 12:59:07,来自陕西,6042754857,longlong156783542
7123582588862284557,波兰是后怕了，之前怼俄怼的嘴上痛快，静下来后背有点发凉。,1,12,0,2022-07-23 23:00:13,来自浙江,5818857001,cshhq99
7123709652944257832,他们想干嘛钱多啊,1,4,1,2022-07-24 07:13:03,来自浙江,106746943029,用户布丁外婆
7123591289626559268,问题是波兰怎么突然富起来了，有这么多钱。,2,24,3,2022-07-23 23:34:19,来自广东,22980348245,舒伯特15
7123484049620501263,波兰是为了防备🇷🇺？还是为了🇺🇦的领土？,5,25,1,2022-07-23 16:37:27,来自北京,55136593230,乐观的书签h
7124234143580046080,乌克兰国防部长不是几个月前就公开发表言论说乌军力世界第二，意思是也就谦虚一下让让美国了。美国官方都不敢出来否认这一点，至今没有任何回应。哈哈哈，所以波兰国防部长的意思是说波兰军队现在连乌克兰都不如，还是说准备打败乌军来证明自己？,0,2,0,2022-07-25 17:08:15,来自湖北,77346715274,手机用户HEG
7123444404219577088,"明年交付恐怕来不及吧？
想的太乐观",1,84,12,2022-07-23 14:03:20,来自天津,276716862577646,想再去潮州
7123525946853983007,波兰挑衅俄罗斯下场比乌克兰要惨,1,7,0,2022-07-23 19:20:01,来自广东,107779653568,乐天派火车1F
7124155475964789538,波兰的军队人数增加了1.7倍！（40−15=25÷15=1.667倍）,3,2,0,2022-07-25 12:02:39,来自山东,1390242088095933,踏石致远
7124109071892448000,波兰想收复故土是肯定的，历史的周期率。德国想收复故土也是肯定的，历史周期率。俄罗斯想收复故土也是肯定的，历史周期率。德、波、俄，真正的三国杀，以波兰挑衅为始点，以波兰被瓜分为终点[抠鼻],0,10,0,2022-07-25 09:02:42,来自江苏,2031493166143901,水手6316
7123477389232833287,韩国的K2很好吗？,30,2,1,2022-07-23 16:11:45,来自上海,65970994908,RonnebyBoy
7123579901525000993,不等2030年交付，波兰就成俄兰了[灵光一闪],1,3,0,2022-07-23 22:49:56,来自河北,5760811360,快到我的紫金钵盂里来
7123464999456539406,波兰这是打算买这些武装送给乌克兰吧。关键是乌克兰能撑到那时候吗？[呲牙],6,29,8,2022-07-23 15:23:49,来自北京,73163555539,美国那点儿事
7124169890399404813,有这个想法是正常的，无可指责。这对德国是好消息，因为盾牌厚了。对美国是好消息，因为军火是刚需。对中国是好消息，因为经济发展才有军费。,2,1,0,2022-07-25 12:59:06,来自浙江,103417000216,伍公山上一棵树
7123574859648582436,波兰的经济发展还不错,1,2,0,2022-07-23 22:29:49,来自广东,3893144491,天涯任我逛
7123772887491805952,俄罗斯加油吧[祈祷][祈祷][祈祷],2,6,4,2022-07-24 11:17:57,来自广东,782450412502829,LYF20220422
7124013425100948259,德国和苏联互不侵犯，于是瓜分了最强大的波兰。,1,37,1,2022-07-25 02:57:46,来自广东,104236309064,有点慢10
7123532090926318343,美国的武器又挣钱了,4,7,1,2022-07-23 19:43:58,来自山东,6500324812,喜庆的湖泊r0
7123820020823982878,波兰只是针对俄罗斯吗？德国军费增加，早都大大的刺激到了波兰了。,1,3,1,2022-07-24 14:21:29,来自上海,66139850613,terlancetian
7124128953144738595,北约不是土耳其最牛逼,1,0,0,2022-07-25 10:19:17,来自福建,3905879372475712,阳
7124321861840388878,欧洲最强大的地面部队只有一个，俄罗斯,0,0,0,2022-07-25 22:49:05,来自四川,111643361521,快乐的圆月O3l
7123761623474701091,俄军的目标是要占领整个乌克兰，美国和波兰已经做好了波兰军队进入乌克兰西部控制的准备。俄军只要打到基辅，波兰军队必然进入乌克兰，那么等俄军拿下基辅继续向西推进的时候，俄军和波兰军队打起来是大概率的事情。,3,22,2,2022-07-24 10:34:14,来自浙江,99718075373,清溪泉流
7123721252942529314,俄罗斯加油吧[祈祷][祈祷][祈祷],2,18,7,2022-07-24 07:57:59,来自辽宁,108233210896,雷先森
7124162231671079687,想两肋插刀？？？,0,4,0,2022-07-25 12:28:55,来自广东,84959801698,可儿8827
7124096220053898019,蛤蟆长着吞月的心,0,11,0,2022-07-25 08:12:46,来自湖南,88828068017,醉雨菲烟
7124336997258314534,通货膨胀失控的背景下，这么搞欧洲很快就穷了。[打脸],0,0,0,2022-07-25 23:48:35,来自山东,63348002142,砍大山车大圈
7124096215436231456,北约最强的？强国土耳其？整个北约也就土耳其吧！,2,1,2,2022-07-25 08:13:54,来自江苏,4076590191095340,糟糕的名字
7124139662641922849,他是羡慕乌克兰的演员吃了好多援助款，到处买别墅，他非常想开战吃援助款。,0,16,0,2022-07-25 11:02:11,来自四川,57926513058,大漠长河1696288
7124293977410388739,叫声大的不咬人,0,0,0,2022-07-25 21:00:28,来自浙江,58067889087,Lily厦门
7123780311918019340,还蛮有钱的嘛[捂脸][捂脸],0,2,0,2022-07-24 11:47:47,来自江苏,3553218449902784,随缘lucky88
7123492392912749320,波兰已经看到，俄罗斯收拾完乌克兰，接下来就……,1,9,1,2022-07-23 17:09:41,来自上海,11687325525,金桥帅哥
7123677924624188198,波兰这样大规模的采购装备其实说明乌克兰看来快不行了，它得作准备了。如果说要跟俄罗斯一起瓜分乌克兰那还不至于，但肯定会像土耳其在叙利亚一样，一旦乌克兰崩溃，波军肯定会前出波乌边境，建立缓冲区，这点是毋庸置疑的。,0,13,2,2022-07-24 05:13:59,来自浙江,1530111708892324,铁血丹心7916
7124003884963611404,波兰入侵乌克兰已经开始了，现在有个别人还看不懂。,5,20,3,2022-07-25 02:23:05,来自河北,61558428547,鸣鸣世界
7124268337952998159,波兰一下子要买那么多武器，钱从哪儿来？,0,1,0,2022-07-25 19:20:31,来自荷兰,67668472430,代村理工男
7123763138222293767,没想到韩国的坦克这么牛逼，连欧洲的波兰都来购买韩国的坦克，还有他们的自行火炮也挺厉害的。而且这次波兰竟然购买了670辆韩国的k9自行火炮，这也太牛逼了。[捂脸][赞],0,7,1,2022-07-24 10:40:30,来自韩国,3087066273175495,唐伯虎xxxxx
7123444123768111908,为啥不买中国的,78,83,27,2022-07-23 14:03:11,来自重庆,6293740983,韩尚食佳
7123587981075612455,FA50不是韩国的飞机么,1,0,1,2022-07-23 23:21:31,来自北京,6180080918,胖子变形记
7124150116646159142,嗜土如命却又欺软怕硬！,0,23,0,2022-07-25 11:42:22,来自江苏,866841231626107,蓝天碧水白云万里
7124158622581670693,以前被苏年“捎”过吧，别忘了呀！,0,5,0,2022-07-25 12:15:11,来自辽宁,54573476607,用戸玉岐
7124131381193933583,俄乌战争的连锁反应。,0,23,0,2022-07-25 10:28:47,来自天津,1965526401426829,高冷铅笔R5
7124292332669059870,没有永远的赢家！,0,0,0,2022-07-25 20:54:03,来自辽宁,54872373229,金色年华145841647
7124113304771412773,只有自身强大才能保卫自己，一句老话，打铁还需自身硬。不能再有第二个乌克兰了。,0,29,0,2022-07-25 09:19:45,来自浙江,99407255471,天空是最美的风景
7124123968630178568,波兰想火中取栗侵略莫斯科吗？,1,1,3,2022-07-25 10:00:01,来自福建,11770128457,无战班长
7123535215527625485,"美国又笑死了[捂脸]，订单一来，美元再印多少无所谓，欧元💶也干下来了
拜登:乌克兰你只要坚持就好，东西我不会少你的，只有我的军伙卖出去，你才有份和我说话。。。。。",0,8,0,2022-07-23 19:56:05,来自广东,6749510853,林兴创投
7123449325543457573,波兰这是自寻短见！,0,115,11,2022-07-23 14:22:33,来自河北,99514789327,一往无前雪梨jN
7124068339924222751,波兰国不大，野心可不小。,0,10,1,2022-07-25 06:26:18,来自辽宁,108332667796,在水一方43925
7123887147790451491,波兰在历史上一直被德国和俄罗斯揍，现在也是一样,0,1,0,2022-07-24 18:41:30,来自河北,23240248720,胭脂它是化妆品
7123560861310583587,"1000台坦克，500套“海马斯”，48架战机，670门自行火炮！至少需要50,000个后勤军事人员做保障，还有配套的补给车、维修车、弹药车、指挥车……天哪，这是一笔天文数字",1,22,3,2022-07-23 21:35:10,来自云南,4228214705,小君36006241
7123600160667861799,韩国的军工这么厉害吗？,9,43,2,2022-07-24 00:10:23,来自辽宁,822061952402664,认真铁岭6W5
7123736526600684327,俄乌战场不是证明坦克没什么作用了吗？还订这么多，什么打法？,0,1,0,2022-07-24 08:57:39,来自辽宁,870410996426116,向阳开002
7124100055144923935,波兰能建欧洲最强军队？我是不信。,0,3,0,2022-07-25 08:28:06,来自河南,11982983662,Zxd55
7123483036943663913,波兰在备战。已经很明显了，老百姓都看出来了。。,0,20,0,2022-07-23 16:33:31,来自辽宁,65423229783,titanfeel
7124177070334493474,欧洲要扩军就扩吧，看看谁打谁，反正欧洲现在类似春秋时代，过几年成战国时代，小国太多了也麻烦，就看谁当上霸主。,0,2,0,2022-07-25 13:26:24,来自贵州,103480242293,kingtiger2018
7123444217871074085,二战前，乌西是波的，乌东是俄的，乌南是匈牙利的，中间三分之一是乌的，现在明白了吗，明年也许乌不存在了，司机是罪人，[奸笑][奸笑][奸笑][奸笑],11,124,17,2022-07-23 14:03:05,来自江苏,52299842533,聪颖轮船uI
7124094480206775075,大辉老师辛苦[玫瑰][撒花][啤酒][赞],0,8,1,2022-07-25 08:06:22,来自北京,66780748599,ljj57
7123484666132398882,波兰想趁机收回过去的领土野心不小！,0,46,6,2022-07-23 16:39:39,来自陕西,3625577858,超级歼20
7123452530759140132,韩国经济转型成功了！不能跟中国比拼卖手机电视机了。要卖就买军火，飞机坦克大炮军舰，还可以卖核电站。,9,58,9,2022-07-23 14:35:07,来自广东,78051672767,阮英杰2
7123790019546202880,波兰想趁机收回过去的领土野心不小！,0,1,0,2022-07-24 12:24:32,来自陕西,4477637496941563,跳舞使人健康快乐
7124140272346284833,对波兰的还存在，感到十分困惑！,0,10,0,2022-07-25 11:04:13,来自广东,65793961071,运筹帷幄叶子ko
7123779734403580687,韩国人，先付款后交货！,0,12,0,2022-07-24 11:44:28,来自重庆,81582358984,尺寸12436
7123479913189573406,没想到韩国的武器出口挺嚣张,7,32,7,2022-07-23 16:21:49,来自安徽,56711254352,弓藏鸟未尽
7123475284921811751,波兰应该是和乌克兰差不多的体量，难道想正面硬杠俄罗斯？俄罗斯和波兰真的是要打起来，北约其他国家绝对不会出手，因为第三次世界大战等于共同毁灭，没有哪个国家会为了其他的国家冒这么大的风险,3,33,9,2022-07-23 16:04:06,来自新疆,5983144664,大路不平有人踩666
7123447913833284392,防人之心不可无。,0,87,4,2022-07-23 14:17:07,来自海南,55991121946,吉家凡
7124072889464144681,看到波兰现在的表演，终于理解二战时，为啥他第一个被干掉了——而且是被两个大国合力干掉了。,0,20,0,2022-07-25 06:42:25,来自黑龙江,53196116726123,登高需望远
7123573752252105472,关键是谁卖的、从谁那儿买的？,0,4,0,2022-07-23 22:25:19,来自新疆,55006642565,小满—芒种
7124110812460991246,"对！
德国要拿下波兰西部！东扩嘛",0,10,1,2022-07-25 09:09:41,来自北京,1785212273959582,源头世桓歌
7123953630159454976,买韩国的？？？百思不得其解[捂脸],0,0,0,2022-07-24 22:59:27,来自天津,83378744778,唯一唯奕284
7123465544049165096,这也许是波兰通过北约众筹，把所购军事装备支援乌克兰。也不是不可能喲！,3,35,4,2022-07-23 15:25:33,来自江苏,69319138113,清闲的柳叶aL
7123692817985307396,波兰有这财力吗……,0,2,0,2022-07-24 06:09:37,来自北京,23280116253,陌客198016
7123808814293910287,好战必亡，有的人好了伤疤忘了疼！,0,2,0,2022-07-24 13:37:35,来自北京,61566036321,"巴山夜雨
"
7123949713804149518,波兰:我想加入俄罗斯，当个运输部的部长，不行吗？,0,1,0,2022-07-24 22:44:51,来自湖北,59906025212,江显霆钰
7123604227405923104,韩国坦克很牛吗 科普一下,1,0,1,2022-07-24 00:26:18,来自广东,23731847652,酷玩vr体验馆
7123465130750296843,韩国是亚洲版的乌克兰 两个兄弟互相帮衬,2,21,5,2022-07-23 15:24:25,来自湖北,536173262941022,臻品绿松石
7123757675380900645,该不会迎合韩国加入北约的一出戏？,0,1,0,2022-07-24 10:18:41,来自广东,92333252452,种花家的小毛驴
7123668156476179203,波兰觉得便宜不能只让乌克兰赚，它也要成为主战场,0,3,1,2022-07-24 04:38:56,来自江苏,94568103012,苒了半生
7124115534174225186,北约国家，军队多的应该是土耳其,0,2,0,2022-07-25 09:27:57,来自天津,75756119625,尺水微澜
7123772451284534024,连战略纵深都没有，这是想出动装甲集团军群一波流？可是右边的邻居有十几个呀[灵光一闪],0,0,0,2022-07-24 11:16:55,来自广东,254681325767720,四斋蒸鲨
7123731579243250467,波兰是北约东部战场的桥头堡，承担阻击俄罗斯第一波进攻的重任，一直都部署了重兵，加强装备很正常，这不是一个波兰自己说了算的事儿,0,4,1,2022-07-24 08:37:57,来自北京,5405259664,我喝无糖可乐
7123468872187036430,波兰曾经也是欧洲的陆军强国，在今天这个大变革的时代，中国要复兴、印度想复兴、土耳其想复兴、伊朗想复兴，就不给波兰有复兴的野心？,0,34,2,2022-07-23 15:38:53,来自江苏,435030451553229,璀璨的历史星河
7123448145840800543,波兰人的数学非常好，逻辑思维很强，所以肯定比你我看得远。,0,31,4,2022-07-23 14:18:12,来自浙江,8935796824,三江一壶茶xsfG
7123471090978308902,波兰买这么多坦克，这是打算用来给老百姓耕地吗？,1,9,3,2022-07-23 15:47:43,来自广东,3123089707124407,自在可乐6L9
7123751435921490721,又可以看波兰表演了,0,1,0,2022-07-24 09:54:23,来自上海,4728936938,极度犯2的摩羯
7124268100555948834,波兰35万平方公里领土，3000多万人口，又是北约欧盟双成员国。近十年来GDP连年大幅攀升，经济实力大增。对乌克兰启示很大。,0,1,0,2022-07-25 19:19:47,来自广东,109290809358,金钓竿儿
7123589420120818467,家有不讲武德的强邻，不得不防啊！,0,3,0,2022-07-23 23:26:38,来自湖南,100326952980,乐天派欧公仙翁
7124166828125143839,终于知道希特勒当年为什么要闪电灭了波兰，原来是没开窍。[大笑],0,6,0,2022-07-25 12:47:07,来自云南,879201348748340,沉着书签jx
7123450689288143623,因为波兰也想分一杯羹！,0,27,2,2022-07-23 14:28:00,来自福建,109721204856,鼓浪gula
7123756983534338852,波兰准备干俄罗斯了,0,1,0,2022-07-24 10:15:53,来自浙江,6480183739,豪云123
7123465971063079695,如果俄罗斯和北约真的开战，那么第一个被瓜分的肯定还是波兰,5,69,16,2022-07-23 15:27:20,来自广西,4046730639,中青世纪商旅
7124148392540242720,刚赶走了只乌鸡，又来只波猫，这不成心让熊不得消停啊,0,2,0,2022-07-25 11:36:07,来自广东,77542345892,想到月亮走一走
7123553972447265566,生意做得不错， 性价比也高 。,0,7,1,2022-07-23 21:08:50,来自吉林,70819374433934,诚实的铅笔
7124220502924657443,愿世界和平,0,0,0,2022-07-25 16:15:12,来自山东,83397631197,计划生育80后
7124156934617973545,波兰是想占乌克兰些地盘,0,3,0,2022-07-25 12:08:22,来自上海,54610093751,Tim7879
7124301016518312734,波兰还没好好吸取历史教训，这是想做啥呢,0,1,0,2022-07-25 21:27:39,来自山西,4301712660633311,聪明帆船HM
7123716510115250944,500套海马斯？你确定吗？美军都没有装备这么多！,0,2,0,2022-07-24 07:39:26,来自甘肃,4861852198,HI-Tecpoint
7123573069876462351,以色列更无纵深，却笑傲江湖中东,0,4,0,2022-07-23 22:22:36,来自广西,11010007888,天香台阁
7123732910984725263,韩国武器装备真的那么历害了？,0,0,0,2022-07-24 08:42:54,来自河北,54659071863,正义凛然蜻蜓QP
7123768168052867851,这么军备，起码1000亿美金以上，波兰有这个能力吗？,0,0,0,2022-07-24 11:00:31,来自湖南,58564586928,湘野小马哥
7124070807449797390,再怎么強大的欧洲有俄罗斯強，大，吗❓况且欧洲国家，那家又不为自己固有利益考虑呢❓内部的分裂，不团结又能有多強大呢❓❗,0,6,0,2022-07-25 06:35:15,来自湖北,101954729517,聪明露珠xu
7123521153742160647,摆明了是对付俄罗斯的!,0,1,0,2022-07-23 19:01:45,来自山东,99257907439,20中国20
7124070951079822119,历史波兰被抹掉三次不是没有原因的!,0,11,0,2022-07-25 06:36:53,来自贵州,63162989365,逃虚子
7123467420114961152,波兰这么有钱的嘛 这么多坦克买来咋的还想征服俄罗斯去啊,0,11,3,2022-07-23 15:32:43,来自山西,65340452968,老奶奶看世界
7123445219651420960,"有野心，然后有想法，见行动就不奇怪啦！
最后就看行动能不能支撑起野心了。",0,11,3,2022-07-23 14:07:23,来自安徽,5836189360,灵津渡摄影
7123872489951806208,供应链的破坏才是造成饥荒的主要因素,0,3,0,2022-07-24 17:44:31,来自北京,3051865365816702,6977663
7124194091545920297,想起啦：我又跳进去了，唉呀！我又跳出来了，打我啊……,0,2,0,2022-07-25 14:32:49,来自辽宁,62120850643,星辰大海3326
7124329215050171151,埃尔多安，我呢？？？[大笑][大笑][大笑],0,1,0,2022-07-25 23:17:06,来自云南,57255974105,布衣逸士李园园
7123454355852018463,500套海马斯可不得了，100套足以火力覆盖俄军斯全境了，500套是要征服世界吗？,7,51,7,2022-07-23 14:42:03,来自广西,108172506046,小胖子4122
7124161426066899727,二战的时候炮灰最惨国家之一,0,1,0,2022-07-25 12:25:32,来自广东,100873360558,MrTom355
7123473413678940968,你们别忘了，一战，二战都是围绕欧洲打的，欧洲搞个欧盟就想经济统一，搞个北约就想武装统一，简直是做梦，一战二战死几千万人都没完成的目标，搞个组织就能完成吗？,0,12,5,2022-07-23 15:55:58,来自四川,4478944866,黑铁单身狗
7123440579534914307,波蘭是想螳螂捕蟬 黃雀在後 ？俄羅斯警惕波蘭 ，[赞][点亮平安灯][比心],0,23,4,2022-07-23 13:49:22,来自江苏,3540867577021592,阳光Py
7123579150597980961,人家豪，有钱，横着买,0,0,0,2022-07-23 22:46:54,来自北京,3122252539763035,白云杂文化
7123669032762409743,波兰对乌克兰也有想法了，主要看俄罗斯同不同意了。,0,3,1,2022-07-24 04:38:48,来自湖北,111149101640,花姐大姐大
7123527791907193632,俄罗斯和乌克兰是分家的兄弟 不会下死手 和波兰可是世仇,0,9,0,2022-07-23 19:27:26,来自河北,58538083600,悠闲淘淘008
7123525833314714383,波兰向美韩纳投名状。,0,11,1,2022-07-23 19:19:31,来自广东,108824952448,正大光明扑克4
7123499213572817668,波兰不会想跟俄国开战吧？不然购进这么多坦克和飞机干什么？打一个乌克兰用得着吗？,0,6,3,2022-07-23 17:37:05,来自山西,59142419972,潇洒好学溪水w7
7123740711865844494,波兰对乌克兰也有想法了，主要看俄罗斯同不同意了。,0,4,0,2022-07-24 09:13:23,来自北京,64095563644,兔妈妈927
7123575667316572958,波兰想让乌克兰享受39年自己的待遇,0,7,1,2022-07-23 22:33:07,来自四川,5431774927,西川飞蛇
7124183036148597504,没记错的话，被闪电战攻下的国家是叫波兰吧,0,1,0,2022-07-25 13:49:34,来自广东,60680038602,白驹过隙MT
7123707106188067599,看到了俄乌战争的久拖不决，常规武器在现代战争中还是大有作为。,0,1,0,2022-07-24 07:03:10,来自辽宁,106225168885,六层过滤
7123448621974192911,越来越精彩了,0,17,2,2022-07-23 14:19:48,来自贵州,99621705414,贵州汉三
7123759156188037900,如果俄国人占领乌克兰，波兰就成北约抗俄前沿，这是北约假借波兰之手，提前做好军事冲突的准备,0,1,0,2022-07-24 10:24:20,来自贵州,63770301086,自称鸡王从未吃鸡
7124085224505901824,还是俄大使说的好，不少人把期望当事实，自嗨。,0,8,0,2022-07-25 07:30:17,来自湖北,105319359416,钟表日历
7124187107584901926,波兰领土排名欧洲前3也是大国的,0,0,0,2022-07-25 14:06:10,来自广西,92888684048,牧云亭
7123740021274247966,韩国为何这段时间对中国这么强硬，原来有大单可拿。,0,1,0,2022-07-24 09:11:04,来自河南,1763256894504484,儒雅星空EW
7123533524376404768,没想到韩国的武器出口挺嚣张。,0,4,2,2022-07-23 19:50:14,来自北京,844892832274223,乐天派费伊6
7124041352404910879,世界上有些小国野心都不小，历史上都有前科。,0,7,0,2022-07-25 04:45:39,来自山东,106015822214,智者钢琴wz
7124281089233142560,如果俄罗斯占领区域越过第聂伯河，估计波兰会大规模入场，决战境外,0,0,0,2022-07-25 20:10:46,来自江苏,71947086715,枚文心9w
7123463991015621384,哈哈，好胆气。,0,10,2,2022-07-23 15:19:57,来自山东,50676292757,家有儿女要高考
7123459203905307399,害怕再次被闪击,0,6,1,2022-07-23 15:01:00,来自北京,111124225135,炒股养花
7123739345672340228,坦克兵在战场死亡率最高了,0,1,0,2022-07-24 09:08:46,来自河南,85966545772,才思敏捷的笑看江湖
7123439027944686343,波兰不害怕能买吗[我想静静],1,10,4,2022-07-23 13:43:08,来自辽宁,870446935836616,老虎聊球
7123791831674487592,波兰已经看到，俄罗斯收拾完乌克兰，接下来就……,0,2,0,2022-07-24 12:31:39,来自山西,4451058385,Mawenlin88
7123576471633085199,怎么感觉波兰像是在垂死挣扎呢！,0,7,1,2022-07-23 22:35:44,来自吉林,15087941643,迎风利刃
7123508043337958181,波兰为了自保，也只好牺牲经济了。,0,6,0,2022-07-23 18:11:14,来自浙江,54890414184,铁血菜叶
7124290174095426319,军火生意兴隆，财源滚滚。可波兰财政承受的住不？,0,0,0,2022-07-25 20:45:07,来自湖南,4020238177273079,天高任鸟飞
7123752032003359527,看样子俄罗斯要加紧生产察打无人机了。,0,2,0,2022-07-24 09:56:39,来自云南,110779214211,积极的青山M8
7124141812427899688,最强大的不是乌克兰吗？又来了一个最强大的？,0,2,0,2022-07-25 11:09:37,来自安徽,50016282608,种灵芝的五阿哥
7123826462771708713,美国🇺🇸又大赚一笔,0,1,0,2022-07-24 14:46:04,来自广东,105079303591,东芝先生
7123795026718835471,波兰这是要闪击德国和俄罗斯的节奏吗,0,2,0,2022-07-24 12:43:53,来自山东,3552759209,我的嘉旅梦
7123453624562696972,波兰是发达国家，有钱。,0,2,1,2022-07-23 14:40:04,来自河北,106606735970,半遮琵笆
7123587882413572905,买在多武器遇到俄罗斯都归零！,0,5,0,2022-07-23 23:20:27,来自湖北,15405589951,酒海听涛
7124206229266137892,我是波兰我也阔军，不为自己也要看看波罗的海三国,0,0,0,2022-07-25 15:20:17,来自江西,6577260686,拉丁96990706
7124189882511442728,哥白尼和居里夫人的过度!顶一个,0,2,0,2022-07-25 14:16:20,来自上海,3371202637,hiddenbeing
7123454705396826891,估计都成了战利品,0,12,4,2022-07-23 14:44:07,来自湖北,373478113164308,昔年书轩
7123568690134041359,阿琼坦克物美价廉，光辉战斗机一架顶2架,0,6,0,2022-07-23 22:05:37,来自山东,93141422382,峰的飞起
7124143620751442691,波兰政府对利沃夫的野心，昭然若揭，已经摆在明面上了。,0,2,0,2022-07-25 11:17:20,来自上海,1187084956870743,欢欢小熊和巴斗
7124155826897601294,波兰要时刻学习自家历史[泪奔],0,2,0,2022-07-25 12:04:10,来自河北,106491293269,武汉行者孙
7123601339099874055,表明波兰没考虑核战，或有了思想准备。历史上被灭过国，在西方的扶持下恢复了，所以敢这么做，好歹有整个北约。,0,1,0,2022-07-24 00:14:36,来自内蒙古,59634125082,石头哥aopensjq
7123453277169238814,按第二次世界大战的爆发表来看，第三次大战就差波兰了！,0,5,1,2022-07-23 14:38:01,来自河北,60836738999,正大光明的一滴水滴
7123471006181950208,野心勃勃，扩军备战吧！,0,2,1,2022-07-23 15:46:38,来自河北,104996294938,博学多才的豆花jG
7123576064609895209,一个没有纵深的小国家，如果武器不是领先对手一代，再以防守为目标的话，武器再多，在对方闪击下也是灭国，除非主动出击，所以俄要小心波兰。,0,3,1,2022-07-23 22:34:24,来自甘肃,103379203454,开着坦克放羊
7124161786475660036,总人口都没多少，能壮大到哪里去？,0,1,0,2022-07-25 12:27:59,来自广西,1499388741158787,汇江爱弹琴
7123579016828896040,波兰每次都是最跳，结果最惨[泪奔],0,0,0,2022-07-23 22:45:40,来自重庆,628521619432477,无聊的棋局
7124184544878052108,感觉波兰领导人爱玩火，对不？,0,0,0,2022-07-25 13:56:26,来自福建,54348541264,奇妙蛋糕le
7124043891879822116,波兰与俄罗斯有世代血海深仇？,0,0,0,2022-07-25 04:54:07,来自辽宁,86138002873,虎说八道888
7124291129818350336,曾经波兰也以为自己有一只超过100万规模的强大陆军,0,0,0,2022-07-25 20:48:56,来自四川,5664776654,天天无偿加班
7124166209507394340,土耳其会答应？,0,2,0,2022-07-25 12:44:45,来自陕西,60509908488,楠霸天999
7123894615157293861,在斯拉夫人土地上俄罗斯人会保持克制使用常规武器，但波兰波罗的海三小芬兰对俄罗斯来说都是敌国，正好核平了作为缓冲带,0,0,0,2022-07-24 19:10:55,来自浙江,3029880099579051,中原漂的湖南人
7124177857987117839,我好像又看到了第二个乌克兰咯[奸笑],0,1,1,2022-07-25 13:29:35,来自贵州,13482135885,夜郎国邹治武
7123608751399502628,小小波兰买的起那么多吗？不过买来也没用了，2030年交付黄花菜都凉了，因为那时比这些武器先进的多的装备都出来了,0,1,0,2022-07-24 00:44:47,来自上海,101468491033,o年轻人不讲武德o
7123736003709715213,如果真的是这个量，波兰想要的就不是乌克兰，而是“核平”了,0,1,0,2022-07-24 08:55:02,来自河南,94718733995,重出江湖ytlq
7124264989677912867,问问德国当年进攻波兰花了多少时间,0,1,0,2022-07-25 19:07:35,来自上海,104261165214,19631980
7123575742767891239,波兰内心毫无波兰[狗头],0,0,0,2022-07-23 22:33:41,来自江苏,88227413090,别假装不看我
7123730296466031373,主要是想在瓜分乌克兰领土时分到一杯羹！,0,2,1,2022-07-24 08:33:34,来自辽宁,6765003570,陈庚子
7123911737048941352,500套海马斯？？？能不能严谨点？,0,0,0,2022-07-24 20:16:55,来自山西,64789863840,Duck丨不必
7123950071125213967,波兰确实害怕了，不过买再多武器也没用，核一下就全部报销了,0,0,0,2022-07-24 22:45:41,来自江苏,690111650474200,乖巧喜鹊V2
7124171074081850123,凄惨的历史反复证明其不作不死啊,0,3,0,2022-07-25 13:03:48,来自黑龙江,6550002757,工程师艾伦
7123697352413790979,美国的武器销售目的在欧洲地区实现了，此前从中东地区发财，后来在亚洲某些国家做生意，美国霸道世界的地位又坐稳了。,0,2,0,2022-07-24 06:26:47,来自浙江,62673887620,佛国香民缪言要道
7123487359337284387,历史上的波兰[思考],0,6,0,2022-07-23 16:50:09,来自内蒙古,94811823870,365zzj
7124138203158168358,大不等于强吧，是否该有人帮波兰回忆一下挥着马刀冲向德军坦克的场面,0,1,0,2022-07-25 10:56:37,来自上海,1855601623441869,难得无聊2
7124239062558311209,当年的德国就专打第一军事强国。,0,0,0,2022-07-25 17:27:00,来自四川,104123965202,一心一意画板YD
7123783253491991329,波兰忘记了2战期间是几个小时内被灭亡的？,0,1,0,2022-07-24 11:58:59,来自吉林,51164560265,埃菲尔铁塔下的黑玫瑰
7124102093064946447,军火生意兴隆，财源滚滚。可波兰财政承受的住不？,0,2,0,2022-07-25 08:35:34,来自四川,5396015554,酷琪爹
7124132385775649576,看他宣布这样的消息，突然想到二战时期波兰的下场，让我忍不住，哈哈哈[捂脸][捂脸][捂脸],0,2,0,2022-07-25 10:32:38,来自辽宁,78171124134,满毅4
7124161344378946337,波兰面临的威胁是看得见莫得着啊？所以扩军备战随时打万万不能有丝毫大意，穷兵黩武才能避免被动挨打了。[我想静静][我想静静][我想静静][赞][赞][赞],0,1,0,2022-07-25 12:26:02,来自浙江,103527103807,魔法面条L6
7124173610641802025,二战时才最强大,0,2,0,2022-07-25 13:13:02,来自福建,2018328149240151,蓝黑北看台1908
7124095316206519043,历史上胜利战争绝大多数都是以弱胜强。,0,1,1,2022-07-25 08:10:18,来自江西,2890302156,胡子大脸
7123424484988027686,波兰不会想跟俄国开战吧？不然购进这么多坦克和飞机干什么？打一个乌克兰用得着吗？,7,81,12,2022-07-23 12:46:46,来自美国,106545572074,碧水芙蕖
7123938452802192167,你不让别人买 你又想干什么,0,0,0,2022-07-24 22:01:09,来自湖北,93189108189,寒浞
7123607062810723080,想象一下：是这样，俄乌打得差不多了，波兰想把在乌原来的地夺回，俄不让，于是双方干了起来，这不，买好武器备用先。,0,0,0,2022-07-24 00:38:13,来自广东,3962291354613307,明心智信
7124244678119047949,欧洲的繁荣，欧洲人的富裕生活都是靠低军费发展起来的。现在波兰人想清楚，挤出一些黄油换大炮。,0,0,0,2022-07-25 17:49:11,来自上海,2194227503331316,率真轮船4y嘉州布衣
7124199330609333005,我大波波要建全欧洲第一的军事强国，我和我的人民已经准备好了，就差钱了！[捂脸],0,1,0,2022-07-25 14:53:53,来自江苏,93071127265,Alexs999
7124177740248744740,法国：当我不存在？？？,0,1,0,2022-07-25 13:29:33,来自山东,85037286636,鸭梨本来就是梨
7123597830261850920,波兰想趁这次乌克兰危机，将历史上丢失的领土要回去。为此他们准备不惜打一场战争，这些武器是为这场即将到来的战争作准备。,0,0,0,2022-07-23 23:59:19,来自广东,6864343809,錦皮蓢
7123684515012494083,海马斯与中国射距400公里的火炮对攻一下会怎样？,0,1,0,2022-07-24 05:38:16,来自广东,2471320827210363,积极的荷叶Ew
7124282764912034573,历史上波兰人从来就没赢过，只有被瓜分的份,0,1,0,2022-07-25 20:16:48,来自吉林,91818008590,刘兴凯486
7124108008455619332,波兰历史上几次备灭国，从不回头是岸。,0,2,0,2022-07-25 08:59:14,来自四川,85577882472,H1963x0408001
7124247456099205899,好啊，欧洲都在备战。,0,0,0,2022-07-25 18:00:26,来自海南,99734233273,冷眼听风雪
7123941222548472607,波兰购买这么多装备都是用现金吗？,0,0,0,2022-07-24 22:11:26,来自黑龙江,4160982925196231,不凡精灵31
7123798483584303904,整个欧洲加起来也没有这么多主战坦克。,0,1,0,2022-07-24 12:57:57,来自江苏,5751196521,pc520
7123445240727339787,流程应该是这样的，波兰出面买，然后再转手给乌克兰，钱最后用美国从400亿美元的援助款买单[捂脸][捂脸],0,17,2,2022-07-23 14:07:07,来自浙江,3865486035265083,奋发柑桔g9
7123786625578451750,准备转送装备了,0,0,0,2022-07-24 12:12:26,来自江苏,58215523325,看看世间和时间
7123865699348464396,那么有钱？,0,0,0,2022-07-24 17:18:48,来自陕西,84703740173,国医136
7123896553810707200,波兰准备转移100套海马斯给乌克兰,0,0,0,2022-07-24 19:17:56,来自广东,13380462161,不知道注册什么名字了
7124167440141370146,波兰志存高远想做欧洲的盟主,0,1,0,2022-07-25 12:49:03,来自广西,54942175641,怀瑜握瑾999
7123561474953593638,FA50做教练机还可以，做战斗机是不合格的。,0,2,0,2022-07-23 21:38:05,来自北京,1996308078668344,海不扬波C
7124324168996553487,打了个冷颤的未必是俄罗斯，也许是德国或乌克兰！,0,0,0,2022-07-25 22:57:31,来自山西,57466659589,Userok
7124246792170078989,没有核武器再强大也是摆设,0,0,0,2022-07-25 17:57:28,来自广东,109581506195003,潇洒精灵tu
7123441003616453380,野心太大！,0,13,3,2022-07-23 13:51:03,来自山东,98886257597,花香1570
7123978051130131215,那还不是被俄罗斯吓的,0,0,0,2022-07-25 00:35:56,来自福建,4284720646,极速火车88F
7123589925894898435,关键是钱从哪里来？,0,1,0,2022-07-23 23:29:24,来自重庆,50358881116,重庆藏华堂藏药
7124118717923001095,二战前，波兰也觉得自己很牛逼啊，放眼望去，周围的国家都不是对手。。。,0,1,0,2022-07-25 09:39:35,来自河北,96124403694,秋天的老海
7123577291158373159,孙子兵法里的趁火打劫。,0,1,0,2022-07-23 22:39:46,来自河北,5368461368,高山流水52175870
7123830420659421982,已加入北约[灵光一闪][灵光一闪][灵光一闪],0,1,0,2022-07-24 15:01:53,来自广东,3003459756624356,极速喜鹊OQ
7124299768767480583,这是喝了多少,0,0,0,2022-07-25 21:22:49,来自河南,1560962397114919,沉着叶子wf
7123753966722728745,常规武器越多越危险⚠️,0,0,0,2022-07-24 10:04:15,来自浙江,3400119198695245,舞动伊迪4L1
7123788077679510287,难道也要模仿德国的闪击战？,0,0,0,2022-07-24 12:16:56,来自江苏,3456462981437452,加墨才是山水
7123765208149082914,建议先买天然气，不然冬天过不去，还有明年什么事儿？,0,1,0,2022-07-24 10:48:08,来自江苏,8051837491,齐天大圣999999
7123788184052007710,韩国的军舰制造水平还可以，没有听说过坦克厉害？,0,0,0,2022-07-24 12:18:00,来自四川,68112905847,怕惹事的人
7123787857881776932,波兰这是想瓜分乌克兰的节奏！,0,0,0,2022-07-24 12:16:45,来自浙江,1956754660012286,淡泊落叶之秋
7124240478018683678,波兰用什么经济养军队,0,0,0,2022-07-25 17:32:50,来自广东,4457239420,Tim41182996
7124103970767389447,不算俄罗斯，欧洲目前最强大的应该是土耳其吧?,0,1,0,2022-07-25 08:43:28,来自新疆,6711335271,牛转乾坤开鸿运
7123755732964541224,波兰要吞并乌克兰西部,0,0,0,2022-07-24 10:11:01,来自广东,51935702384,逍遥游20161114
7123727301980341029,波兰准备来年再送给俄罗斯,0,0,0,2022-07-24 08:22:01,来自宁夏,2985869000067831,懒洋洋的阳光
7124086220258902788,波兰小吗？,0,0,0,2022-07-25 07:35:29,来自陕西,77749313315,四眼儿黑猫
7123525448654390024,海马斯对修整后的俄罗斯没用，俄罗斯吃亏在攻击无人机数量上，有足够攻击无人机，这些个大块头打不出第二发火箭弹，反而会葬身火海,0,1,0,2022-07-23 19:18:12,来自广东,107779653568,乐天派火车1F
7123786382128104203,波兰在欧洲是大国，不是小国,0,0,0,2022-07-24 12:11:05,来自贵州,100673345589,好学梦想家8M
7123728737275151107,韩国这单风险很大啊，波兰能不能撑到2030年是个大问题[尬笑][尬笑][尬笑],0,0,0,2022-07-24 08:27:44,来自江苏,105537727223,好名字让别人用完了
7123453103743468321,这是送给普京大帝的吗？,0,12,5,2022-07-23 14:38:08,来自广东,5727311351,硬派偏执狂
7124101301084406562,乌克兰倒了，波兰就顶上的节奏。,0,0,0,2022-07-25 08:32:43,来自浙江,5783518420,70年代90后
7124159909906088735,法国坐不住了……,0,2,0,2022-07-25 12:20:08,来自福建,3003479566602331,Cygnus5
7124197594921976576,整个欧洲终于沸腾了，收复故土响彻云宵！,0,1,0,2022-07-25 14:46:15,来自湖北,3721172326038685,乐观的饼干Ou
7123872579387441933,波波：乌克兰行，我也行！,0,0,0,2022-07-24 17:45:32,来自四川,85242525262,太受欢迎的驸马
7123815892072760104,真打起来你认为波兰的飞机能飞起来吗？,0,0,0,2022-07-24 14:05:02,来自安徽,97674404035,守护你
7123785782275965711,波兰想吞并乌克兰。,0,0,0,2022-07-24 12:08:13,来自河北,6885501936,愉悦的熊猫a0
7123750076111127311,乌克兰有地方跑啊,0,0,0,2022-07-24 09:49:08,来自广东,650549470968173,流水不争先2022
7123755422833459983,恐怕没时间了吧,0,0,0,2022-07-24 10:09:46,来自重庆,3069633238,Cqdaofeng
7123623243055137572,事出反常必有妖！[抠鼻],0,1,0,2022-07-24 01:41:32,来自辽宁,50789538635,看看大海3
7123796671707906855,波兰想当世界第二军事强国。,0,0,0,2022-07-24 12:51:07,来自宁夏,76414519041,大漠情怀307
7123771278574125839,波兰人准备接管乌克兰了！,0,1,0,2022-07-24 11:11:52,来自陕西,15386489229,2道理之子
7124275653477909287,波兰把军队扩大十倍也不是强军,0,0,0,2022-07-25 19:49:33,来自河北,6812583940,升级后的故事
7123595765829632800,波兰对乌克兰也有想法了，主要看俄罗斯同不同意了。,0,1,3,2022-07-23 23:52:13,来自新疆,111210986431,友爱芒果20
7123724716128387848,很明显北约要干大的。不然就是波兰要占领乌克兰领土。,0,0,0,2022-07-24 08:11:30,来自福建,1912798125755864,孤影渺沙
7123731310706737961,波兰在做最坏的打算，也可能在做最荒诞的大国梦。,0,0,0,2022-07-24 08:36:45,来自湖北,86931127809,小怪兽想尝红烧肉的味
7123775513885164321,波兰这是又头脑发热了，历史上可是有过多次先例的,0,0,0,2022-07-24 11:28:49,来自上海,94058326075,东爸和他的朋友们
7124119963983823650,0好像说要大规模购买韩国的武器[捂脸],0,1,0,2022-07-25 09:44:25,来自广东,52263940181,威1045
7124150932120191782,现在说的不一定是未来做的！！！,0,2,0,2022-07-25 11:45:53,来自河北,55480335205,路遥知马力147395197
7124104525048251136,就这么点，乌克兰的四分之一都不到,0,0,0,2022-07-25 08:44:57,来自湖南,2774810055420510,天地间的天天快乐
7124186646580953896,全欧洲的酒都喝完了吗,0,1,0,2022-07-25 14:03:50,来自四川,6137965361,快乐淡定海浪3I
7123773316968088359,问题是钱从哪里来,0,0,0,2022-07-24 11:20:40,来自安徽,5238374038,zysmy
7123672620448777001,老美生意做得好，只有波兰傻乎乎地备战。,0,0,0,2022-07-24 04:52:12,来自湖南,52369288865550,不凡小羊r3
7123707240657273615,波兰怎么变得这么有钱了？！,0,0,0,2022-07-24 07:03:37,来自广东,760499023128429,勇敢的清爽光束uf
7123426392959976233,波兰觉得自己又行了,0,71,4,2022-07-23 12:53:21,来自江苏,63890382696,清风醉
7124268516252893993,波兰历史上一直被吞并，所以怕了。,0,1,0,2022-07-25 19:21:15,来自河南,63488264246,智慧熊猫w
7123744579253748521,可以理解嘛，高考结束了，肯定有落榜美术生嘛。万一呢，对不对,0,0,0,2022-07-24 09:28:16,来自四川,4662203527,胡志明小道
7123739582847828750,波兰是看乌克兰扛不住了，准备建立自己防线了，就怕被闪击的,0,0,0,2022-07-24 09:09:08,来自福建,52310535264,CC耳东设计
7123877958284542720,我搞不懂，买教练机干嘛？,0,0,0,2022-07-24 18:06:00,来自四川,109405074683,校钟
7123666206422860558,波兰这下为的是再起波澜,0,0,0,2022-07-24 04:29:44,来自上海,3619231497980455,潇洒橙子Hy
7123602742568485662,莫非是另有所图？,0,0,0,2022-07-24 00:20:19,来自重庆,91709186286,盛世太平007
7123464230871434025,买韩国武器 有眼光 韩国武器性能顶级而且便宜,21,66,14,2022-07-23 15:20:33,来自江苏,93098268324,leaderyiyi
7123831225772720937,这个有啥奇怪，波兰自己的俄式武器估计给了不少乌克兰，所以要补充武器，另外现在的局面需要它提高军备。,0,0,0,2022-07-24 15:04:33,来自广东,4448052517,jjclub
7123785781906588453,老美又发一笔横财,0,0,0,2022-07-24 12:08:24,来自辽宁,5861941784,我养个小狗
7123722834484216612,真开战，波兰觉得自己有机会？,0,0,0,2022-07-24 08:04:45,来自福建,97224923291047,悟法上水
7123733989349294889,这个小国还真有钱。,0,0,0,2022-07-24 08:47:16,来自甘肃,83948234329,陇原大地19866
7123570907608138531,应该多备一些高端无人机，比如翼龙，彩虹之类的，包括哈萨克斯坦,0,0,0,2022-07-23 22:14:16,来自云南,56301345561,流浪在版纳
7123737449507160866,这个订单90%以上概率执行不了，这么多武器，10年能完成交付吗？,0,0,0,2022-07-24 09:00:38,来自上海,3531736113,不系之舟so
7123942915898508040,整个歐洲都是纵深,0,0,0,2022-07-24 22:18:22,来自甘肃,73503968609,魚來雲往
7123541021010658086,波兰准本开始三战,0,6,0,2022-07-23 20:18:47,来自江苏,2629657218519943,吞风吻你葬落日
7123942690668626718,韩国🇰🇷人最近几年军火销售吃得很开呀，各种大单接踵而来。,0,0,0,2022-07-24 22:17:25,来自江苏,107701094396,紫砂壶的故乡
7123705129400189727,半斤对八两，大家就和谐。,0,0,0,2022-07-24 06:56:09,来自福建,879215096890664,一丝不苟苹果li
7123856843549917986,波兰有钱吗？,0,0,0,2022-07-24 16:43:54,来自山东,92557689376,勇往直前5034633903221
7123786464026592007,历史上波兰总是想一雪前耻，但是总是挨打,0,0,0,2022-07-24 12:11:22,来自山东,3665137510,乘风破浪的傻帽
7123728537857098507,乌克兰合并到波兰了，反正都是北约出钱了,0,0,0,2022-07-24 08:27:12,来自山西,94208299097,淡定云朵DY
7123696519756137229,想自残[捂脸],0,0,0,2022-07-24 06:22:45,来自北京,89413658791,大山D大山
7124237704208270121,第一闪电强国,0,0,0,2022-07-25 17:21:49,,3350297050,桃花岛主他哥
7123796112972382991,等全都配备完毕，热武器的战斗格局早变了吧。,0,0,0,2022-07-24 12:48:10,来自内蒙古,1244260001653404,M墨Dragon
7123664787447776033,波兰还有大国梦啊，说实话，战斗机轰炸再厉害还是不如坦克占领威胁大。最后一锤定音还得陆军占领，而坦克是陆军占领部队的绝对主力。,0,0,0,2022-07-24 04:28:20,来自广东,1165121828168935,calvinzeng88
7124297820030796544,在核武器面前。都不值得一提！玩大了不好收场！,0,0,0,2022-07-25 21:14:49,来自吉林,2924322154350316,沉着山丘UM
7123714736822928163,是按揭购买的。,0,1,0,2022-07-24 07:32:47,来自陕西,101621031390,轻飏OK
7124154864716399368,你真的想不到波兰打算送给乌克兰一部分吗？[抠鼻][抠鼻][抠鼻][抠鼻][赞],0,0,0,2022-07-25 12:00:41,来自河南,53478270521,曾经的传奇2020
7123578046980522766,波兰有那么多钱吗？,0,0,0,2022-07-23 22:42:41,来自安徽,109057860118,春江潮涌桃花岸
7123707679322768165,买军火最好的发财途径,0,0,0,2022-07-24 07:05:47,来自江苏,92347659878,随饮峰泉
7124136402681414403,越南曾经也这么做的,0,1,0,2022-07-25 10:49:09,来自陕西,1970738880851191,不凡的烩面
7123575418422641444,没想到韩国的武器出口挺嚣张,0,0,0,2022-07-23 22:32:28,来自河北,896830546650920,带壳的子弹
7123576860931556137,到交货期，已经没有波兰了。,0,0,0,2022-07-23 22:37:16,来自广东,2454569302888511,热闹晚风Li
7123788488688419624,有点世界大战的意味儿了,0,0,0,2022-07-24 12:18:40,来自河南,63728832458,东京又爆原子弹
7123650590638605089,真敢买，想着以量取胜,0,0,0,2022-07-24 03:37:25,来自河北,5961201841,华仔73125499
7123772534113698571,波兰还真有钱,0,0,0,2022-07-24 11:17:26,来自上海,1244241409085204,一往无前小猫kQ
7123579570754421515,这一下，问题大啰。,0,3,2,2022-07-23 22:49:06,来自四川,3276185999249115,运筹帷幄风铃sD
7123581868666094377,如果俄罗斯打的不是乌克兰，而是波兰，估计分分钟就不在了，哪怕国土上摆满了坦克大炮。打法不一样了！,0,0,0,2022-07-23 22:56:48,来自北京,2576889085701709,清爽枫叶v4
7123575629974389519,美国和北约的卒子跳板/真可悲丿如果第三次世界大战/第一个被核战炸平应该是波兰,0,0,0,2022-07-23 22:32:32,来自广东,88489780284,金猪的苦逼
7123582748287796000,韩国的坦克怎么运去波兰？,0,0,0,2022-07-23 23:01:19,来自广东,3980648065806926,小桥流水人家😁
7123490195303498537,这就好比国内老说韩系车不行，比国产车差多了，但就是在欧美市场上干不过别人，,0,5,1,2022-07-23 17:01:10,来自广东,2431758560149076,足智多谋菠萝ON
7123793846924116770,波兰人可以买辆坦克或自行火炮上下班使用，真打起仗还能自带装备入武。[捂脸],0,0,0,2022-07-24 12:39:19,来自安徽,51264710462,自由自在一东风快递
7123476320939852579,买再多不够俄罗斯一个🍄吃的[大笑][大笑][大笑],0,8,6,2022-07-23 16:07:24,来自新疆,5423192428,小胡电动车精修
7123791595413193483,波兰肯定好有钱啊,0,0,0,2022-07-24 12:31:04,来自上海,50552631518,小司机大
7123797258055090959,波兰这是要想干预乌克兰,0,0,0,2022-07-24 12:52:28,来自江苏,111198020026,清闲的远山yw
7123776310698754851,波兰要做武器库存地,0,0,0,2022-07-24 11:31:26,来自北京,66178315642,幸运星337662885
7123822275891249950,情报，情报，情报其他都是浮云。,0,1,0,2022-07-24 14:30:05,来自上海,105174092904,拍照的顺顺好
7123840763670446863,波兰这么有钱？,0,0,0,2022-07-24 15:41:31,来自广东,51778273744,地球试炼场
7124182705655005986,既然波兰自己都可以吓退俄罗斯，那还要北约干嘛？这不是逼俄罗斯过激反应吗,0,1,0,2022-07-25 13:48:36,来自江苏,3175008269245939,琅今
7123730012138046238,跟韩国订？他们是不了解中国军工吗,0,0,0,2022-07-24 08:32:19,来自福建,3082681630335227,活泼小鱼Dl
7123716352082412296,真希望我们的武器也能上战场检验一下[灵光一闪],0,0,0,2022-07-24 07:39:26,来自北京,1464203211715115,简介one
7123815337414050598,波兰几次灭国被灭怕了❗,0,2,0,2022-07-24 14:03:50,来自陕西,71226291739,秦平安253498490
7123781241010553634,现在感觉北约更不敢与俄动手啦！,0,0,0,2022-07-24 11:50:30,,65673293154,天酿茅酱
7123769887394251561,运输队长又去上货了？,0,0,0,2022-07-24 11:06:20,来自辽宁,2930399709,自动化技术工业控制
7123687216190259976,波兰是在试图挑动俄罗斯核打击自己吗？波兰忘记了二战期间曾经被英国和法国抛弃的教训吗？,0,0,0,2022-07-24 05:47:19,来自江苏,8848020135,七零后阳哥
7123625711910896419,波兰做好准备，不能象乌克兰一样被动挨打。,0,0,0,2022-07-24 01:51:18,来自广东,103510643625,儒雅钢笔pf
7123577390076658439,看架势，波兰可能打算挟北约，向乌克兰俄罗斯扩张。做战争准备来着.这架势波兰会更硬气。,0,0,0,2022-07-23 22:39:48,来自江西,804490577707895,萌宠大作战21
7123781965920109312,韩国是个军事强国，不可掉以轻心,0,0,0,2022-07-24 11:53:06,来自广东,2669266291655198,天涯论剑xxx
7123690258394546978,那么小的国家那么多的装备路阻怎么办？,0,0,0,2022-07-24 05:57:30,来自西班牙,6644959346,开心就好135018858
7123765286071124736,波兰有钱吗？,0,0,0,2022-07-24 10:48:39,来自云南,51959870587,阿里玛酒店管理
7123577529864192782,这是以购买之名为美国布置武器,0,0,0,2022-07-23 22:40:25,来自山东,50317099909,天津侠客
7123590265151095591,为了送乌克兰,0,0,0,2022-07-23 23:30:33,来自浙江,71033200293,享受阳光的猫
7123595557792334627,如果是真的话，法德要仔细想想要不要尽快同俄罗斯妥协和退出北约了！波兰现在很希望第三次世界大战打起来了！,0,0,0,2022-07-23 23:50:32,来自河北,55720078692,晴空149236301
7123761200659432232,这是想和俄罗斯掰手腕了！,0,0,0,2022-07-24 10:32:36,来自北京,1336628985216640,漠柳轻寒晓生烟
7123441525883405064,每次世界大战，波兰都有理由挨打,0,25,1,2022-07-23 13:52:55,来自广东,62175015349,小马奔腾3
7123591699930546977,波兰有钱吗？,0,0,0,2022-07-23 23:36:22,来自浙江,60328600820,午夜红茶4060
7123719997364831008,这笔款可能是欧盟出的，准备让波兰打前锋,0,0,0,2022-07-24 07:54:08,来自山东,55223292604,秋风凉月1
7123914646713025318,有这个钱吗？波兰,0,0,0,2022-07-24 20:28:46,来自新疆,3557655669637892,暴击霉分145
7123738417212490496,这么有钱？,0,0,0,2022-07-24 09:04:14,来自上海,3328963993935694,ayhzsh
7123854595625173801,现在扩军是不是晚了点？,0,0,0,2022-07-24 16:35:07,来自山西,3702375236,一个名字都没有了
7123768362924032776,美国自已才400套海马斯，波兰这么小的国家要买500套，你确定？,0,0,0,2022-07-24 11:00:40,来自河北,53359915494,积极的隔壁老王
7123584079957902117,波兰也想去红场阅兵？,0,0,0,2022-07-23 23:06:02,来自河南,4416214555,华中优质男人联盟
7123583175909049088,波兰买这么多军火，是准备要与俄开战，还是要抢占乌克兰的领土？,0,0,0,2022-07-23 23:01:57,来自四川,99320939456,大自然67452
7123807041923154723,不奇怪，要拼命还得买几把称手的菜刀吧！,0,0,0,2022-07-24 13:30:28,来自四川,5181191243,王其羊
7123600431661859599,人不行，武器再多再好也没用，只能是自取灭亡。,0,0,0,2022-07-24 00:09:56,来自新疆,59557189248,微笑清风eI
7123573767653524262,俄乌局势对波兰是最后的机会？波兰要赌赌国运？,0,0,0,2022-07-23 22:26:05,来自北京,94205646357,京城马四马
7123724661808481065,苏德表示 内心毫无波兰,0,0,0,2022-07-24 08:11:13,来自浙江,64117560434,a222999
7123701434927104798,第一种可能准备进入乌西，做好战备。第二种可能是明为己用，实为代购。,0,0,0,2022-07-24 06:42:05,来自越南,2449333680610829,秋实daniel
7123626050932163365,不够俄军塞牙缝[灵光一闪][灵光一闪][灵光一闪],0,0,0,2022-07-24 01:52:05,来自尼日利亚,1701638525160189,谪仙33934
7123597019343897385,波兰还挺肥的，买这么多,0,0,0,2022-07-23 23:56:14,来自天津,71320653898,就爱吃海鲜0624
7123767257259492109,韩国军工还是很受欢迎,0,0,0,2022-07-24 10:56:29,来自甘肃,197541145359643,四郡都护
7123788329723970304,我寻思他有那么多钱吗？[看][看][黑线],0,0,0,2022-07-24 12:17:56,来自四川,3078255576361055,女明星的经纪人
7123599247295529767,对乌克兰领土有想法,0,0,0,2022-07-24 00:06:55,来自上海,3505661878470500,张东力
7123585163908760353,波兰有这经济实力吗？,0,0,0,2022-07-23 23:10:47,来自重庆,3166231450907421,胖妖孽
7123759749463999266,美国用心太险恶了 [机智],0,0,0,2022-07-24 10:26:35,来自北京,95596658036,北京市海淀居民
7123705844763673378,人心不足蛇吞象,0,0,0,2022-07-24 06:58:14,来自北京,55551974633,梦幻待机中
7124252601063179041,利沃夫！！！,0,0,0,2022-07-25 18:20:23,来自湖南,6748333495,紫禁城2016
7123700284954182412,如果属实，估计根本就不是波兰要的，而是北约。,0,0,0,2022-07-24 06:38:38,来自北京,87056064547,温柔小刀0086
7123793727520310028,韩流袭过波兰,0,0,0,2022-07-24 12:39:24,来自陕西,61925612104,公平正义046008
7123597931424645924,波兰国土面积不小了吧？[抠鼻],0,0,0,2022-07-24 00:00:51,来自新疆,54559279533,外向面条qM
7123744243532841769,胆怯的表现！,0,0,0,2022-07-24 09:26:58,来自山东,100290824091,积极的葡萄x
7123730607422685987,最后都要去了乌克兰了吧！,0,0,0,2022-07-24 08:33:54,来自山西,54930427805,彩云阁2
7123760365741638414,重建翼骑兵吗[捂脸],0,0,0,2022-07-24 10:30:07,来自湖北,85693923824,口琴拐子
7123588397964378887,波兰不是小国,0,0,0,2022-07-23 23:22:53,来自江苏,4503248581,新月早春
7123602305710490382,如果俄罗斯和北约真的开战，那么第一个被瓜分的肯定还是波兰,0,0,0,2022-07-24 00:18:33,来自江苏,14104473430,百顺福
7123780529405313832,波兰一直都视俄罗斯为强敌，和中国没有交集。,0,0,0,2022-07-24 11:47:46,来自四川,54828127360,外向星球Lh
7123749018790069029,韩国思密达的武器宇宙第一，买对了,0,0,0,2022-07-24 09:44:59,来自广西,435011756240251,猪蹄子猪蹄子
7123576816954377001,这是假购买真部署，以购买的名义把北约武器装备部署到前线,0,0,0,2022-07-23 22:37:14,来自河南,96395871423,温柔咖啡lJ
7123834301485187852,波兰有那么多钱吗？,0,0,0,2022-07-24 15:17:15,来自重庆,102344635864,中央空调胡哥
7123780971690001165,不是买了，而是要买，两者不一样,0,0,0,2022-07-24 11:49:41,来自江西,698899281485100,富足孔雀ys
7123577536877331239,别人出钱，波兰代购，乌克兰还债！！,0,0,0,2022-07-23 22:40:44,来自广西,51170534250,乡下花栗鼠
7123580117221212966,能熬过今年冬天再说！,0,0,0,2022-07-23 22:50:36,来自云南,111186859287,用户小庄人
7123699149010404130,韩国军工这么强大吗？厉害！,0,1,0,2022-07-24 06:32:31,来自山东,78523050951,畅言通顺
7123799312450700073,明显，考虑到俄乌之后，自己直面俄国压力了,0,0,0,2022-07-24 13:00:42,来自四川,3135447785543470,西南小k
7124080685849183014,不够，要建百万大军。,0,1,0,2022-07-25 07:13:36,来自四川,3874321854110860,智勇双全钢琴Gj
7123636473953796875,波兰觉得希特勒太没有用了，打不进莫斯科，波兰想要打到俄罗斯远东地区去！,0,0,0,2022-07-24 02:39:42,来自广西,11096902421,山中雁
7123597384915305250,战前准备[捂脸],0,0,0,2022-07-23 23:57:44,来自安徽,6363941995,淮河水浪打浪
7123688534506619648,如果属实，估计根本就不是波兰要的，而是北约。,0,2,0,2022-07-24 05:51:49,来自福建,97936219832,猫锅802
7123633009865016064,这又是心理战吧，最后买多少人家说了算。,0,0,0,2022-07-24 02:19:34,来自山西,1618941856197184,黄河中的小石头
7123589577423962921,波兰对俄罗斯有点想法了,0,0,0,2022-07-23 23:27:11,来自上海,108781983279,强哥9979
7123576275188941603,就是每平方一辆都不起作用,0,0,0,2022-07-23 22:35:11,来自四川,92508639628,龙爷182
7123768491698258700,就是不知道到位了吗？,0,0,0,2022-07-24 11:01:54,来自上海,4190979596756839,周律师
7123595241671787267,那投名状不给钱？你想得美[大笑],0,0,0,2022-07-23 23:50:29,来自湖北,2313836278058147,BetWin
7123751275854217995,战略纵深？别滥用名词，二战时德国也没人用这个词,0,0,0,2022-07-24 09:53:47,来自河南,96344795625,淡云映远山
7124164757686403851,不知道谁对谁错。反正希望世界和平吧，,0,1,0,2022-07-25 12:39:01,来自浙江,52629523789,极速火车l1
7123653429692007183,它似乎是预感到了什么！,0,0,0,2022-07-24 03:42:00,来自河北,2471326426599576,促进民生
7123582738799837992,准备迎接闪击,0,0,0,2022-07-23 23:00:17,来自山东,6469652723,修心前行
7123838645122892559,波兰野心大，总想割乌克兰一块领土！,0,0,0,2022-07-24 15:33:06,来自四川,70750846104,聪慧美丽涪江
7123796387820700454,帮乌克兰买的,0,0,0,2022-07-24 12:49:45,来自山东,111139487288,1561fang
7123766953050637060,五百套海马斯，估计要二十年以上才交完货,0,0,0,2022-07-24 10:55:26,来自贵州,2436143175966765,忠黔赛鸽
7124094537718416166,波兰的野心又起来了,0,2,0,2022-07-25 08:07:12,来自内蒙古,76706003734,jiangcen200
7123664657101439785,送给乌克兰？,0,0,0,2022-07-24 04:23:13,来自广西,63190791752,老罐3
7123728843806491404,武器万国牌 后勤是个大问题了,0,0,0,2022-07-24 08:28:25,来自湖北,97957660310,远航86406
7123734093207995166,能抵一颗核弹吗？,0,0,0,2022-07-24 08:47:59,来自广东,92331528731,彬彬87565
7123928083983401766,美国军火商又赚了,0,0,0,2022-07-24 21:20:41,来自重庆,3297422262,鸟鸣花树
7123753598169383710,韩国的军火，比印度稍微好点，关键是价格便宜！,0,0,0,2022-07-24 10:02:48,来自安徽,2906735989493358,晕滴
7124308036042687268,不知天高地厚,0,0,0,2022-07-25 21:55:07,来自北京,102501214720,lilitrans
7123581973985018656,米国自己军队都没用500套吧。,0,0,0,2022-07-23 22:57:57,来自北京,5923039436,欣欣美
7123788465296851745,司马昭之心,0,0,0,2022-07-24 12:19:34,来自山西,4008562088,wendaoshi
7123475151920431905,无论波国怎样蹦哒如果是如果真的发生三次大战估计又要步入二战时期的困境了又是第一个。,0,2,0,2022-07-23 16:03:35,来自山东,104328356221,潇洒远山pb
7123695102249583400,在大国面前就是活靶子,0,0,0,2022-07-24 06:17:03,来自山东,101713736619,利行国旅
7123675965775430430,波兰继续乌克兰的老路，给俄罗斯练兵,0,0,0,2022-07-24 05:05:26,来自浙江,4200709427,笑看风尘过
7123788725406450466,有没有可能做二道贩子，到货后转手卖别人[偷笑],0,0,0,2022-07-24 12:19:36,来自江苏,1384986632004332,月落鱼隐
7124319506822316808,增加吧，把钱都用到军费上，少吃少用。,0,0,0,2022-07-25 22:39:50,来自浙江,57639526232,一个小小草民
7123737154614379272,再高价倒卖给乌克兰,0,0,0,2022-07-24 09:00:07,来自天津,50619834722,大鹏1782
7123725350336693031,为西乌做准备,0,0,0,2022-07-24 08:14:48,来自广西,4199778538239016,t899899
7123731195292255010,美国盼望的事终于发生了，这样能消耗下去，俄罗斯国力，美国希望整个北约国家都这么干，美国又发大财了。,0,0,0,2022-07-24 08:36:20,来自河北,109841521074,饮水思源宣
7123784995214852871,他拿什么买？粮食都已经卖完了，家里有矿啊？,0,0,0,2022-07-24 12:05:34,来自湖北,102207871447,王小石573
7123609503609864997,嗯，知道德日重来了,0,0,0,2022-07-24 00:46:41,来自广东,4495225048800823,佛山人生
7123706853410472704,这数据有点意思，美国有多少海马斯。,0,0,0,2022-07-24 07:02:27,来自辽宁,97916323856,自由星球NGnZcU
7123580425326920482,因为俄罗斯说要推进到乌克兰边界，波兰终于为自己说过的话干过的事感到后怕了。,0,0,0,2022-07-23 22:51:23,来自北京,59433326936,马克西姆277
7123573901946553121,还有明年吗，司机同志[呲牙],0,0,0,2022-07-23 22:26:34,来自河南,59591325726,清爽山丘yO
7123687343244673807,俄罗斯内心毫无波澜！,0,0,0,2022-07-24 05:47:27,来自山东,109304758680,海风198883
7123679658226877187,波兰不但自己装备，还给乌克兰军队定制。,0,0,0,2022-07-24 05:20:49,来自河北,96440091779,不再报有希望
7123626494601478945,乌克兰如果顶不住那它妥妥的就要再现二战窘境了，德国现在也打算恢复军力，波兰的压力相当大，乱世将至！,0,0,0,2022-07-24 01:58:15,来自江苏,58798975645,点异
7124173310304387851,"当局计划将军队规模从15万人增加到40万人，增加2.5倍以上？
应为增加1.5倍以上！",0,3,1,2022-07-25 13:12:37,来自安徽,55040097399,龙哥瞰天下
7123687478162883359,欧洲列强，战火纷飞？,0,0,0,2022-07-24 05:48:49,来自山东,2515303644278952,雪国之布
7123762792800256783,波兰真有钱。,0,0,0,2022-07-24 10:38:42,来自山东,100474881200,6789看看
7123739515939963686,为恢复1939年前的苏波边界做准备,0,0,0,2022-07-24 09:09:25,来自陕西,3814578159,风雪夜归人w8202
7123788532648510239,让俄罗斯练手用的,0,0,0,2022-07-24 12:19:12,来自河南,1736871716074280,明白人AA
7123760291204711206,他有那么多钱吗？,0,0,0,2022-07-24 10:30:07,来自广东,1103505781694795,HugoMax
7123624338242159372,韩国发财了,0,0,0,2022-07-24 01:47:24,来自天津,98476789117,一心球
7123612333620380451,切腹是需要很多武器的,0,0,0,2022-07-24 00:57:19,来自湖南,98359616916,hhdhhds上山打老虎
7123578469619024679,看来波兰对乌克兰战局不乐观，早做准备。,0,0,0,2022-07-23 22:44:17,来自上海,52587459118,张蒙138690766
7123595032673714981,请问波兰军费多少？,0,0,0,2022-07-23 23:49:02,来自广东,6222272875,1333266
7123598694641009438,波兰想惹事?,0,0,0,2022-07-24 00:03:38,来自甘肃,3491669007152446,讨教人
7123747822884881152,弹药有这么多么,0,0,0,2022-07-24 09:40:21,来自湖南,263473020281904,树洞中的蜗牛
7123781077767979790,波兰的武装，北约的野心。,0,0,0,2022-07-24 11:50:02,来自山东,888010153136327,永大英语
7123754514540397323,俄罗斯打波兰可不会这么仁慈,0,0,0,2022-07-24 10:06:19,来自浙江,50463994952,向海蓝天1212ximi
7123793794763588393,如何预测他们未来会做什么？看看他以前做过什么以及当下在做什么,0,0,0,2022-07-24 12:39:04,来自北京,96024695643,唐伯虎荡秋千
7123736559349859076,波兰、芬兰和瑞典都很危险,0,0,0,2022-07-24 08:57:56,来自广东,6632219341,柯南100855896
7123579882986373892,波兰想跟谁干架？,0,0,0,2022-07-23 22:49:54,来自甘肃,59396080176,柒步莲
7123599944279835400,冬天没燃气拿这些装与俄换燃气,0,0,0,2022-07-24 00:09:08,来自北京,50665114632,勇敢的饺子NN
7123721394017288994,一到冬天全歇菜,0,0,0,2022-07-24 07:58:17,来自福建,104992630411,木马城市80
7124253274395476775,武器就靠买么？,0,0,0,2022-07-25 18:22:54,来自江苏,1916744810,贝壳风铃
7123737733536793379,可能是怕德国闪电战,0,0,0,2022-07-24 09:01:36,来自上海,6827457801,JamesjamesJing
7123692925502112549,波兰是不是想把自己开辟成继乌克兰之后的俄乌冲突第二战场？,0,1,0,2022-07-24 06:08:58,来自陕西,111342454747,长安稼娃1923
7123611240613839650,钱呢？是打算自己印美钞了？,0,0,0,2022-07-24 00:52:53,来自江苏,75427057153,提壶灌顶3
7123581857769243425,乌克兰输定了，他要做好准备，免得被俄罗斯一波给扑平了。,0,0,0,2022-07-23 22:57:28,来自广东,105336621470,Carlos998
7123725892266459938,都是老美的谋略,0,0,0,2022-07-24 08:16:01,来自浙江,51994088616,贵州大钢锅
7123590178849063717,问题是这个钱从哪来呢？,0,0,0,2022-07-23 23:30:03,来自北京,109204628843,可靠有点笨笨的
7123436665808929547,波兰有这么多钱吗？,0,5,1,2022-07-23 13:34:16,来自广东,5579277388,猫头晕呢
7124297968853041952,嘴硬确实是弱者的必杀技,0,0,0,2022-07-25 21:16:03,来自广西,2471334552277032,天阶咸鱼
7124000639239160579,这张脸纯波兰。这焦急的神态写满了回忆。,0,9,1,2022-07-25 02:10:53,来自北京,6946981688,以后回归方程
7123591917950092043,他是明显感觉到又要被闪电，吓的快神经了,0,0,0,2022-07-23 23:37:12,来自河北,60596627520,因小失大2
7123587684152394537,可能美军都没有装略500套海马斯,0,0,0,2022-07-23 23:19:29,来自四川,106123071717,永龙204
7123741149696967435,这下费导弹了,0,0,0,2022-07-24 09:15:46,来自上海,5820965265,leitiger_xp
7123573643343037214,日子不过了,0,0,0,2022-07-23 22:25:32,来自福建,55058486165,谈笑樯橹灰飞烟灭
7123705547156718350,波兰很富吗？,0,0,0,2022-07-24 06:57:25,来自河北,68000833907,北京Jdev-剑客
7123749265494786827,波兰国土叒要缩水了,0,0,0,2022-07-24 09:45:55,来自浙江,74557280869,宇儿sama
7123778867336594191,波兰此次采购是给俄罗斯当靶子,0,0,0,2022-07-24 11:41:18,来自广西,4589823474,天行者45067162
7123845469121561344,看来美国的军火生意很成功,0,0,0,2022-07-24 15:59:48,来自河南,12974200401,文旿vlog
7123639470431257378,三站正在酝酿中。,0,0,0,2022-07-24 02:46:07,来自广东,3627543182,巴别塔不是塔
7123588166816629544,500套海马斯？,0,0,0,2022-07-23 23:21:31,来自福建,1261868515603163,魔法豆浆gM
7123738214770590478,这确实是害怕俄罗斯打完了乌克兰，再过来打欧盟和北约。,0,0,0,2022-07-24 09:04:01,来自河北,4026412249,chache31869037
7124095710475436836,距离二战开局，据说只差一个“闪击波兰”了[呆无辜][呆无辜][呆无辜],0,2,1,2022-07-25 08:11:41,来自广东,92742136877,採苓
7123580760082465536,想趁火打劫,0,0,0,2022-07-23 22:52:36,来自黑龙江,98904384579,15344621
7124204818901517092,波兰要干什么,0,1,0,2022-07-25 15:14:27,来自广西,1965573631381950,正人君子田伯光
7123572956013331240,波兰这么有钱？,0,0,0,2022-07-23 22:22:02,来自河南,62224208657,志者远翔675
7123584435315933987,发财不见面，,0,0,0,2022-07-23 23:06:47,来自重庆,2739610915977629,奋发豆浆nL
7123781317275779876,还是多买些防空导弹吧，，防空不行买在多坦克火炮不顶球用。。,0,1,0,2022-07-24 11:51:09,来自陕西,5491357832,率真少司命
7123574349701546766,自我保护怕别人吃了自己,0,0,0,2022-07-23 22:28:07,来自陕西,56345734623,滴滴春雨1
7123727702494495488,这是变相支持乌克兰！,0,0,0,2022-07-24 08:22:59,来自福建,102296237702,顽强画板q2
7123653466622968587,。。那么有钱？,0,0,0,2022-07-24 03:49:59,来自山东,3320128929278455,乱捅社评论员
7123597324605653800,替司机买的,0,0,0,2022-07-23 23:57:29,来自河南,1868818491653140,三级小学生
7123697866799432463,波兰对乌克兰也有想法了，主要看俄罗斯同不同意了。,0,0,0,2022-07-24 06:27:39,来自广东,54982613804,陈钦云1
7123676734150460190,波兰对俄罗斯想法更多,0,0,0,2022-07-24 05:07:23,来自北京,6637674732,春风吹0111
7123626437349278503,海马斯打出了名望,0,0,0,2022-07-24 01:57:24,来自广西,1500150499383245,跑腿小妹
7123796073742992136,最后付钱的必然是乌克兰,0,0,0,2022-07-24 12:48:23,来自重庆,53898233194,萨满
7123536733186065167,老装备北约花钱买下，送到乌克兰了，所以更新新的。,0,6,1,2022-07-23 20:01:23,来自山东,76063612013,牛牛吉祥如意
7123611886322598687,真正的好战份子,0,0,0,2022-07-24 00:56:39,来自四川,2937485755154766,自由的船帆VG
7123583767746511651,波兰可能是要打欧盟，成为欧洲霸主,0,1,1,2022-07-23 23:04:24,来自福建,377828573975264,歌痞闽男
7123861557259502374,波兰这是要称霸欧洲了,0,0,0,2022-07-24 17:02:48,来自河北,2753320830,武安人
7123722379905762063,看中乌克兰西部了,0,0,0,2022-07-24 08:02:19,来自江苏,11265332759,henhuai
7123697623424844579,波兰是要来凑条件，世界大战就缺他了。,0,1,0,2022-07-24 06:26:40,来自上海,105364609052,快乐蜻蜓lk
7123576544718865188,备战，没有解释,0,0,0,2022-07-23 22:36:42,来自浙江,94871903952,金陵兰
7123581284748264205,交货期要排到一百年以后吧？[偷笑],0,0,0,2022-07-23 22:54:52,来自广西,52059692901,周家禾1
7123870234158613252,还不如买中国的[呲牙],0,0,0,2022-07-24 17:36:28,来自山东,681350109080644,幸福动态
7123755808990462754,缺少安全感,0,0,0,2022-07-24 10:11:19,来自北京,3109062560,GLS高
7123720201854223119,波兰打仗很水,0,0,0,2022-07-24 07:53:57,来自江西,58054949514,刘玄德议事
7123746879208866594,未雨绸缪[灵光一闪],0,0,0,2022-07-24 09:36:46,来自巴基斯坦,61209592399,蔚蓝星空2008
7123679165353624335,心里清楚啊,0,0,0,2022-07-24 05:15:53,来自上海,4297324376643287,不嫌麻烦的人
7123633318410765088,怕俄罗斯了,0,0,0,2022-07-24 02:25:19,来自湖北,76365751955,silence256677398
7123701858648507174,买起送俄罗斯……,0,0,0,2022-07-24 06:44:26,来自四川,52419998810,拂晓茶香
7123796785709466408,波兰有钱吗？,0,0,0,2022-07-24 12:50:50,来自北京,6258731763,血杀狂战
7123776467481150241,买的再多都没用，很多技术都用不上就被练成了废铁,0,0,0,2022-07-24 11:32:28,来自河南,52785442835,虎皮兰10
7123453786680738595,波兰二战吃亏了，这是积极准备三战呢[捂脸],0,2,1,2022-07-23 14:39:49,来自陕西,7936680278,季风141314672
7123792241679975202,波兰野心不小,0,0,0,2022-07-24 12:33:03,来自江苏,3201377143110542,极速溪水mW
7123748925684974368,主要的是怕俄罗斯反击。它看到那些武器对俄军发挥的好就买那种。俄军要警惕。,0,0,0,2022-07-24 09:44:37,来自宁夏,2106312980967949,外向梦想家b4
7123575520960660256,会不会美国人眼红，抢单,0,0,0,2022-07-23 22:32:52,来自陕西,5788752097,猫搂着睡的鱼
7123443798738289445,波兰这是要拿国家生命安全做赌注？,0,12,2,2022-07-23 14:01:23,来自陕西,9021173089,Tropicoco1
7123443102806999815,波兰这是帮乌克兰买的吧,0,7,2,2022-07-23 13:58:46,来自山西,5828004367,淡bo人sheng
7123632703195005711,这么有钱[震惊],0,0,0,2022-07-24 02:19:45,来自浙江,1727477664,多米尼泥爷爷
7123746602694607629,德国扩军备了,0,0,0,2022-07-24 09:36:12,来自江苏,95863155629,haigang5515
7123588352213107496,作好准备，要下场了吗？,0,0,0,2022-07-23 23:22:20,来自湖北,18759841815,无嘴的蚊子
7123651077211210531,这个数据哪来的？,0,0,0,2022-07-24 03:31:20,来自河北,12835551451502,图澜
7124281572173579021,40万不算多,0,0,0,2022-07-25 20:12:03,来自云南,6395816627,愚公4213
7124279495070270247,蚂蚁伸腿绊大象！,0,0,0,2022-07-25 20:04:20,来自黑龙江,1222307071935288,冰屋火炉
7123611325485974287,还不是运输大队长！,0,0,0,2022-07-24 00:53:25,来自广西,3570829808646328,新闻新虫
7123627007782896415,人家有钱买怎么了[what][what][what],0,0,0,2022-07-24 01:55:37,来自河北,106406719129,聪颖笑看红尘
7123733082284835614,坦克都过时了，买那么多干嘛,0,0,0,2022-07-24 08:44:12,来自河北,111259722242,001小马哥001
7123611324303229728,一句话，白搭,0,0,0,2022-07-24 00:55:30,来自山东,63467100498,手机用户听海观涛
7123731312229942050,波兰可能要参战,0,0,0,2022-07-24 08:36:54,来自北京,7746285260,风铃渡a
7123645927495074572,这是做准备了,0,0,0,2022-07-24 03:16:08,来自河北,3368523358547204,493663973四大皆虚
7123691742645256975,波兰还真的是有钱！,0,1,0,2022-07-24 06:04:04,来自湖北,100354126985,晓风明月395
7123557388053578499,波兰没啥工业的吗，买买买,0,0,0,2022-07-23 21:22:22,来自海南,5454020998,继学勇
7123787672035787560,波兰这么有钱？,0,0,0,2022-07-24 12:15:22,来自山东,51798329568,阳阳djj
7123780540909568768,波兰砸锅卖铁了吧？,0,0,0,2022-07-24 11:47:38,来自吉林,96498242838,亦云亦茹
7123651524219667240,他有这么多钱吗？,0,0,0,2022-07-24 03:33:52,来自安徽,50690944560,路遇1988
7124071794352620300,德国雷声大雨点小,0,1,0,2022-07-25 06:39:40,来自贵州,734084235537412,有趣的麻酱Bc
7123591140855235368,可能是中间商赚差价,0,0,0,2022-07-23 23:33:22,来自安徽,64200769047,难道你也不是等闲之辈
7124215508022592256,波兰有这么强的野心好吗，他忘了波兰在二战时就因为有扩张野心被苏德两军灭国的事,0,2,1,2022-07-25 15:55:39,来自辽宁,78171124134,满毅4
7123565025188938529,要不要中国无人机啊？,0,0,0,2022-07-23 21:51:52,来自巴基斯坦,77436310164,举重若轻49
