7124255473859511053,我们参加海洋之杯，那就真的是欺负人。还记得2014年咱们的一艘056在俄罗斯太平洋舰队总部一众几千吨上万吨（瓦良格）面前拿了一个总冠军！当时颁奖的俄罗斯海军将军表情相当复杂。,6,131,12,2022-07-25 18:31:21,,59710465754,海盗旗42
7124317455698199310,比赛结束后，参赛选手回来，装备就留下吧，运费也挺贵的[大笑]要是能参与一下实战更好，锻炼一下多年没打仗的队伍，为解放台湾做准备。[呲牙][呲牙][呲牙],1,35,0,2022-07-25 22:31:36,来自山西,4910842547,567为山
7124291116983845636,赞赞赞👍👍👍学习实战经验，祝中国军人拿到好成绩[加油][加油][奋斗][奋斗],1,47,0,2022-07-25 20:49:42,来自山东,197531259904557,记忆往昔29616
7124361192856208166,比赛结束后，武器因为无法带回，就留下做个留念,1,45,1,2022-07-26 01:27:29,来自黑龙江,102347606279,Xi夕阳无限好
7124262495405474563,东西给留下吧,31,517,13,2022-07-25 18:58:58,来自山东,76222157072,期待25056
7124280674131346217,人回来就行了，东西留那儿吧,5,392,11,2022-07-25 20:08:27,来自河北,102482312265,雨季55555
7124276014964540197,就佩服俄罗斯！无穷无尽的智慧！,1,275,7,2022-07-25 19:50:56,来自山东,94594031568,灵玉130
7124437890582479651,"上周六CCTV新闻频道《军情时间到》，介绍了俄罗斯“别尔哥罗德”号核潜艇，7月8日正式交付俄海军，
“别尔哥罗德”新潜艇入列“末日武器”，
俄罗斯太牛逼了[赞][赞][赞]",0,22,0,2022-07-26 06:19:00,来自北京,60307535709,西西166530831
7124277939168002856,俄罗斯大国风范，前方战火纷飞。后方比武如火如荼！[赞],2,175,6,2022-07-25 19:57:47,来自河北,1767618389222471,极速高山vx
7124247063470670604,振奋人心好消息！俄罗斯太棒了，为这次第三世界友好国家军事大比武“国际军事挑战赛”加强各国军事与人员交流合作创造机遇。👍,3,40,2,2022-07-25 17:59:08,来自广东,72684025288,刘玫588
7124143213346341662,俄罗斯为什么那么喜欢举办这类型的比赛？,2,9,0,2022-07-25 11:15:25,来自广东,50932055760,坦荡的橘子mW
7124295374487028514,这个比赛真的有意思，交流学习有好处滴,2,98,3,2022-07-25 21:05:23,来自福建,804439438136851,无剑无语无奈无求
7124142996160889607,建议去现场看看！,4,21,1,2022-07-25 11:14:31,来自湖南,82141628833,百夫长约克2
7124357166265402149,不管是比赛还是助阵，这个必须赞！[赞][赞][赞],0,10,0,2022-07-26 01:09:06,来自湖北,1275738827,faye正能量
7124147675062551328,三百多只队伍，光提供给参赛队伍的坦克就得几百辆了吧,2,7,2,2022-07-25 11:33:14,来自湖南,6479093693,柚温
7124328030998889231,中俄两军加强军事方面的合作，反对霸权。,0,20,0,2022-07-25 23:12:48,来自河北,61230776945,二妮176818666
7124362843767685892,还是96B，才四辆,1,2,0,2022-07-26 01:33:47,来自江苏,92782121423,儒雅书签9
7124162592146572072,这还用比吗？俄罗斯妥妥的冠军,1,8,0,2022-07-25 12:30:11,来自重庆,3488856220,时间线GS
7124278713529254690,"预祝我们中国人民解放军，拿岀一不怕苦二不怕死的精神，捧得满意成绩而归。
加油[加油][加油][加油]",1,96,4,2022-07-25 20:00:54,来自北京,1680500020231263,缤纷河流1n徐清雅
7124284419690890018,为解放军加油希望载誉而归[666][666][666][666][666],4,74,2,2022-07-25 20:22:56,来自河北,2594448922380016,进取荷叶ig
7124254347290002209,最好的消息.强大的中国反霸必胜,3,151,3,2022-07-25 18:27:08,来自江西,95910511122,仿佛又回到了从前
7124317704667808550,比赛完，都把武器留下空手回去,0,39,1,2022-07-25 22:32:39,来自河南,5517335998,阿玉123456
7124252958803952399,中俄军赛，友谊万岁！,2,336,16,2022-07-25 18:21:01,来自宁夏,6842527744,冬青里的骆驼草
7124265194637263653,建议把赛场设在赫尔松或者克里米亚吧……,13,175,1,2022-07-25 19:09:06,来自浙江,3254143339729496,自在书签oM
7124498278016369415,37国参加，美西方想孤立俄罗斯的目的落空了。普京大帝稳中求胜，智勇双全运筹帷幄！,0,10,0,2022-07-26 10:12:34,来自河北,53069095512,北京嫣
7124309810790630158,中国加油！俄罗斯加油！,0,44,1,2022-07-25 22:01:49,来自辽宁,3346534305112427,认真的清风Ip
7124434361667666703,仁者见仁，智者见智。比如说我，就看见了“友谊第一，比赛第二”的优良传统。,0,11,0,2022-07-26 06:05:55,来自河北,61650272015,无盐654
7124292000954057486,中国加油💪,0,55,0,2022-07-25 20:52:39,来自北京,63272114292,最动听1004
7124418171335246632,东西太笨重,1,3,0,2022-07-26 05:04:33,来自浙江,140333828809355,爱生活的清风Yg
7124268663737516804,太棒了，早该玩一把辕门射戟的维护和平的巧力了。,1,2,1,2022-07-25 19:22:44,来自上海,54419103148,多稼
7124415170457781032,比赛地点在哪里,1,3,0,2022-07-26 04:54:10,来自吉林,16991743377,明心见性30
7124255136570573580,希望满载而归！,6,77,2,2022-07-25 18:30:27,来自四川,3483069541,开心老天
7124299577968706319,支持中俄多合作切磋。,0,59,3,2022-07-25 21:21:48,来自广东,2000702165487043,不凡奶酪dB
7124157471346344711,e的坦克冠军都战死了，这次我们稳拿冠军🏆,2,5,1,2022-07-25 12:10:51,来自四川,5944573627,黑娃小子
7124304329922216736,支持我军比出国威！预祝我军载誉凯旋！[加油][加油][加油],0,61,2,2022-07-25 21:40:50,来自湖北,55777519901,乐观的金桔q
7124359251594117901,不管是比赛还是助阵，这个必须赞！[赞],0,23,1,2022-07-26 01:17:26,来自湖北,1275738827,faye正能量
7124415740807217927,落后就要挨打，中国加油,0,9,0,2022-07-26 04:55:57,来自江苏,107903893382,森林木之木林森
7124437418111353631,坦克，还没有淘汰这东西呢？实战有用吗？,1,3,0,2022-07-26 06:18:28,来自黑龙江,83423703049,康师傅小绪
7124291318708798247,会不会比赛当中比比看谁先把炮弹打到乌克兰呢？希望回来时换成模型拉着回来，卫星也看不清楚,2,36,1,2022-07-25 20:50:22,来自河北,2665652888021992,夜行西北不带刀
7124262187048125224,这个好[比心][比心][比心][赞],0,47,0,2022-07-25 18:56:41,来自北京,2331422826707583,Z香水百合
7124223562856071947,前方打这么紧，也没耽误后方继续搞业务,1,15,2,2022-07-25 16:27:36,来自安徽,3438868808867726,你踩着我氧气管了
7124317432705172262,看到这个消息高兴,0,26,1,2022-07-25 22:31:46,来自辽宁,50705836802,1969心静佛系
7124263929961972492,37个国家参加👍👍霸气,4,106,3,2022-07-25 19:04:14,来自河北,4300902164088637,人生百态9637
7124138126079230757,俄罗斯根本没把俄乌战争当回事,3,30,1,2022-07-25 10:55:45,来自四川,105128859305,尾声爱梅西
7124257032479294241,带着509个坦克 500个飞机,1,45,2,2022-07-25 18:37:29,来自河北,1847624076112232,东风意
7124306995985416996,出去多交流挺好的，毕竟咱们的实战经验还是少。,0,26,1,2022-07-25 21:51:03,来自辽宁,1390235764401518,安娜ye炒股
7124464079510864674,以维护世界和平的战斗民族为荣。乌拉！[赞],0,1,0,2022-07-26 08:00:23,来自海南,817631169622711,才思敏捷小羊w9
7124299206264931072,祝愿中国人民解放军凯旋归来！,0,20,1,2022-07-25 21:20:18,来自河北,111020895612,平安是福WKJ
7124458589242163981,交流实战经验[给力],0,5,0,2022-07-26 07:39:29,来自重庆,81036276900,九十年代的政工师
7124256947817431848,不针对第三方哈,2,45,1,2022-07-25 18:36:26,来自山东,5418463175,智者小强强
7124280058864272139,央视没报道,1,2,1,2022-07-25 20:06:30,来自河北,782480303460691,乖巧面条D
7124256946895012639,实战经验如何交流？说给你听，你拿笔记下来？[捂脸],2,44,1,2022-07-25 18:36:58,来自广东,2823162734851070,邀月公子2021
7124274496604980000,支持演习完直接留下,0,28,0,2022-07-25 19:45:12,来自黑龙江,325079701923076,江湖恩怨hOiU
7124417711156970254,中国加油[加油],0,3,0,2022-07-26 05:02:56,来自江苏,95090198570,SAMA糖
7124315716731568926,中俄友谊万岁,0,10,0,2022-07-25 22:24:46,来自天津,3175866350698631,高贵扑克50
7124297705094071072,归国时会带一些美国和欧洲被缴获的武器回来（相关欧美先进武器的技术参数得到交流），经专家研究改进能极大提高我国武备水平。赞👍🏻赞👍🏻,0,12,0,2022-07-25 21:14:56,来自上海,51678867709,轩尼诗衍衍
7124447796337722127,为中国人民解放军加油，期待他们取得优异的成绩！,0,3,0,2022-07-26 06:57:15,来自云南,50296530567,不凡西柚Ek
7124280769996342052,中俄背靠背天下谁能敌！,0,26,0,2022-07-25 20:09:14,来自福建,97617419244,顶级熊猫CE
7124290194245419809,比赛结束后，武器因为无法带回，就留下做个留念,0,14,0,2022-07-25 20:46:11,来自浙江,3623608797116743,摇钱来
7124474616180966184,为你们点赞！中国军人最棒！[赞][赞][赞],0,1,0,2022-07-26 08:41:10,来自山西,1864411095511687,悠闲花猫M5
7124291763241665321,中俄友谊长存，支持，中国人刘姐,0,25,4,2022-07-25 20:51:19,来自山东,4353673326236014,极速轮船AE
7124343472555262759,卢旺达是那个走中国正步的军队吧？,0,6,1,2022-07-26 00:15:13,来自德国,51056125107,张茵格
7124301484006802217,有37个国家275支队伍参加军事竞赛，证明俄罗斯的朋友圈还是很大[赞][玫瑰][比心],0,16,0,2022-07-25 21:29:03,来自江西,102969442197,美食美客63517
7124285521044144896,好！互相切磋！提升战斗力！,0,9,0,2022-07-25 20:27:15,来自河北,3302575357566692,小白兔黑又黑ly69
7124448557377241856,现代战争中，其实坦克已经成为活把子,1,1,0,2022-07-26 07:00:13,来自山东,111642468880,顶级雪碧U6
7124261955934159623,希望俄罗斯早日成世界第一军事强国,4,45,6,2022-07-25 18:56:28,来自广西,61740450912,率真小红花3
7124438959752626976,边打仗边军演！美国利用乌克兰把俄罗斯“削弱”成这样[捂脸]！心塞呀！[大笑],0,3,0,2022-07-26 06:24:25,来自山东,3368768989,风趣嘎嘎蓝慧慈
7124264771318874914,每年好像都有，去年还看了比赛,0,0,0,2022-07-25 19:06:57,来自陕西,92500803538,乐观的小羊W2
7124279245773439748,好[赞][赞][赞][赞][鼓掌],0,21,0,2022-07-25 20:03:26,来自内蒙古,111640835193,风雨人生1598365627
7124479438276330271,最好的消息.强大的中国反霸必胜,0,1,0,2022-07-26 09:00:31,来自重庆,1090329864307566,自由墓墓
7124218771396657933,[泪奔]我不看新闻的日子，都忘记了俄罗斯还在和乌克兰打仗！现在俄罗斯还有心思搞比赛，这场仗打的，真是不慌不忙啊……,0,7,0,2022-07-25 16:08:38,来自俄罗斯,58304114654,俄罗斯创业彬哥
7124488732316975912,这样规模的出境参赛往返应该不需要持某某小时内的核酸证明了吧？？,1,1,0,2022-07-26 09:36:02,来自安徽,2145843210368439,老鹰遇锦鲤
7124284699518075685,相信祖国！相信党的智慧！,0,16,0,2022-07-25 20:24:20,来自云南,61213907102573,zhaojunhu150538
7124274720203490083,演习结束，人回来，武器就留下吧！,0,52,1,2022-07-25 19:45:23,来自安徽,98350430910,顽强溪流Ik
7124195999936971531,这种军事比赛，能够促进我军和外军的进行军事交流，本着互帮互助互信的原则参加国际军事竞赛，这是国家和军队的荣耀，也提现我军军人，勇往直前，崇尚荣誉，敢争第一的意志力，和高超的技术来进行比赛！,0,0,0,2022-07-25 14:40:28,来自吉林,4455665167239731,温柔小趴菜
7124279200982876963,祝各参赛国赛出水平！赛出经验！,0,19,1,2022-07-25 20:02:46,来自安徽,184373352600040,坦荡的圆月6s
7124487167933989669,这样的竞赛应该经常性的交流。,0,0,0,2022-07-26 09:30:30,来自山东,2656882285618381,智者面条7k
7124305814986310412,可以加大出国量，帮助镇守大鹅远东，让大鹅騰出手来收拾美欧,0,7,0,2022-07-25 21:46:33,来自湖南,105297946191,致命诱惑327
7124413663209030411,哈哈！我以为…,0,1,0,2022-07-26 04:52:18,来自北京,80797123903,wangyaping877
7124288307688637224,这次可得好好学习，机会难得。,0,7,0,2022-07-25 20:37:54,来自吉林,443829896086423,北丐竹风
7124267742370988803,多带点先进装备，演习完人回来就行了！,0,76,3,2022-07-25 19:19:10,来自江苏,6803066805,Zh8888
7124259116687606563,俄罗斯举办这场国际军事竞赛，一来舒口气，二来争个脸面。来参赛的都是好哥们！,0,75,1,2022-07-25 18:44:46,来自北京,83177313144308,冬天里的阳阳光
7124272347221377833,美国已战败，美元先倒。,0,15,0,2022-07-25 19:36:07,来自河南,102776767069,王家老师傅
7124264089416794880,实战经验，实战演习。实锤！,0,32,0,2022-07-25 19:04:11,来自上海,1983147133372860,自若松鼠2
7124458211247358735,祝贺载誉归来！,0,0,0,2022-07-26 07:37:38,,4029060829152223,敏锐小羊DJ
7124271637452702499,我们不怕外国人说三道四！坚定不移！,0,42,1,2022-07-25 19:33:23,来自安徽,4195338753677119,user3155804224111
7124297780676018956,中俄交流上不封顶！,0,9,0,2022-07-25 21:15:26,来自山东,4406441029932999,热心白云HU
7124291116178359051,比赛结束后人员回来，战车留在那里作战，打击外国雇佣兵！[赞][鼓掌],0,9,0,2022-07-25 20:49:34,来自湖北,3685187134432621,恰似恰普四
7124290526786306856,通过比赛，互相切磋，提升战斗力[赞],0,14,0,2022-07-25 20:46:37,来自广东,3958659089442093,潮云
7124260071684637471,中俄应加强軍事领域的多元合作,0,34,0,2022-07-25 18:48:56,来自陕西,3223402654743048,妙诠
7124443468696945442,第一次知道有国际军事竞赛，在这个档口挺好的值得玩味，美西方干瞪眼。,0,3,1,2022-07-26 06:40:58,来自重庆,10675527241,素笺淡墨1535
7124293111417389839,给俄军建议一下，坦克两项还是把重点放在信息和攻击上，跑圈虽重要但真不是现代战争的重点。俄乌战争已充分地说明了！,0,4,0,2022-07-25 20:56:42,来自山东,104912568905,洒脱柳叶
7124366212691133225,我以为[捂脸],1,0,0,2022-07-26 01:43:47,来自安徽,5752376836,无悔人生63016096
7124265520265757471,中俄友谊万岁！,0,17,0,2022-07-25 19:10:03,来自山西,96654361602,诗意橙子J6
7124457149719692066,给力[赞][赞][赞][赞],0,1,0,2022-07-26 07:33:41,来自安徽,4699332792,红姨47182916
7124266397496771362,顺便到乌克兰去检验一下各项实战数据，掌握第一手资料比较重要,0,12,0,2022-07-25 19:13:14,来自陕西,105288577146,钟楼底下是长安
7124276857730122534,实战是检验真理。,0,11,0,2022-07-25 19:54:19,来自河南,1539784419848871,随性自由的暖阳p6
7124289521818223360,很好！不亚于一次雪中送炭的举动！,0,21,1,2022-07-25 20:42:39,来自广西,106033218006,针直
7124274069109392131,战斗民族能把道路名改名，可以把竞赛目标设定为基辅。,0,10,0,2022-07-25 19:43:47,来自江苏,518618383392312,聪慧旭日CT
7124272100642276126,为俄罗斯加油，我们是真的[加油],0,10,0,2022-07-25 19:35:36,来自湖南,2942715262408839,王也不二
7124279784376533797,厉害了，一边打仗，一边交流,0,8,0,2022-07-25 20:05:21,来自广东,52043418068,温柔与正能量的化身
7124293864357446404,展示国威，展示军威！为参赛国家点赞！,0,11,0,2022-07-25 21:00:04,来自四川,2031517873475048,用户大鸣大放
7124280263450362661,必须实战化训练,0,12,0,2022-07-25 20:07:18,来自上海,1961168086774023,518www
7124261349689508623,比赛可交流，传精送宝。,0,19,0,2022-07-25 18:53:36,来自重庆,70852279673,猪猪NKR
7124290942295147300,场地也有，真人，实弹，科目复杂。,0,8,0,2022-07-25 20:48:35,来自河南,1877617821619256,清新枫叶o7
7124327157304378127,赞👍！相互交流，相互学习！,0,0,0,2022-07-25 23:09:21,来自河南,111583507258,友爱苹果Dx
7124297615433024268,正义世界国家的亮剑,0,7,0,2022-07-25 21:14:52,来自浙江,1380589008330318,勇敢的高山Ig
7124260301859586851,机会终于到了，打赢一场实战中国能稳定发展50年，中俄加油！！,0,60,2,2022-07-25 18:49:21,来自广东,52043513794,北国兴安岭
7124297909621244676,希望这次竞赛中国能取得优异的成绩。,0,7,0,2022-07-25 21:15:58,来自湖南,1837996457866653,正能量叶子el
7124291089427006239,警钟长鸣，勿忘国耻。忘记历史就是背叛。,0,10,1,2022-07-25 20:49:04,来自广西,63228758713,wyF炒股养家
7124301328700310307,最可爱的人比赛完回来就行，把全部装备留给兄弟们用吧！,0,7,0,2022-07-25 21:28:33,来自河北,223893930392733,时髦奶酪1m
7124256089776276237,一定齐装满员夺得比赛胜利，凯旋回来。,0,23,0,2022-07-25 18:33:37,来自北京,94872897106,结构化科技投资
7124306920114111266,旗开得胜！马到成功！扬我国威！,0,6,0,2022-07-25 21:50:03,来自江苏,2013928568658926,博学豆浆ZH
7124281020186870535,美国，及欧州，心跳加速了。,0,8,0,2022-07-25 20:10:14,来自河南,1877617821619256,清新枫叶o7
7124271541802107689,到战场去实地观摩，直接得到第一手资料,0,8,0,2022-07-25 19:33:12,来自重庆,63184385995,用户6317370567008雪
7124297041005576992,祝各参赛国赛出水平！赛出经验！,0,5,0,2022-07-25 21:12:13,来自浙江,1904778428030487,副卡131
7124248985862456098,战场才是取得实战经验最好的地方,0,56,1,2022-07-25 18:05:34,来自湖南,4032654628621672,乐观的syj石头
7124265229378732830,太棒了耶✌✌✌✌✌✌✌✌✌✌,0,13,0,2022-07-25 19:09:08,来自内蒙古,99429506630,飞鹰78147
7124254463590335240,"好
很好
。。。。。。。",0,21,0,2022-07-25 18:27:24,来自广东,6860149182,石一枚
7124337201164567304,练好本领，保家卫国！[碰拳][碰拳][碰拳][点亮平安灯][点亮平安灯][点亮平安灯][给力][给力][给力],0,1,0,2022-07-25 23:49:13,来自陕西,109553711791,魔法光束XJ
7124323748483875621,能否暗度陈仓！,0,0,0,2022-07-25 22:56:13,来自安徽,1895209283884606,豁达光明
7124315750923584292,國威。贊👍👍👍👍,0,4,0,2022-07-25 22:25:02,来自山东,60233854599,换位思考168159745
7124451684549968672,多带些装备去，察打一体无人机也去，比赛结束留下装备，军人回国！！！,0,2,0,2022-07-26 07:13:53,来自江苏,6926674126,海之韵42
7124305808627598121,四辆太少了！,0,5,0,2022-07-25 21:45:46,来自北京,86339293892,老工匠
7124306658104869646,中国能不能以成绩不佳装备维护不善为由源源不断往比赛场地送装备？[呲牙],0,5,0,2022-07-25 21:49:45,来自江苏,1644495840480024,王大娘家的王大爷
7124286781377938176,这个世界逐渐泾渭分明,0,8,0,2022-07-25 20:32:09,来自北京,3456470652029351,碧海孤帆
7124271484759704357,乌拉乌拉乌拉,0,9,0,2022-07-25 19:33:19,来自广东,87996077323,一品木哥
7124251815029965603,中俄团结，安全第一,0,51,1,2022-07-25 18:16:50,来自上海,5804743124,摄影爱好者LBXZ
7124276226974024489,中俄友谊赛,0,9,2,2022-07-25 19:51:19,来自山东,804462934107475,一枝草民
7124270001774871311,把装备留下,0,14,1,2022-07-25 19:27:08,来自四川,111001669279,Dzp桃红脸热
7124465865353380641,国际比赛？会有几个国家参与？[抠鼻],0,0,0,2022-07-26 08:08:35,来自河南,66475779993,冈仁波齐的风
7124302545727587103,这个信号不简单的，重量级。,0,6,0,2022-07-25 21:33:26,来自浙江,58973795699,令狐冲破刀式
7124327544832377630,这个时候比赛，有看头,0,4,0,2022-07-25 23:11:10,来自安徽,105262995141,阳仔的成长
7124296005759222535,不会是拉到战场比吧……[捂脸],0,6,0,2022-07-25 21:08:08,来自贵州,6384349446,KeeM
7124255323539997448,中俄军事交流有利益世界和平，互相尊重与支持帮助，共同应对反霸！,0,35,3,2022-07-25 18:30:45,来自云南,4358367184,羊驼39194446
7124268215974445857,俄军实战经验丰富，这个交流很有意思[赞][赞][赞],0,11,0,2022-07-25 19:20:35,来自山东,52587487264,A星辰大海007
7124300764373123876,这个有点意思。美西方国家心理肯定有点烦闷了。,0,5,0,2022-07-25 21:26:32,来自江苏,6960062371,开心的源一源
7124271578359071524,希望中俄多交流互相帮助，但愿俄罗斯这次取长补短总结教训，在军事上反超美国，成为第一流的军事强国，这样可以制衡美国促进世界和平。,0,11,2,2022-07-25 19:33:29,来自重庆,1398233163894792,优雅原野RO
7124282369950991142,最好能实战检验一下。,0,10,1,2022-07-25 20:15:21,来自河南,110204855649,老木屋931
7124274613265335052,增进友谊、交流经验，培养合作精神，展示正义国家军事实力和战术素养。,0,8,0,2022-07-25 19:45:27,来自江西,53078367746,竹海听风12
7124476142769144614,建议：比赛结束了，武器装备什么的辎重运回来太费油了，换些石油、天燃气、粮食等。[捂脸][捂脸][捂脸],0,2,0,2022-07-26 08:47:40,来自湖南,56352728465,碧霄又一鹤
7124278452794114854,比赛完了，接着就是军演，好像每年都是7至8开始军演,0,6,0,2022-07-25 20:00:17,来自安徽,76455777130,星辰8233
7124508332387484451,确实有必要交流宝贵实战经验，因为俄罗斯是第二军事强国，我们要好好学习它们的战斗经验。,0,0,0,2022-07-26 10:51:58,来自浙江,3056276675756732,尘埃落向何处
7124330216172127012,俄乌战争来看现代化战争中坦克没有特大的作用了,0,3,0,2022-07-25 23:21:44,来自河南,2889988526049319,潮流达人廊坊8W3
7124500017473766144,俄罗斯大国风范，前方战火纷飞。后方比武如火如荼！[赞],0,0,0,2022-07-26 10:19:18,来自江苏,3126633962937499,正大光明钢琴47
7124317229156156201,还是多参加这种比赛，对中国的武器发展是有很大的好处的。看看人家练兵的长处，武器有什么弊端以后改进。不要避们造成车。,0,1,0,2022-07-25 22:30:32,来自河南,1508129787100686,李璜人家
7124366985332556578,比完之后，武器就不用带回来了[捂脸],0,2,0,2022-07-26 01:47:59,来自浙江,6846832050,老空空如忆
7124330520132977438,啥时候我国的武器装备也在实战中检验下。,0,1,0,2022-07-25 23:22:48,来自浙江,64034349550,随时说
7124296088861311779,再增加火箭炮和无人机竞赛吧[呲牙],0,3,0,2022-07-25 21:08:17,来自辽宁,1477391247216215,不晚
7124305908905739008,比赛场地设置在顿涅斯克，效果会更好。,0,4,0,2022-07-25 21:46:22,来自江苏,4520840616,天地无限123
7124328686010139429,不是留那几辆坦克和装备，要的是要空天信息共享和制约反坦克攻击,0,3,0,2022-07-25 23:15:35,来自安徽,57099851673,噹噹咦噹噹
7124263688001028905,顺道参加一下实战检验，看看平时练的对不对,0,15,1,2022-07-25 19:02:37,来自河南,1310252043609661,执着的扑克br
7124259894253224718,利用这个机会，好好了解俄军最近的战场经验。,0,20,1,2022-07-25 18:48:30,来自北京,103472176705,我心依旧看沉浮
7124508261390910208,俄乌战争，对俄罗斯来说，应该没压力。,0,0,0,2022-07-26 10:51:49,来自湖南,65973500848,天高云淡206971484
7124294024626242338,对把装备留下,0,4,0,2022-07-25 21:00:18,来自广东,2884709645553799,非凡云朵I2
7124332383339971332,支持！陆海空一起表演！,0,2,0,2022-07-25 23:31:00,来自湖南,59158427905,旅行者159986106
7124320202569483044,赛后我武器装备留在俄罗斯，通过实战检验我军装备。,0,1,0,2022-07-25 22:42:33,来自北京,95798039349,正大光明轮船Cp
7124322686960272128,参赛完就把东西留下来,0,1,0,2022-07-25 22:51:44,来自四川,94878387137,悠闲西柚dK
7124508368693216008,如果不出意外的话，大部分冠军应该都是由我军官兵取得,0,0,0,2022-07-26 10:52:22,来自黑龙江,3219087669,凌波文轩
7124284971522523938,中国还有工程兵吗？,0,2,0,2022-07-25 20:24:57,来自陕西,96388610623,DaHai449
7124324226353726247,扬我国威亦扬我军威！中国加油！！！,0,2,0,2022-07-25 22:58:22,来自湖南,1991965373113790,幸福不凡晚风3V
7124296985527976707,带几十架察打一体无人机过去[耶],0,4,0,2022-07-25 21:12:07,来自上海,66437920831,长乐弥勒
7124280494908506914,这评论都没谁的了，智商一个比一个高。[赞][赞][赞][赞][赞][赞][赞][赞],0,5,0,2022-07-25 20:07:41,来自吉林,470243711665356,我的通透人生
7124500914132189989,有些话不能说意思大家都懂，就是参加比赛。,0,0,0,2022-07-26 10:22:50,来自四川,102675139162,老练哥loKp
7124504278437823236,96B＝T72。也过时了,0,0,0,2022-07-26 10:36:22,来自广西,60633718884,老陈167887351
7124276563650609924,为你们点赞！中国军人最棒！祝愿你们！旗开得胜！凯旋归来！[赞][赞][赞][赞][赞][赞][赞][赞][赞][赞][赞][赞][赞][赞][赞][比心][笑],0,0,0,2022-07-25 19:53:13,来自贵州,5767142066,黄意63835093
7124265183450989346,不用管北约国家反应如何，他们不高兴也可以下场来一次友谊比赛嘛，中国军方也只按自己的节奏走，绝不会受外界干扰的[抠鼻],0,6,0,2022-07-25 19:08:26,来自四川,2630508135589037,国产俗人
7124428345911165703,把武器留下,0,1,0,2022-07-26 05:43:08,来自江苏,1846779725757517,奋发有为一浪花
7124298450379768610,友好国家交流切磋，积累实战经验，以应对复杂多变的国际局势,0,4,0,2022-07-25 21:17:12,来自安徽,540600022345380,认真的高山rV
7124329874328322846,解放军缺实战经验！交流一下好！,0,1,0,2022-07-25 23:20:43,来自上海,1521340490987245,小宜护联
7124336592713614087,愿我们中国的军代表们能够赛出好成绩。学习俄乌战场中的好经验，现代化战争中的不足之处。,0,0,1,2022-07-25 23:46:48,来自河南,51485998086,王炎焰
7124466160758407949,就佩服俄罗斯！无穷无尽的智慧！,0,1,0,2022-07-26 08:09:36,来自山东,510623532459486,音乐伴咖啡2022
7124251908122460966,欧洲各国该掂量掂量了[泪奔]。,0,12,1,2022-07-25 18:17:56,来自山东,56896595575,小胡渣i1
7124444703684297503,俄乌战争，里面有很多外国军事力量参与，所以，学习研究这场现代化军事斗阵，也就了解了世界战争大概的阵型,0,0,0,2022-07-26 06:46:15,来自天津,2827537283809928,勇敢的圆月g7
7124312550074221348,助威捧场！交流互践！实战经验！新装备的实用效果丶新的战争方式的武器之间配合运用。,0,1,0,2022-07-25 22:12:28,来自天津,83540792434,万事如意9163524401947
7124269235882509070,枪杆子里出实力！,0,4,0,2022-07-25 19:24:32,来自湖北,96402842064359,用户倪伯
7124322390028387103,问题是东西留到那儿，他也不会用啊，而且没有配件。,0,0,0,2022-07-25 22:50:56,来自北京,59065095485,你困了咯咯
7124498044166718238,向实战看齐,0,0,0,2022-07-26 10:11:35,来自安徽,3474107602045869,愉悦的苹果6g
7124278140696232717,带上几百辆装备去比赛，回国留下给俄军，这是军迷的想法,0,1,0,2022-07-25 19:59:08,来自湖南,101561605971,天乐锦鲤
7124258118674694916,西方国家内心很复杂,0,16,1,2022-07-25 18:41:48,来自北京,61782095982,丁元民153
7124401829777621801,我们中国的列车去俄罗斯需要过轨吧，两国的铁路宽度不一样。,0,1,0,2022-07-26 04:05:46,来自山东,56192537226,俊俏船帆K
7124504997240455951,中国和俄罗斯是维护世界和平的重要力量！！加油中国！！！,0,0,0,2022-07-26 10:38:58,来自新疆,96208812972,子宣434
7124451608624694056,在国际形势纷繁复杂的当下，举行军事赛事，本身就说明了问题(西方进行各种解读也不为过)！同时，进行展示俄乌冲突中的经验教训，这无疑是一次非常宝贵的机遇。,0,0,0,2022-07-26 07:12:22,来自北京,118373600737822,张永亮666
7124483584215384847,比赛结果相对于交流实战经验就没那么重要了。,0,0,0,2022-07-26 09:15:59,来自上海,2735185001448239,最生梦是
7124291642446201613,最近三十年没有实战吧，哪来的现代化经验？,0,1,0,2022-07-25 20:51:23,来自湖北,5738361170,可可62292117
7124481231395734287,换点美式，欧式装备回来,0,0,0,2022-07-26 09:06:51,来自上海,62836240469,tj自娱自乐
7124464343177003817,这次比赛场地更改了，改成乌克兰[呲牙],0,1,0,2022-07-26 08:01:19,来自广东,77085000372,习惯性O拾忆707
7124473199999943431,巷战最实用，也是我们终将面对的,0,0,0,2022-07-26 08:36:24,来自北京,2277813285034856,一条野生评论
7124325977261769472,祝愿竞赛取得圆满成功！,0,3,0,2022-07-25 23:04:32,来自陕西,110874413559,松林一鸣
7124476417307444004,可能卫星盯上了,0,0,0,2022-07-26 08:48:31,来自四川,2937496591416427,博学多才的圆月Uz
7124492313291932455,正常的军事交流。,0,0,0,2022-07-26 09:49:19,来自江西,57745552915,红孩子
7124495476807729953,是呀先进武器早该在实战中检验一下威力。,0,0,0,2022-07-26 10:01:34,来自河南,56078258664,少林铁拳79
7124278303452103427,实战敢打才是硬道理,0,5,0,2022-07-25 19:59:50,来自河北,107742691041,有趣的微风vf
7124363163981841191,过程比结果重要,0,1,0,2022-07-26 01:35:25,来自湖北,88436347255,种田的不老松
7124331932053914368,这赛事有利于中俄关系继续携手前行！有利于多国军事交流！有利于世界和平与稳定！,0,1,0,2022-07-25 23:28:01,来自新疆,176392491500355,简单露珠gj
7124456711687324455,跨国竞赛有利两国交流，对二军都有宝贵的实战经验。,0,0,0,2022-07-26 07:33:16,来自山东,54885946405,积极的饼干x5
7124336422249235234,应该深度交流，反对霸权主义！,0,2,0,2022-07-25 23:45:41,来自湖南,111631103812,美之声欧阳
7124336315009303303,锻炼锻炼，辛苦了子弟兵,0,1,0,2022-07-25 23:46:04,来自青海,68285811130,知情达理辰星xh
7124496613204361999,参演完了，人员个个都安安全全的回来，装备，暂时留在那边，反正明年还要用，还可以节约点运费。,0,0,0,2022-07-26 10:06:02,来自贵州,15174187656,布飘几缕
7124316845737837327,比赛以后装备先放俄罗斯吧，人员嘛就在当地休休假，自由活动吧，也可以在当地的军营里做暑假工[笑哭][笑哭][笑哭],0,0,0,2022-07-25 22:29:01,来自广东,75272891984,评论战士
7124505076760249088,上战场实战-~回,0,0,0,2022-07-26 10:39:19,来自北京,66029367416,老吴283950501
7124477924153393953,37个国家275支队伍参加竞赛，有没有乌克兰？,0,0,0,2022-07-26 08:55:00,来自新疆,19915553026,不逗了1
7124465685803467520,为啥要叫满洲里，能不能改回我中华的本来地名,0,0,0,2022-07-26 08:06:49,来自浙江,1302238752680608,鲸日
7124256421122409224,这时候参赛，多少有点想法！,0,16,1,2022-07-25 18:35:04,来自河南,102884571250,Brooklit23
7124342751499649829,竞赛完成装备全部留下参战，检验武器实战性能！！！,0,2,0,2022-07-26 00:11:07,来自吉林,51916541022,无雨182887434
7124439376222225166,实战经验要是能交流出来，那就好了！必须真刀真枪的干了才能锻炼自己的队伍，纸上谈兵永远也达不成目标！更别提是别人给你交流！,0,0,0,2022-07-26 06:25:47,来自江西,4336892866734718,前进sky
7124280346413794055,俄罗斯需要的是情报，卫星和无人机。,0,6,1,2022-07-25 20:07:44,来自福建,97617419244,顶级熊猫CE
7124456274569904896,给九六式装上涡轮增压的1500匹马力发动机，把冠军拿回来,0,0,0,2022-07-26 07:30:19,来自福建,64342825835,守护者8271
7124480113672225550,伟大的俄罗斯雄起！,0,1,0,2022-07-26 09:03:03,来自四川,5585471847,静夜三思
7124415789860029223,中俄国际军赛！,0,2,0,2022-07-26 04:59:52,来自北京,6981136809,八点4
7124439337336537895,需要实战检验！,0,0,0,2022-07-26 06:26:06,来自山东,62345308795,清水野钓
7124334137175409422,中国和俄罗斯交流实战经验不妥，应该是向俄罗斯咨询实战经验。,0,3,0,2022-07-25 23:37:18,来自四川,12556656884,西门庆药铺
7124499202687697696,要被外媒解读为军援,0,0,0,2022-07-26 10:16:01,来自浙江,95518022950,冻风97
7124477986166457119,比赛夺冠不重要，重要的是学习实战经验。,0,0,0,2022-07-26 08:54:56,来自甘肃,4059962549,智者轮船t8
7124255253385954088,学习经验取长补短,0,14,1,2022-07-25 18:29:59,来自广东,598567434336663,我就是你们的神
7124285491968607006,有顺带一下的吗？,0,2,0,2022-07-25 20:27:23,来自北京,51451001557,胡砍乱编
7124328819137938190,以和平践行者身份进入战区，实地检验战地情况,0,0,0,2022-07-25 23:16:34,来自山东,12777340478,自由国度何时来
7124316499640435468,为解放军加油！点赞[赞][赞][赞][赞],0,1,0,2022-07-25 22:28:10,来自四川,55104866809,金陵一哥1
7124502621763388160,半路被乌克兰骚扰咋办,0,0,0,2022-07-26 10:29:26,来自陕西,101966745240,秧戈尔谝闲传
7124449593995723520,俄乌冲突之际举办这次军事比赛，交流学习，应该有实际内容,0,0,0,2022-07-26 07:04:26,来自北京,105004555778,岁月无痕84524
7124342462360896297,建议比赛时间延续一年,0,0,0,2022-07-26 00:09:06,来自河北,106782521248,才高八斗宇宙oZ
7124258456865522446,是去开罐头吗？,0,6,0,2022-07-25 18:42:55,,3366730495,自由浪遏飞舟
7124395343525479205,比赛是学习的机会，交流经验，提高实战能力。,0,1,0,2022-07-26 03:42:35,来自江苏,104534957770,博学多才的风声vc
7124471433463726852,应该实战检验下,0,0,0,2022-07-26 08:29:54,来自广东,55556971603,5854672318802华山论
7124457962558784294,参加军事比赛是手段，到战场上捡验才是目的。中俄联盟，天下无敌。,0,1,0,2022-07-26 07:37:41,来自广东,102201777398,欢快荷叶nW
7124372931169567503,很好的实战机会。全国人民等着将士们胜利凯旋[加油][加油][加油][加油][加油],0,1,0,2022-07-26 02:11:01,来自广东,70819046299,好玉
7124504475729249063,交流一下，坦克打火箭炮的经验,0,0,0,2022-07-26 10:37:56,来自广东,4252563929307037,润物静悄悄
7124475731018531622,中俄友谊万岁，力挺,0,1,0,2022-07-26 08:46:21,来自浙江,70094702717,阿峰家私
7124354031480898342,好好交流交流，慢慢学，时间长着呢,0,0,0,2022-07-26 00:57:47,来自北京,51120280128,偶尔轻松
7124337000861221665,参加完交流演习，直接把装备留那就行了。,0,0,0,2022-07-25 23:48:52,来自山东,86578322577,勇者无惧2312
7124415757404521251,比赛完，武器都卖了，省运费！,0,0,0,2022-07-26 04:55:45,来自北京,6330302044,slysion
7124384343862592270,多交流实战经验！,0,1,0,2022-07-26 02:57:45,来自山东,55309946035,阳光146742406
7124342050711012108,坦克怎么防导弹吧！得研究研究出一条思路！,0,0,0,2022-07-26 00:08:35,来自广西,56368497103,用烈酒放翻兄弟
7124302928659120927,亲家拉你一把,0,2,0,2022-07-25 21:35:01,来自山东,63199519412,灬难得糊涂灬灬
7124378130483036943,面对西方国家的无赖行径，军事上得有点准备！,0,1,0,2022-07-26 02:32:10,来自贵州,2708786195476772,愉悦的圆月cH
7124321697318142733,名义上演习，实际是去取实战经验[赞],0,0,0,2022-07-25 22:48:03,来自湖北,69961009926,月兔65
7124312559893103397,多取实线经验之经！,0,2,0,2022-07-25 22:12:34,来自江西,3065086915908564,用户天天向善
7124386382738752295,敲山震虎，令人振奋。[赞][赞],0,0,0,2022-07-26 03:11:49,来自内蒙古,2906758758273579,丝缕春语
7124248550473106180,应该交流！,0,15,1,2022-07-25 18:04:51,来自四川,5984177578,17790284953
7124457978337788712,说是国际比赛，其实就是中俄交流,0,0,0,2022-07-26 07:36:51,来自海南,2612047589934328,雨润军军
7124288975502000908,路遥知马力，日久见人心。[赞][赞][赞],0,3,0,2022-07-25 20:41:12,来自陕西,109233117107,涛声依旧456094140216
7124453667779904296,多拉点过去，比赛完了，人回来，设备留下，明年再来呗！,0,0,0,2022-07-26 07:20:03,来自四川,5473100772,胡荣红
7124252746043704105,就是不让你看最先进的[看],0,0,0,2022-07-25 18:20:18,来自广东,1820400635099552,omlb0001
7124405718295806751,比赛完，把东西留下,0,1,0,2022-07-26 04:20:20,来自湖北,52046914478,风趣喷子太多
7124443559295763213,这盘棋下的好大！,0,0,0,2022-07-26 06:42:01,来自天津,2827537283809928,勇敢的圆月g7
7124283057875616527,好！！[玫瑰][玫瑰],0,3,0,2022-07-25 20:17:31,来自福建,2119501840919360,开朗豆浆A8
7124481894338577183,"友谊第一，比赛第二！
互相交流，共同进步！",0,1,0,2022-07-26 09:09:46,来自辽宁,818462401235195,苏区避尘轩
7124429954494268175,朋友现在家庭困难，拉出去的这点装备就做个顺水人情送给他们吧,0,0,0,2022-07-26 05:49:03,来自湖南,57597212762,明明155137017
7124276299778507561,炮筒这样固定要拉变型的,0,2,0,2022-07-25 19:51:29,来自山东,3667741142,诚实诚信的邻居
7124470728338440964,这个时间与俄军演?！是真是假？,0,0,0,2022-07-26 08:27:21,来自广东,2432544407034963,为胜利干杯
7124448969819996960,应该比较容易赢吧,0,0,0,2022-07-26 07:03:09,来自山西,6023329686,零76302971
7124322989650215715,过去50个专列才好,0,0,0,2022-07-25 22:52:42,来自青海,62369835490,记忆177606378
7124295150964048654,应该去战区实地演练,0,4,1,2022-07-25 21:04:44,来自江苏,93047996318,拐子8848731
7124185041093608195,一年一届的国际军事比赛又要开幕了，预祝我兔勇创佳绩，战士们平安归来[爱慕][爱慕][爱慕],0,8,0,2022-07-25 13:58:32,来自内蒙古,3009602879,快乐的哼哼
7124450313658123043,这个名字满洲里有点不好听,0,0,0,2022-07-26 07:07:02,来自浙江,1635702485293631,乘风破浪陈小
7124497678646084364,啥啥这就对了相对学习！[赞][赞][赞],0,0,0,2022-07-26 10:10:16,来自河南,531806182189885,运筹帷幄枫叶w7
7124415550532616967,关注欧美反应和制裁,0,0,0,2022-07-26 04:55:17,来自天津,52640311517,房够住也要买224
7124460748646318851,不战而屈人之兵。,0,0,0,2022-07-26 07:48:36,来自云南,6953207020,逍遥王保长
7124189597860823845,可能是额要车呢,0,3,0,2022-07-25 14:15:35,来自湖南,102061160331,一根藤上柒朵發
7124486549060043551,比赛目的是为了备战。俄乌打仗可战场观摩。,0,0,0,2022-07-26 09:28:09,来自内蒙古,4028207852700206,用户江海春潮
7124458938397410062,比赛场地应该是乌克兰……,0,0,0,2022-07-26 07:41:35,来自河北,50254684585,象棋王4
7124339229442392862,北约可以为乌克兰提供的所有帮助，其他国家也一样可以为俄罗斯提供帮助，这并不是谁高兴与否的事,0,1,0,2022-07-25 23:57:41,来自四川,5781470838,赶虎驱狼
7124197795296920358,大毛:好兄弟，今年一定要陪练，不要再砸场子了[灵光一闪][捂脸],0,4,0,2022-07-25 14:47:59,来自河南,6098998775,SGT军士长
7124402370850685700,目前有37国参赛，证明了这37国都是支持俄罗斯的。[玫瑰][玫瑰][玫瑰][玫瑰],0,1,0,2022-07-26 04:11:49,来自海南,50275738998,A美丽三亚
7124271372557370124,这局势军事竞赛不暂停啊！,0,2,0,2022-07-25 19:33:08,来自湖北,5831719562,springinair
7124507284915077891,为俄罗斯点赞,0,0,0,2022-07-26 10:48:59,来自北京,109162047769,苦咖啡5227
7124321621976072990,白等：中俄在玩啥呢？我能不能去看看啊？,0,0,0,2022-07-25 22:48:05,来自山东,6930145186,流金岁月119810491
7124319530213557003,一个合成营装备最好,0,0,0,2022-07-25 22:39:49,来自四川,4256911038359891,活泼青山Jm
7124147846848561923,大鹅今年还举办啊？参赛选手不都战死好多了吗。不过既然举办了，今年小乌会不会来啊[捂脸],0,3,0,2022-07-25 11:33:43,来自福建,110853305172,三生石260
7124461558130524968,国际？危险⚠️,0,0,0,2022-07-26 07:50:43,来自辽宁,59513133378,旭日1500
7124474425374393088,实战经验不是交流出来的，是战场打出来的。,0,0,0,2022-07-26 08:40:35,来自江苏,77044919838,虚无缥缈半生缘
7124481610917495567,支持[赞][赞][赞],0,0,0,2022-07-26 09:08:30,来自河北,3052719946338616,德者事成
7124401765747196675,可能运坦克是假，运芯片是真吧,0,0,0,2022-07-26 04:12:10,来自山东,6526397827,好学豆花Y6
7124443617246675746,正在战乱时期…,0,1,0,2022-07-26 06:41:35,来自天津,1956772771016376,大路朝天路广明
7124461030486606604,国际几个国,0,0,0,2022-07-26 07:49:37,来自河南,4656990619,雷鸣超市陈列分享
7124463847741833991,中国的比赛宗旨是：友谊第一，比赛第二，交流经验，取长补短。,0,0,0,2022-07-26 08:00:06,来自河北,62157658252,正议之路
7124459026322490120,比赛完了人回国都可以了。,0,0,0,2022-07-26 07:41:34,来自重庆,59416672827,山城1774054
7124488166425985824,中俄友谊万岁,0,0,0,2022-07-26 09:35:00,来自安徽,5938708786,c72219308
7124345275065484046,中国的武器装备最好能在实战中检验一下，这比竞赛更具有意义。,0,0,0,2022-07-26 00:21:34,来自湖北,1917170373102846,xiaoxingyiyi
7124342282949985024,比赛完装备需要维修，参赛人员回国，装备留下维修，明年继续比赛！,0,0,0,2022-07-26 00:08:31,来自河北,102358974453,用户在线668
7124311898270532383,[大笑]四辆坦克的后勤补给，估计需要七十多列车皮运载。,0,3,1,2022-07-25 22:09:49,来自陕西,58579532726,佛祖因何顿悟
7124142692392665887,俄罗斯还能办坦克两项，说明手头的t72b3只多不少,0,5,0,2022-07-25 11:13:22,来自浙江,5557121283,BLYATMAN
7124268159116526369,坦克比赛真的没有什么意义，不如战场上体验咱们的武器装备性能到底咋样。,0,2,0,2022-07-25 19:20:30,来自山东,58588472476,凤凰154611271
7124385265837392671,看透别说透，才是好朋友。[泣不成声][泣不成声],0,0,0,2022-07-26 02:59:27,来自河南,50543575392,七棵星满天飞
7124461436524364578,"以前我们仰视
如今我们俯视",0,0,0,2022-07-26 07:50:06,来自四川,2576844892151918,沉默的AK
7124306707123045135,多出去练一练，秀一秀,0,0,0,2022-07-25 21:49:20,来自山西,3825237261,布付青葱
7124460016169517839,正好实战一下[灵光一闪],0,0,0,2022-07-26 07:44:32,来自浙江,59630171640,挥不去一抹红
7124350854630900488,比赛是交流，给俄罗斯助威才是重点,0,0,0,2022-07-26 00:44:05,来自河南,1877617821619256,清新枫叶o7
7124222900655620871,有楔形前装甲了,0,1,0,2022-07-25 16:24:57,来自湖北,5830730077,老查67098426
7124327995720434468,第一这么兴奋∴[赞][赞][赞][赞][赞],0,0,0,2022-07-25 23:13:08,来自北京,50893044886,手机用户麻球烦
7124465477665096483,多带些武器装备过去。返回时人回来就行了,0,0,0,2022-07-26 08:05:45,来自浙江,59198885598,山水贵州情
7124257696513606441,99式怎么还不安排出国门呢,0,0,0,2022-07-25 18:39:26,来自广东,4498849685846771,日月
7124204042226025247,建议去乌克兰战场看看,0,3,0,2022-07-25 15:11:44,来自安徽,2616462917245694,肉肉君eQYP
7124311950699873036,希望这次能有公平竞赛的机会，不要因为东道主就无视公平。,0,0,0,2022-07-25 22:10:39,来自河北,98513573894,南北二话
7124274421879194375,这个真管用,0,3,1,2022-07-25 19:44:39,来自山东,3677188623445255,红皮书
7124422469594874628,还以为是支援战斗民族！,0,1,0,2022-07-26 05:22:35,来自江西,3988668710401501,认真的轮船r
7124262934989226766,我还以为出兵了呢[捂脸],0,5,0,2022-07-25 19:00:03,来自江苏,17209061961,稀奇稀奇太稀奇
7124249771548181284,那些国家参赛？,0,4,0,2022-07-25 18:09:22,来自上海,6027021921,来旧雨
7124285072194257697,期望再出佳绩,0,0,0,2022-07-25 20:25:51,来自浙江,4244584745927856,五泄蜂
7124203216002827022,建议把比赛场地设在基辅周边,0,5,2,2022-07-25 15:08:35,来自北京,60252738010,早安word
7124263679608472357,战场覌模团！,0,1,0,2022-07-25 19:03:07,来自云南,105384090647,951道路救援
7124256229999788811,国际？[捂脸],0,5,1,2022-07-25 18:34:14,来自湖北,56835358460,我把你好有一比
7124301460745290511,大鹅太厉害了[赞],0,0,0,2022-07-25 21:29:01,来自广西,2648085181513095,前前向前冲
7124288865124352805,又去给潜在客户做产品展示去了！,0,0,0,2022-07-25 20:40:27,来自巴基斯坦,184369456362190,德水香林六道题
7124443037828399903,多运去些远火，走时卖掉！双赢！,0,0,0,2022-07-26 06:39:40,来自山西,2295376771027164,智者用户名老李
7124293713572512544,俄罗斯根本就没拿美国和欧洲当回事,0,0,0,2022-07-25 20:59:30,来自辽宁,58980791244,煽风点火30
7124461768243675944,意义深远！,0,0,0,2022-07-26 07:51:26,来自陕西,53947062731,戈影00
7124485454992950057,不会是志愿军吧？呵呵,0,0,0,2022-07-26 09:23:28,来自上海,320692601500844,勇敢的轮船Oy
7124328853828551459,去乌克兰吗？,0,0,1,2022-07-25 23:15:44,来自河南,85970102040,打板子789
7124283203036119848,俄罗斯的坦克飞头大赛经验丰富，不过这个咱们不能学,0,0,0,2022-07-25 20:18:02,来自河南,73960802441,别走老司机923
7124271323782251299,什么宝贵实战经验？[呲牙],0,0,0,2022-07-25 19:32:25,来自广西,2845132885074187,南海平凡男人
7124439529578726185,就是送货去了……,0,0,0,2022-07-26 06:25:44,来自辽宁,624134836193071,用户一袋烟
7124255343810822925,境外比赛基本每次都是第一名,0,0,0,2022-07-25 18:30:47,来自湖北,23631739710,恶心的正能量狗
7124286939356250916,太棒了，顺便带上点东西，用过淘汰不要了留给俄罗斯[捂脸],0,2,0,2022-07-25 20:33:08,来自广东,2176688146619192,睿智雨后青山
7124266053454316323,我感觉竞赛是假，合战为真,0,0,0,2022-07-25 19:11:53,来自北京,5774685673,人工智能圈
7124374456621253417,怪不得今年高考报考军校的分数很低,0,0,0,2022-07-26 02:18:07,来自湖南,4292939460117229,劭者之功
7124345779631915780,中俄友谊万岁[赞][赞][赞][玫瑰][玫瑰][玫瑰],0,3,0,2022-07-26 00:23:59,来自上海,2419345982232403,热情的淡泊的光束ki
7124504155800355616,美粉不敢看了,0,0,0,2022-07-26 10:35:19,来自广西,102263016895,四季百草
7124343756056625961,俄罗斯在真正的战场上拿不到冠军！,0,0,0,2022-07-26 00:14:27,来自天津,103646806632,享受中午的太阳
7124131442745246505,中国梦世界梦[赞][赞][赞],0,2,2,2022-07-25 10:29:01,来自云南,58624602560,征服太空外星人
7124358558489166596,第一是不会给中国的，看看之前的比赛就知道了，这种比赛都没必要去,0,0,0,2022-07-26 01:16:05,来自广东,2853973633023860,优美风铃tD
7124417450619421455,去年俄罗斯来中国，今年去俄罗斯,0,0,0,2022-07-26 05:01:36,来自广东,967222472475262,惠州聪哥生活记vlog
7124282946370274048,中俄联合可保世界安全！加油，乌拉，八爷喝力！[赞][赞][赞][赞][祈祷][祈祷][祈祷],0,4,0,2022-07-25 20:17:15,来自黑龙江,96688830119,张景勇829
7124303523898524420,反正是第二名[捂脸],0,1,0,2022-07-25 21:37:43,来自山东,66273237092,花如果2请深2
7124279860021281551,"预祝我们中国人民解放军，拿岀一不怕苦二不怕死的精神，捧得满意成绩而归。
加油[加油][加油][加油]",0,3,0,2022-07-25 20:05:17,来自广西,3452933951463543,在空间啦
7124278190729610024,"希望人回来东西留下
[微笑][微笑][微笑][微笑][微笑]",0,5,0,2022-07-25 19:58:40,来自河北,93064099309,帅正123
7124271096849220363,比赛完坦克就留给俄罗斯了,0,0,0,2022-07-25 19:32:17,来自浙江,104614506444,橙皮127
7124269570919383841,一个战场一个样，实战经验,0,1,0,2022-07-25 19:26:16,来自山东,102044680216,临沂戚哥
7124263414855271179,好[鼓掌][鼓掌],0,4,0,2022-07-25 19:02:01,来自山东,171144300993917,正义判官之七情浪子
7124320553242460962,好,0,1,0,2022-07-25 22:43:19,来自山东,104994207186,豁达百香果ge
7124320444186493733,比赛结束后，参赛选手回来，装备就留下吧，运费也挺贵的[大笑]要是能参与一下实战更好，锻炼一下多年没打仗的队伍，为解放台湾做准备。[呲牙][呲牙][呲牙],0,1,0,2022-07-25 22:43:28,来自黑龙江,98001115651,用户中方祥军
7124138357805859599,有意思,0,1,0,2022-07-25 10:56:12,来自北京,108163585337,莲华在水琉璃光
7124284506588087070,空车回！,0,3,0,2022-07-25 20:23:23,来自河北,9670416329,手机户车太贤54504226
7124473001475015436,比赛结束后，参赛选手回来，装备就留下吧，运费也挺贵的[大笑]要是能参与一下实战更好，锻炼一下多年没打仗的队伍，为解放台湾做准备。[呲牙][呲牙][呲牙],0,1,0,2022-07-26 08:36:00,来自上海,3069434010015918,一个散淡的凡人
7124249471063655202,此事不小,0,7,0,2022-07-25 18:07:27,来自江苏,3267390804335544,十钱天师
7124293145382486821,智慧,0,3,0,2022-07-25 20:57:03,来自江苏,25769762920,聪明小鱼v
7124331987909296903,多去点,0,4,0,2022-07-25 23:28:50,来自江西,2770406988849264,星悦本悦baby
7124268926389076776,满洲里？,0,0,0,2022-07-25 19:22:56,来自吉林,4441670717809791,蔚蓝天空我的爱
7124374823647920937,该出手了,0,0,0,2022-07-26 02:19:15,来自海南,2044717466136340,中国战术五三行
7124312942929281831,"很遗憾，对于曾拥有四十多万铁道兵部队的我国，却无法组队参加《铁道兵的“钢铁动脉”》这一项目！
是时侯考虑重建铁道兵了！尤其是西部边境漫长的铁路线，战时唯有铁道兵能保证钢铁大动脉的畅通！",0,0,0,2022-07-25 22:14:15,来自四川,58832869763,CqCdr198413473
7124500249041421069,中国加油,0,0,0,2022-07-26 10:20:10,来自北京,94136068625,用户探3120194141421
7124494618003538724,棒棒的,0,0,0,2022-07-26 09:58:22,来自新疆,72074670044,曙光247930775
7124315873871315747,敬礼,0,0,0,2022-07-25 22:25:05,来自山东,63074577803,只爱说大实话
7124295208300413696,哈哈哈,0,1,0,2022-07-25 21:04:44,来自四川,2625283315467540,仰望星空1972
7124270510338966280,没听说过,0,1,0,2022-07-25 19:29:45,来自安徽,1450989713374750,A纯纯粹粹
7124288264248525603,时机！,0,1,0,2022-07-25 20:37:50,来自山东,5207879691,此来哦
7124482508049892137,好主意！,0,0,0,2022-07-26 09:11:56,来自内蒙古,103252256851,乐观的可乐ng
7124282020427301670,同病相邻,0,1,0,2022-07-25 20:14:18,来自安徽,52412707507624,无双星辰20
7124289155924198159,人与类聚,0,0,1,2022-07-25 20:41:19,来自安徽,72702942466,净已静轻已清
7124202897981768480,好,0,0,0,2022-07-25 15:07:27,来自河北,3973090965,月下独酌cobra
7124276260083647273,加油,0,0,0,2022-07-25 19:51:22,来自陕西,59500099239,L用户名0
7124202514924487432,点赞,0,1,0,2022-07-25 15:05:41,来自江苏,60743075546,好人168409813
7124298725052498702,要是运到乌克兰就好了 战争是检测武器的唯一标准,0,1,0,2022-07-25 21:18:38,来自内蒙古,624939388371341,率真心旷神怡
7124496497076388647,去观摩一下俄乌之战，亲临现场才能锻炼军队，特别是指挥员,0,0,0,2022-07-26 10:05:36,来自上海,53774912145,心静止水jc1999
7124501123091809058,呵呵，大国智商与众不同[赞],0,0,0,2022-07-26 10:23:30,来自江苏,52252105179,祥哥cai
7124250906786595599,拉战场试试，怎么多年没干了，还会干嘛？,0,5,0,2022-07-25 18:12:58,来自山东,4230516970621472,用户冷眼
7124498690143683361,国际军演对抗比赛第一，“文无第一，武无第二〞武器交流、战术交流，实战第一。,0,0,0,2022-07-26 10:14:02,来自广东,3977969772,自然人30963943
7124292209293705984,不作死就不会死！,0,0,0,2022-07-25 20:53:14,来自广东,1081575639100142,朱绛珠
7124329775543403294,头脑简单的，只会顺着题目想，如果这是道脑筋急转弯题，必败无疑。,0,0,0,2022-07-25 23:19:40,来自福建,698911018462168,一道彩虹F6HJ
7124329624280564518,应该多拉些武器,0,0,0,2022-07-25 23:20:06,来自河南,50031191772,不言而遇4
7124154969153995531,这个比赛没啥实际意义。,0,2,0,2022-07-25 12:01:12,来自甘肃,104090859254,一斤6两
7124267362513060642,这主意不错！[灵光一闪][灵光一闪][赞][赞][捂脸][捂脸],0,2,0,2022-07-25 19:16:39,来自北京,101777626782,西边来的和尚
7124340251962770209,建议我国大力发展大威力自杀式无人攻击机，巡检式、自巡视、追踪式自攻击无人机...,0,0,0,2022-07-26 00:01:50,来自河北,3973089021,yoyollkj
7124432970513613608,[中国赞][中国赞][中国赞],0,0,0,2022-07-26 06:00:40,来自广东,4309676821321678,飞翔大海天空
7124267389956834062,不会是送武器的吧。[捂脸],1,0,1,2022-07-25 19:17:34,来自广东,86742761131,大腿真大腿
7124288980551598860,跟国际挨不上边吧。,1,0,0,2022-07-25 20:41:06,来自北京,5523128525,武哥58284786
7124267023638561539,回来时拉上模型,1,2,0,2022-07-25 19:16:05,来自陕西,4481216038309037,自若河流HC
7124299278964867855,为什么这么多人喜欢去趟浑水？,0,0,0,2022-07-25 21:20:32,来自浙江,500975086876990,高贵中华民族
7124295623012614951,大鹅心里苦啊！那么多T80/72都被标枪开了罐，你让他跟你如何交流经验？,0,0,0,2022-07-25 21:07:02,来自湖南,1728064139309203,打假揭穿2020
7124287841139671815,比赛完了，武器也送给你,0,3,0,2022-07-25 20:36:25,来自浙江,52443243800,泾县平垣赵家
7124311841790264064,北约想参与亚太，中国是不是可以以团或旅为单位，轮流到乌克兰实战体验，为后续应对台海做实战准备,0,0,0,2022-07-25 22:09:16,来自湖南,4019443146696071,一往无前沙滩Fg
7124285229770474247,失败的经验也是经验,0,0,0,2022-07-25 20:26:18,来自浙江,52108478305,路过踩到脚
7124280256554517281,比赛各方趁机开赴俄乌战场，进行实地竞赛，不是更能显示水平吗？,0,1,0,2022-07-25 20:07:12,来自山东,71929496531,了之散人231238521
7124506574902936333,比赛时打了当地老百姓的鸡，给我们买了回程的火车票。,0,0,0,2022-07-26 10:45:40,来自四川,5456732168,第一金纪人
7124477113452888835,多拉些需要的，危难关头帮助朋友，朋友日后感激不尽。,0,0,0,2022-07-26 08:51:32,来自广东,3900700099876796,a唯壹
7124399797393801984,每次去比赛都受一肚子气回来！俄罗斯弄虚作假！,0,1,0,2022-07-26 03:57:54,来自江苏,92931037051,njwsd
7124417710666810148,实战是检验真理的唯一标准。去乌克兰。,0,0,0,2022-07-26 05:03:46,来自辽宁,59526865262,无忧的西柚PN
7124326305826784040,军演是借口，军援才是真[大笑],0,1,0,2022-07-25 23:05:52,来自吉林,51798139784,噶啦德斯汰
7124284317102637862,这样弄在国际上能起什么作用？,0,0,0,2022-07-25 20:23:27,来自浙江,1947948506944300,上进的荷叶Lp
7124283099555037985,应该按排在乌克兰比赛吧！,0,1,0,2022-07-25 20:18:33,来自天津,93143381739,小成春秋197
7124297576044151591,人家终归愿意把自己人生命换来的经验告诉你 [捂脸],0,0,0,2022-07-25 21:14:41,来自江苏,1050768486443148,热情的溪水zR
7124323667403801355,把运过去的装备留给俄我想效果不错的。,0,0,0,2022-07-25 22:56:10,来自广东,76312902424,龙的传人
7124483081297543971,不合时宜，不要拱火,0,0,0,2022-07-26 09:14:05,来自安徽,149970303062124,云松yunsong
7124304312394138368,送武器去了,0,2,0,2022-07-25 21:40:11,来自广东,76336161290,未来科技研究院
7124328207230485260,顺便把东西留给大帝吧,0,0,0,2022-07-25 23:13:53,来自广西,110577624598,相信自已239
7124285341498065672,开着96式去乌东练一下，感受一下实战也挺好的,0,1,0,2022-07-25 20:26:41,来自河南,59838274871,家中有宝进行时
7124292291732751136,"站队啊！
不是支持的支持！",0,0,0,2022-07-25 20:54:06,来自四川,104817232537,用户陶仁贤
7124280016602825504,交流实战经验？说说就可以。,0,0,0,2022-07-25 20:06:28,来自广东,5936791922,无畏无惧2018
7124312422626034468,不知道又有多少工厂要撤了，多少工人失业了[汗],0,1,0,2022-07-25 22:12:04,来自江苏,97455774511,乐天派蜻蜓om
7124434135766647566,这个时候，明智吗？,0,0,0,2022-07-26 06:06:02,来自吉林,110517534937,旅行家东兴1V
7124327415320855311,缺乏正治远见,0,0,0,2022-07-25 23:10:13,来自广东,59056518502,竹叶青青158938525
7124331085445923618,俄罗斯已经落伍了!,0,0,1,2022-07-25 23:24:33,来自陕西,63278265634,勉县王建荣
7124324142077707023,应该带点好东西过去,0,0,0,2022-07-25 22:57:26,,465794282553933,直爽大海游子
7124340140822283045,后来就全部“坏”了，没有拉回来了。,0,0,0,2022-07-26 00:01:07,来自广东,61335368732,向往北飞的孤雁
7124282389815477029,参赛不如参战，现实版的最历练自己,0,2,0,2022-07-25 20:15:23,来自河北,96916507502,星空80333
7124275857548067584,我当是直接横穿俄罗斯到乌克兰呢,0,0,0,2022-07-25 19:49:56,来自河南,6153559187,平凡80780190
7124350348991120132,不解释还好，解释就露馅了[大笑][大笑][大笑],0,0,0,2022-07-26 00:43:43,来自北京,4675542946,V5V5V587
7124321729644004096,不会是找借口支援吧,0,0,0,2022-07-25 22:48:00,来自山西,2027131002695309,MM爽歪歪
7124329937767023391,体育比赛还届届有新人，这么多年总是一个型号去比赛，没意思,0,0,0,2022-07-25 23:21:02,来自河北,13995158719,坦荡的沙滩JD
7124395977674507047,实践是检验真理的唯一标准。其实是错误的。时间才是,0,0,0,2022-07-26 03:48:41,来自江苏,2555696383003539,超级神奇的蜗牛
7124342779090060062,装备不小心丢了，人没事就好。,0,0,0,2022-07-26 00:11:30,来自广东,4215684212,红领巾锄奸队
7124505083345568552,还是跑圈,0,0,0,2022-07-26 10:39:23,来自四川,51099309122,孟靖怡1
7124304268097798947,参战了。,0,0,0,2022-07-25 21:39:55,来自北京,3227785097657656,西伯利亚狼xf2
7124483548639544079,变相支持,0,0,0,2022-07-26 09:15:58,来自福建,4186542934875799,淡定天空LI
7124501782470116130,这时候俄军还有闲功夫忙这种事，也是奇葩了！,0,0,0,2022-07-26 10:26:05,来自广西,6793886475,大大肥宅快乐水
7124277975624762123,去乌比赛，看谁进攻的快,0,1,1,2022-07-25 19:58:20,来自浙江,100314507373,半百的少年
7124328440304026404,以参赛的名义，满载的军备给俄方雪中送碳。军人最好能投入战场，实战锤炼一下，方能实战出真知。,0,0,0,2022-07-25 23:14:53,来自福建,698911018462168,一道彩虹F6HJ
7124294443011752707,俄罗斯在乌的表现太差。,0,0,0,2022-07-25 21:02:11,来自江西,58876193931,吴言正语
7124272979386925862,如果乌一枚导弹误射到赛场上怎么处理？,2,0,0,2022-07-25 19:39:16,来自四川,111207184182,用户4987109074225
7124147437777863431,96B是不是专门比赛用的,1,1,0,2022-07-25 11:31:41,来自山东,2273418016195112,用户436273478840
7124437372628599565,演习结束，人回来，武器就留下吧！,0,0,0,2022-07-26 06:18:25,来自辽宁,50311564277,手机用户50311564277
7124305097017918244,有37个国家275支队伍参加军事竞赛，证明俄罗斯的朋友圈还是很大[赞][玫瑰][比心],0,1,0,2022-07-25 21:43:25,来自北京,1209060640425212,用户5444746674252
7124313212874425127,中俄友谊长存,0,0,0,2022-07-25 22:15:06,来自辽宁,82730618277,手机用户82730618277
7124251091667174179,点赞[给力][给力][给力][赞][赞][赞],0,4,0,2022-07-25 18:13:43,来自北京,3276185947083015,用户2515817885430
7124255990450553615,俄罗斯的国际地位日益增长！在这特殊时期，还这多国家参加！,0,5,0,2022-07-25 18:32:39,来自广东,100414313260,用户5920427997514
7124261603457450756,强强联合为和平点赞,0,5,0,2022-07-25 18:55:31,来自重庆,64272867486,用户6236657859265
7124501667554280199,俄罗斯军队和武器是经过实战化的，非常棒棒的[赞][赞][赞][赞],0,0,0,2022-07-26 10:25:36,来自云南,4305305953895976,用户3886672009872
7124262833424089891,这是战场上见真章,0,5,0,2022-07-25 18:59:16,来自河南,1147522020291475,用户7002278328941
7124278416689529636,东风17运几颗过一去实战捡验一下,0,1,0,2022-07-25 20:00:06,来自福建,98865159217,用户5829943744727
7124248158640816934,合作交流互相取得经验,0,7,0,2022-07-25 18:02:57,来自北京,92332406460,用户5261568217410
7124475005622223655,中俄两军加强军事方面的合作，反对霸权。,0,0,0,2022-07-26 08:43:38,来自福建,66862930518,用户7340153125952
7124478750955782927,中国的军事专家应当和俄罗斯的一些专家，多多交流，多多听些最近俄罗斯与乌克兰发生战争中的经验。,0,0,0,2022-07-26 08:57:18,来自江苏,3632399204745508,用户5790459889850
7124250010633126686,数量品种太少！,0,6,0,2022-07-25 18:09:59,来自福建,2352542629767614,用户4115494021267
7124474144422626048,趁军演，大家的想法不谋而合,0,0,0,2022-07-26 08:39:18,来自河南,105825676670,用户105825676670
7124286002399281959,最好的实战，,0,1,0,2022-07-25 20:29:48,来自广东,2022722671219309,用户4010744697855
7124465317472453388,搞个实战比赛更有意义,0,0,0,2022-07-26 08:06:31,来自广东,3724743037171748,用户5081020647790
7124310389474722575,多带些过去吧，留下支持我们的战略伙伴。,0,1,0,2022-07-25 22:03:40,来自陕西,100045823039,用户1684705257969
7124486440280687400,比赛就是东方阵营的强大信号[赞][赞][赞][赞][赞][赞][赞][赞],0,0,0,2022-07-26 09:27:09,来自广西,61277325441,手机用户61277325441
7124443459528278795,合作共赢，互相交流！,0,0,0,2022-07-26 06:42:22,来自山东,65510157544,用户8292480224095
7124252744516682527,就不搭配点其他的东西？,0,4,0,2022-07-25 18:20:41,来自北京,55484390866,用户6881910922408
7124283441746641705,有点实战演练总是有益的,0,1,0,2022-07-25 20:19:04,来自安徽,2013937026219927,用户1601058725954
7124451512973001509,为解放军加油点赞，希望载誉而归！,0,0,0,2022-07-26 07:12:08,来自安徽,844074898427934,用户7570110092864
7124280650747970316,祝中国军人取得好成绩！,0,1,0,2022-07-25 20:09:00,来自北京,104624816306,用户3896396998235
7124317455455159073,预祝中国人民解放军取得好成绩。载誉而归。,0,0,0,2022-07-25 22:31:44,来自黑龙江,108180566292,用户9264890435833
7124462623508267788,为中国军人点赞加油,0,0,0,2022-07-26 07:55:33,来自黑龙江,2603232998471485,用户1193798711013
7124214448834986789,希望不要到这么危险的地方搞，比赛生命之上,0,0,0,2022-07-25 15:52:02,来自吉林,108012450967,用户8138802741896
7124314358489924384,交流后，再西进，参加真正实战。,0,0,0,2022-07-25 22:19:37,来自湖北,54419042975,手机用户54419042975
7124287277760971533,俄罗斯加油！,0,1,0,2022-07-25 20:34:21,来自江苏,104138875193,用户1083123712378
7124317563080934158,多帶些弹药，比赛会消耗很多的。,0,0,0,2022-07-25 22:32:06,来自广东,228312641189208,用户736904254610
7124331455308120839,可是联手抗击以美国为首的西方军事集团，中俄加油，为了捍卫世界和平,0,0,0,2022-07-25 23:26:55,来自北京,101113283040,用户9422386325240
7124464588167037707,希望俄罗斯早日成世界第一军事强国,0,0,0,2022-07-26 08:03:37,来自吉林,377866192694772,用户135255079510
7124309697704166158,联俄军作战比赛。,0,0,0,2022-07-25 22:01:29,来自广东,58993720215,用户9376923317946
7124265992393851685,看看96式能不能躲避标枪和毒刺和扛炸能力,0,1,0,2022-07-25 19:12:04,来自广东,1908368356149607,用户5948233211980
7124468987437597444,检测设备去了,0,0,0,2022-07-26 08:20:11,来自陕西,100406085354,用户6591572415926
7124309976822104845,人回来就行，装备暂时放在俄罗斯，等俄乌战争结束后再“拿回来”。,0,0,0,2022-07-25 22:02:29,来自江苏,3826755090535991,用户6565926711777
7124305629896491784,就是没有实战,0,1,0,2022-07-25 21:45:41,来自山东,651330999290040,用户5551100572290
7124260947313050407,解放军威武！！！[笑][笑][笑],0,4,1,2022-07-25 18:52:39,来自吉林,54065744992,用户54065744992
7124427874794717983,空军应该也去，,0,0,0,2022-07-26 05:41:50,来自天津,3065603505,用户7744364965349
7124377142578250537,中俄友谊长存,0,1,0,2022-07-26 02:30:14,来自四川,3315721411247820,用户2868134779088
7124289957111923486,比赛不比赛 都是1,0,0,0,2022-07-25 20:44:52,来自甘肃,65131796020,手机用户65131796020
7124345756730819368,"预祝我们中国人民解放军，拿岀一不怕苦二不怕死的精神，捧得满意成绩而归。
加油[加油][加油][加油]",0,0,0,2022-07-26 00:22:04,来自河南,166726675729768,用户6971873529186
7124505035316839208,啥经验？,0,0,0,2022-07-26 10:39:18,来自辽宁,4099397405919640,用户4704678227424
7124258339231793927,乌贼不信,0,0,0,2022-07-25 18:42:26,来自辽宁,52594141344,手机用户52594141344
7124316510868947725,没想到,0,0,0,2022-07-25 22:28:04,来自湖北,65585507212221,用户5456660948662
7124334393509937952,硬要被拖下水，还是要小心点。,1,0,0,2022-07-25 23:38:16,来自新疆,3971031172132003,用户219252689898
7124266350150746915,真正的战场在乌克兰！检验武器性能就要参加实战！,0,1,0,2022-07-25 19:12:56,来自河北,751688512450279,用户751688512450279
7124306905689899816,去乌克兰实地战场中俄加其他国家分为三个纵队来个真实的武器大比拼[来看我][来看我][来看我][来看我][来看我],0,1,0,2022-07-25 21:50:08,来自北京,77152000469,用户2360767413577
7124328158446633741,去乌克兰战场训练可否，训练完再把装备留给俄罗斯[呲牙][呲牙][呲牙][呲牙],0,0,0,2022-07-25 23:13:50,来自湖北,111113397636,用户1138391381452
7124457192467923725,把装备留给俄罗斯🇷🇺吧，我非常支持！🙏,0,0,0,2022-07-26 07:34:32,来自河北,81270177659,用户9732696237319
7124456064082658059,希望上前线实战一下.有机会我也报一下名,0,0,0,2022-07-26 07:30:32,来自浙江,874827072157405,用户8025037387889
7124312820514784041,这次多好的机会 帮助一下吧，兄弟国家,0,0,0,2022-07-25 22:13:16,来自新疆,64524855506,用户716773222255
7124354048337789726,武器都留下吧，省点油费[呲牙],0,0,0,2022-07-26 00:57:46,来自广东,229118806328215,用户23343456679097
7124269255235437327,人员装备必须充足，多弄点过去,0,4,0,2022-07-25 19:24:17,来自重庆,1487006368279166,用户3287736354585
7124473735335674624,可以多带些武器,0,0,0,2022-07-26 08:37:51,来自河南,105825676670,用户105825676670
7124270887092306692,比赛完后都不要了、留在俄罗斯吧,0,3,0,2022-07-25 19:31:31,来自浙江,102423997063,手机用户102423997063
7124295480582423304,1,0,0,0,2022-07-25 21:06:11,来自湖南,111039206249,用户3464219824319
7124427640361992997,只能意会不可言传！直接送器又要被人说三道四[捂脸][捂脸],0,0,0,2022-07-26 05:40:45,来自江苏,2968313206155293,无忧的风筝DW
7124379998119068457,一个月交流一次,0,0,0,2022-07-26 02:40:46,来自河南,105101014832,一壷老酒
7124350468520100648,👍👍👍🌹🌹🌹鼓掌👏👏👏中俄加油！！！,0,0,0,2022-07-26 00:41:02,来自北京,76579397250,清茶一杯mmc
7124498980276372259,应该派15式去玩玩了,0,0,0,2022-07-26 10:15:09,来自上海,2809984232981256,爱范爷爱冰冰范
7124435301199708961,嘿嘿[呲牙],0,0,0,2022-07-26 06:10:40,来自辽宁,3864505073,没往事实上
7124410948534354696,美欧又会对中国说三道四的了吧？,0,2,0,2022-07-26 04:39:45,来自山东,3017504765781271,上进的河流e7
7124496098525692685,好好好,0,0,0,2022-07-26 10:04:03,来自四川,50483336144,四川优必选
7124261792633258786,搞一下,0,0,0,2022-07-25 18:55:23,来自山东,7000944436,旅行时间圈
7124265939445220129,不要去,0,0,0,2022-07-25 19:12:11,来自河北,1930367397533580,韬略超群
7124454731606639396,哈,0,0,0,2022-07-26 07:24:42,来自陕西,2897947273469644,用户9965507092673
7124288144937304871,俄罗斯现在还有闲心整这个呢？,0,0,0,2022-07-25 20:37:49,来自河北,51867309040,期货老雷
7124472556681282307,尼日尔卢万达是什么鬼，鸡毛掸子么,0,0,0,2022-07-26 08:33:55,来自辽宁,105493823489,幸运云苔2022
7124467354230178590,[赞][赞][赞][赞][赞][赞][中国赞][中国赞][中国赞][中国赞][中国赞][中国赞],0,0,0,2022-07-26 08:13:26,来自河南,2123850062765790,端庄西柚fC
7124417113121047300,[握手][握手][握手][鼓掌][鼓掌][鼓掌][呲牙][呲牙][呲牙][赞][赞][赞][加油][加油][加油],0,2,0,2022-07-26 05:05:03,来自云南,61509530583,快乐的光束Bm
7124296558505853703,[赞][赞][赞],0,3,0,2022-07-25 21:10:29,来自河北,61287782881,小花狗22
7124287010906456863,👍👍👍👍👍💝💝💝,0,1,0,2022-07-25 20:33:09,来自辽宁,110119680283,用户4382690099313
7124286218954769186,[赞][赞],0,1,0,2022-07-25 20:29:49,来自四川,4094226499373815,真诚火车hy
7124305193772253983,[给力][给力][给力][给力],0,3,0,2022-07-25 21:43:47,来自河北,62735728718,葛小老头
7124337984132154112,[赞][赞][赞][赞][赞][赞],0,0,0,2022-07-25 23:51:43,来自甘肃,487786664959671,灵敏云朵zW
7124294060147376928,[赞][赞][赞][赞][赞],0,1,0,2022-07-25 21:00:47,来自辽宁,2203055256765084,快乐人生287073385
7124325415753728775,[大笑][大笑][大笑][大笑][大笑][大笑][大笑][大笑][大笑][大笑][大笑],0,0,0,2022-07-25 23:03:03,来自新疆,100041129011,史泰龙
7124389191203128064,[赞][赞][玫瑰][玫瑰][比心][比心][比心],0,0,0,2022-07-26 03:18:20,来自河北,72692605528,灬淘气O
7124277562595230504,👍👍👍,0,1,0,2022-07-25 19:56:24,来自河北,67786487945,用户3186481590430
7124249206692348687,👍,0,6,0,2022-07-25 18:06:22,来自广西,2634059836306011,糊涂x糊涂
7124278634726425377,[赞][赞][赞][赞][赞][赞][赞],0,1,0,2022-07-25 20:00:58,来自江苏,64365537423,幽默老班长
7124439180884755215,👍,0,0,0,2022-07-26 06:24:10,来自湖南,52647376454,手机用户52647376454
7124289011044549406,💪🏻,0,0,0,2022-07-25 20:41:06,来自黑龙江,92740069240,旅游策划规划专家
7124285924896473859,[打脸][微笑][打脸][打脸][打脸],0,0,0,2022-07-25 20:29:17,来自河南,373488373215645,朱虹泰
