7122828591968207650,严惩造谣者！,1,22,1,2022-07-21 22:13:35,来自四川,7742029394,大杨说法
7123029749584544546,工作单位为什么不出来帮她澄清？,4,6,1,2022-07-22 11:14:19,来自江苏,96881876653,金大发772
7122970832443474691,既然认为是诽谤，那么最好的证明方法就是 把你单位交社保记录给拉出来 就真相大白了？,1,6,2,2022-07-22 07:26:58,来自上海,2071077345825083,劳斯莱斯车主
7122819009388495631,这个时候需要警方才能平息！但警方愿不愿意费力去做？,2,0,0,2022-07-21 21:36:17,来自广东,2295415499394318,寨下蒋
7123008423130235648,网上那些说话随心所欲对他人的恶意伤害，当事人因该拿起法律的武器面对,0,3,0,2022-07-22 09:51:11,来自上海,1780832511473332,闹心怎么办
7122806092140135199,幸福不是晒出来得,1,7,0,2022-07-21 20:46:24,来自陕西,108178224138,随性自由的风铃kg
7123001025107264289,处理网络的诽谤，必须谨慎，否则会适得其反，引火烧身！,0,0,0,2022-07-22 09:23:37,来自天津,1363047368372312,自在水滴HC
7122828917899592463,支持你 拿起法律武器维护自己利益,0,2,0,2022-07-21 22:15:04,来自山东,98565622653,无味仔
7123022651102675747,有些人别具用心，干与良心相背的事，见不得别人好,0,0,0,2022-07-22 10:46:52,来自湖南,54076216137,狐山诗行
7123016642602697511,怎么又都看不起技师了，不要搞歧视哦,0,3,0,2022-07-22 10:23:57,,602171689413956,热闹轮船JQ
7122847299734078246,有人就是心生嫉妒,0,0,0,2022-07-21 23:27:32,来自山东,6216282492,漫步大明湖
7123009433143280420,每个人无论从事做什么行业，做人其实还是要低调，才能少招惹是非之议,0,3,0,2022-07-22 09:55:01,来自广东,75886468871,直爽柑桔Gk
7122957929464693519,为什么要口罩，怕被认出,0,4,0,2022-07-22 06:36:25,来自广西,3544418339783357,中国吧加油
7122990952327234334,就这么走红了。,0,1,0,2022-07-22 08:44:27,来自内蒙古,3082658827211262,冬咩熊
7122987109363450657,职业无贵贱，技师就低人一等吗,0,1,0,2022-07-22 08:30:04,来自广东,2761605809438808,超哥思维
7122987909783503650,清者自清！,0,0,0,2022-07-22 08:32:09,来自河南,61886350413,ZZIA小陈
7122984360152335137,不要在网上晒幸福，因为有太多的人不幸福……,0,4,0,2022-07-22 08:19:25,来自山东,2917363438,不穿衣服的男爵大人
7122943643069104936,真漂亮引发嫉妒了,0,0,0,2022-07-22 05:41:14,来自江苏,52438582768,爱价值投资的工程师
7122847307623957261,愿谣言止于智者,0,0,0,2022-07-21 23:27:18,来自安徽,101951805403,种花家的老百姓
7122961629435855656,同情这哥们,0,2,0,2022-07-22 06:50:19,来自上海,50410811703,又来又去3
7123032566462022400,别的不说这个金勃轩的广告到位,0,1,0,2022-07-22 11:25:14,来自广东,6082663913,红一刀
7122799497700442915,小伙子长得很帅，看起来年纪小一点，老老实实的。,0,0,0,2022-07-21 20:20:41,来自云南,94948070461,opm3
7122970317022217000,长得漂亮身材很棒,0,0,0,2022-07-22 07:23:55,来自上海,101244554531,哈维6伊涅斯塔8
7123030389182055202,挣钱嘛 不寒碜,0,1,0,2022-07-22 11:16:38,来自北京,3931452723957908,Dulududu 
7122946378665296643,乍一看，这俩还真的有夫妻相。,0,0,0,2022-07-22 05:52:33,来自陕西,96259567986,平民tt
7122786208966804262,今晚8点抖音直播高一物理。,0,0,0,2022-07-21 19:30:03,来自新疆,76461290834,物理老师一个
7122917706466870019,哈哈哈哈哈哈哈哈,0,0,0,2022-07-22 04:12:43,来自美国,110892622951,热心评论网友
7122858030013612831,老实人哎,0,1,0,2022-07-22 00:09:46,来自陕西,83566575680,自在的浮萍一道开
7123028608708477703,颜值不错,0,0,0,2022-07-22 11:09:45,来自山东,54909378203,雲遮秋鴈
7122994323888898820,干嘛要发布照片低调一下不好吗？,0,1,0,2022-07-22 08:57:45,来自山东,6732150827,猫哥视角
7122954365517906722,支持报警，最好调查清楚！,2,36,0,2022-07-22 06:22:23,来自福建,4142560058023691,薇薇逛红尘
7122571181521142528,小伙子也很帅，看起来年纪小一点，老老实实的。,28,189,4,2022-07-21 05:35:55,来自河北,3632937226,微笑只是因为默然
7122483537340859140,吃一堑长一智，以后别晒了，要知道，如果你很幸福，真正祝福你的人并不多。,5,76,1,2022-07-20 23:56:17,来自四川,61985306448303,神秘水滴55
7122660667865531176,男的穿的很随意,7,23,7,2022-07-21 11:22:09,来自山东,78830279072,云麾视野
7122413198799799044,新娘很漂亮，做财务工作的，很难很难看见这么漂亮的美女。,97,1716,91,2022-07-20 19:22:19,来自四川,3317951571,蓉城吕四
7122426239920505607,名字都爆出来不好吧，隐私呢,6,44,1,2022-07-20 20:12:40,来自安徽,2630478835760958,小熊不迷茫
7122435446617604905,网友太淘气 也得有个度呀,6,79,2,2022-07-20 20:48:04,来自北京,14419243560,骑魔毯的小仙女
7122653345269547809,这女的比图上的八号还要漂亮,6,85,1,2022-07-21 10:54:39,来自山东,96344443319,勇敢的饭团lB
7122451623091667747,山雨欲来风满楼，祸起订婚照，晒图需谨慎，防人之心不可无，害人之心不可有。,18,592,2,2022-07-20 21:50:47,来自浙江,54290978767,独孤谜探
7122419917592757027,抛开事实不谈，这小伙子挺帅！！！,20,83,1,2022-07-20 19:47:54,来自广东,105215609359,被风吹乱头
7122593817454478110,长得挺像江疏影,6,30,0,2022-07-21 07:03:40,来自辽宁,6538397389,糖一块_
7122673987817505571,为什么要诽谤人家？我想知道，这种无厘头的网络能制裁吗？,18,79,1,2022-07-21 12:13:48,来自云南,98396915352,清闲的花猫Q
7122603231171707678,有一说一，这女的很漂亮,21,140,2,2022-07-21 07:40:12,来自北京,2735211733587227,长弓影视剪辑
7122400091696300841,吃一堑长一智，以后别晒了，要知道，如果你很幸福，真正祝福你的人并不多。,3,168,2,2022-07-20 18:30:53,来自安徽,6590534431,见到三观不正就出拳
7122864553729196830,很多年前，在上海听一个主持人讲的狗血剧，一个富豪的儿子带着女盆友回家了，父亲一直不同意，儿子问他原因父亲久久不说，最后两个人准备结婚，父亲才告诉他儿子，原来女盆友以前就是做酒店小姐的，当年他父亲出差，还陪过他父亲，儿子一听怔住了，离家出走了，他不相信他的女盆友竟然和父亲有那样一个不堪的过去……事实就是如此戏剧！,7,33,2,2022-07-22 00:35:36,来自河南,975986605175485,卿本佳人落凡尘
7122604125837624072,技师也是正规行业，请不要带有色眼镜。,54,300,3,2022-07-21 07:43:26,来自河南,110579506068,守村人华光
7122463481575883520,俞某长的好漂亮啊[赞][赞][赞],5,117,8,2022-07-20 22:36:54,来自河北,96114015561,李富春787
7122500045626573602,这是嫉妒人家身材好漂亮,13,528,27,2022-07-21 01:01:16,来自湖北,63809934835,轻舞霓裳16
7122671005529178914,造谣污蔑不可取，恶意造谣着应该受到应有的惩罚。,8,32,1,2022-07-21 12:02:13,来自江苏,6610008662,三木先森呀
7122380762703381261,俞慧敏，身材真好,11,191,6,2022-07-20 17:16:24,来自北京,59899090659,四海一周00
7122337512986723079,会所技师一脸懵逼：这算是对这个职业的集体诽谤吗？[呆无辜]好比我是个评估师，却有人诽谤我是会计师,16,291,2,2022-07-20 14:28:24,来自湖北,67322420951,房产评估师G哥
7122438525181559586,我是妇产科医生 还有点脸盲。以前没有疫情的时候 经常在大街上看到一些女孩瞅我一眼就跑。可能我做过手术的病人。现在经常戴口罩 我才认不清谁是谁呢。还有我闺女某次家长会 某个同学家长是我的一个病人 看了很长时间的病 我只能装作不认识。人家已经会觉得尴尬 你还特意指出来,1,30,1,2022-07-20 20:59:49,来自河南,25268568244,洛神玫瑰
7122384387005776672,你们就羡慕嫉妒恨人家娶了个好媳妇吧,24,1372,63,2022-07-20 17:30:49,来自贵州,108148379535,乡村莫姐
7122314911841501959,我们单位是会（kuai）计师事务所，平时我们都简称叫会（kuai）所，有一次出差要开住宿费发票，结果前台服务员来了句你们在会（hui）所上班呀，我同事一脸懵，问她什么 什么会所？[我想静静],2,36,2,2022-07-20 13:00:00,来自安徽,1292679047024093,机智的轮船I5
7122433073522115358,造谣者，纯粹是妒忌别人长的漂亮！,6,36,7,2022-07-20 20:39:06,来自广东,897617389174574,乐观埃弗里3u
7122625341898212128,即便是，又能怎样，喜欢她就应该放得下她的过去，拿得起她的未来。。。只要她不留念，愿意彻底放下，那未来就好好珍惜彼此。,18,84,12,2022-07-21 09:06:04,来自重庆,589797499605444,王侯将相~九公子
7122461670689522472,怪你过份美丽,1,6,0,2022-07-20 22:29:55,来自陕西,3509240678061511,他日凌云志
7122702842519634720,这是嫉妒人家身材好漂亮,0,32,2,2022-07-21 14:06:56,来自广东,1944400551226187,Sandglass
7122426963964887816,不造谣，不传谣,34,370,37,2022-07-20 20:15:27,来自安徽,2630478835760958,小熊不迷茫
7122475590334284581,如果是真的，我不会说什么。如果是造谣的，那个造谣者就要负法律责任，一切交给法律吧,43,294,2,2022-07-20 23:24:43,来自福建,3122268100369566,上进朵朵佳
7122431307237491469,关键是私人的订婚这种事，放在网络曝光一下，到底是为什么[汗][汗][汗][汗],9,41,0,2022-07-20 20:32:07,来自新疆,6093895248,反杠反喷协会技术员
7122410156440863528,网络不是法外之地，必须严惩,7,26,1,2022-07-20 19:10:08,来自广东,105164257364967,小白与点点
7122392971450024738,支持男方报警，最好调查清楚！,5,58,4,2022-07-20 18:03:17,来自河南,4190920215,芳龄腹婆
7122390232527422245,查清楚 给人家还一个清白,8,69,2,2022-07-20 17:52:52,来自黑龙江,51613423866,小猪猪猪猪就是我
7122594033885168424,估计这次这几个造谣的也快被处罚了！,25,181,9,2022-07-21 07:04:02,来自新疆,307478318291966,家子说法
7122278982145557251,想证明自己目前在哪工作，作什么工作，不要太简单，工作证，社保，医保，公积金记录，工作环境，日常工作内容，随便拍，支付宝上随便都能查到，截图告知，希望是网友的戏言，这种事发在朋友圈获得大家祝福不挺好嘛，没有做好承担压力的准备，非要发到网络，网络本身就是一把双刃剑,22,50,5,2022-07-20 10:41:40,来自安徽,10532597579,简单12140
7122289022231249705,这种私人的事为什么要发到社交媒体呢？,10,49,0,2022-07-20 11:19:54,来自浙江,61230930877,飞飞行1
7122576202372121347,社交媒体啥意思？是普通的盆友圈吗？订婚发盆友圈还不行？？发社交媒体本意又是啥😳？,6,32,2,2022-07-21 05:57:19,来自安徽,901234970604508,勇者蛋糕bp
7122384225550484263,有没有造谣查了才知道，不过还是提醒女孩们，不要误入歧途，因为回头不易。,9,154,4,2022-07-20 17:30:15,来自湖北,111629227832,数字编号79877
7122381932813566756,是否8号又怎么样，难道不能结婚？只要合理合法，关他人何事？不要随意言语给他人造成麻烦。,36,275,8,2022-07-20 17:20:43,来自广东,5468069845,msusu
7122650912741049101,把幸福发到网上不一定招来的是祝福[捂脸],5,133,4,2022-07-21 10:44:50,来自安徽,4476849750292823,回音山
7122385983983010560,为什么要打码?去掉，让真相显现,2,5,0,2022-07-20 17:36:17,来自湖北,6902368559,武汉林更新
7122383003355480873,这小伙子也很帅啊,7,82,4,2022-07-20 17:24:46,来自四川,6700785926,周仓106737196
7122391860626359072,怎么看都不像做财务的,42,284,5,2022-07-20 17:59:48,来自浙江,111132835284,无双明镜g
7122755016716305183,女方2022年1月份抖音 上面都有开奔驰的大哥留言 慧敏 在上班吗？ 女方回复在上班的。 且另外一条抖音 一个开埃尔法的大哥也给他留言 [灵光一闪]事实是什么可不好说噢,7,38,0,2022-07-21 17:28:36,来自浙江,50229509797,小飙哥带带路
7122410377362916131,技师什么时候也成了侮辱性词语了。技师是职业技能资格等级的一种，属于较高的等级。职业技能资格等级共有一至五级，即：初级工为五级（最低等级）、中级工为四级、高级工为三级、技师为二级、高级技师为一级（最高等级），技师等级还是比较高的，在一般单位不是那么容易聘上。,105,1349,32,2022-07-20 19:10:50,来自上海,6728845741,健康生活的阿呆
7122412365270418206,万一网友拿出证据。。。,29,122,1,2022-07-20 19:19:08,来自广东,4446176786,很厉害阿
7122286541858292515,那些在朋友圈里的各种晒，本意无非让人羡慕，可是忘记了羡慕后面还有俩个词,5,34,1,2022-07-20 11:10:12,来自安徽,81446572572,不拈花也一笑
7122272001875985182,造谣一张嘴，辟谣跑断腿，坚决不能让造谣者逍遥法外,19,523,7,2022-07-20 10:14:21,来自安徽,5416919163,11繁华落尽
7122643956747207428,网友们不要造谣。。。真的光顾过人家，就找那家店，搞清楚8号的入职信息。。。有名有发工资的卡号，不要胡乱污蔑造谣！,5,15,0,2022-07-21 10:16:45,来自广东,4340495845953676,桢的在
7122434642073977639,图四网友留名“余慧敏”，肯定是认识的,2,2,0,2022-07-20 20:45:10,来自广东,104189476406,川上酷子11
7122397308905915176,真正的8号应该出来辟谣，既救了一个无辜者，有打响了自己的名头！赶紧的啊！,5,50,0,2022-07-20 18:20:14,来自北京,3016698973915773,道听图说amZz
7122390136637883176,不管人家以前做什么，也是靠自己赚钱吧。人家结婚，想得到幸福。为什么就有那么多坏人出来破坏呢。不怕报应吗？,11,66,4,2022-07-20 17:52:26,来自北京,62447914877,仙小Z
7122322706929992461,不信谣，不传谣，不造谣，相信法律是公正的,1,453,11,2022-07-20 13:30:42,来自黑龙江,4230518104666510,舞动人生ABC
7122370178280817445,技师也是合法职业，造谣她是技师和造谣她是律师，都不是侮辱！凭什么让技师背锅？是偏见吗？,4,72,1,2022-07-20 16:35:08,来自浙江,59106568303,五一社
7122817285487674120,技师也该得到保护，鄙视行业歧视！,0,2,0,2022-07-21 21:29:57,来自云南,2991126348304685,春城卖炭翁
7122567077126210345,都说女主漂亮，男主也很帅呀，很般配！,0,1,0,2022-07-21 05:20:29,来自上海,3540841006891517,用户晗姐
7122597951813485346,我们财务主管身材就是这么好,17,72,7,2022-07-21 07:18:56,来自贵州,3847315973,幸福的风筝28418434
7122403522112586510,[泪奔]哪些网友也是，不管别人以前做什么的，只要结婚就还是祝福就好了，非要拆台搞别人，不知道啥心里,4,25,0,2022-07-20 18:44:23,来自重庆,50900117151,君临hik
7122635345140843277,传成这样，报警是她唯一能让男方相信的办法了,4,74,5,2022-07-21 09:43:19,来自安徽,51353427527,阳光明媚中i
7122342799546401571,“一位与俞女士相熟的朋友告诉极目新闻记者，他与俞女士相识已久，网上所谓会所技师的传言都是假的，俞女士有正规的工作。”技师也是正规工作！别歧视！,2,101,3,2022-07-20 14:48:44,来自广东,95264163444,邻居看世界
7122465165609829123,在现在网友的印象里，身材好颜值高的女人就没有做普通工作的。,40,237,14,2022-07-20 22:44:03,来自江苏,5506309161,风翎雪
7122442922381345550,"以后说
那个某某是老师
那个某某是医生
那个某某是某局长
事实不是
按42条是否会以侮辱、捏造事实诽谤它人拘留？",0,2,0,2022-07-20 21:17:19,来自海南,83627713135,绿水清山9026
7122392400211493635,现在是人啊，就是不留口德，病从口入祸从口出，这个口德真的很重要的。好运厄运都是先从口开始的。经常说好话经常笑的人面相好运气也好，而经常口出狂言口吐芬芳的人总是怨声载道事事不顺。送人玫瑰手留余香，积德不是光为自己，也是为了下一代。,0,65,0,2022-07-20 18:02:07,来自日本,51440233661,魔饭夫妻之魔怔妻
7122488062076388129,造谣一张嘴。辟谣跑断腿,7,161,5,2022-07-21 00:14:53,来自辽宁,15520444384,山有木兮木有枝ll
7122311389238280967,不造谣，不信谣，不传谣,0,2,0,2022-07-20 12:46:14,来自安徽,2630478835760958,小熊不迷茫
7122416270557446947,"报假警属于扰乱公共秩序，处五⽇以上⼗⽇以下拘留，可以并处五百元以下罚款；情节较轻的，处五⽇以下拘留或者五百元以下罚款。报假警会扰乱公共秩序，妨害公共安全，侵犯⼈⾝权利、财产权利，妨害社会管理，具有社会危害性。
1、根据《治安管理处罚法》第⼆⼗五条规定，有下列⾏为之⼀的，处五⽇以上⼗⽇以下拘留，可以并处五百元以下罚款；情节较轻的，处五⽇以下拘留或者五百元以下罚款",1,14,1,2022-07-20 19:33:45,来自江苏,6147249926,死神的翅膀27
7122346020822188807,先解释一下技师啥意思,11,48,1,2022-07-20 15:01:29,来自江苏,1367388554528270,向往心若菩提
7122611817465692939,有些人总是怀着恶意，见不得别人的好,0,46,2,2022-07-21 08:13:50,来自四川,3497849070,清风wx细雨
7123052619043701544,很简单：报警——查处发谣言的ip；起诉——诽谤罪；提出精神损失赔偿，走最上限；公布结果。清白也有了，损失也补偿了，造谣者也得到惩罚了。很难吗？,0,0,0,2022-07-22 12:42:55,来自山东,3192585962402351,justitiae
7122756322747745036,造谣者现在内心慌的一笔，这事闹大了，肯定构成刑事犯罪，等着坐牢吧。,1,2,0,2022-07-21 17:34:29,来自四川,109142063697,牛子裤的夏天
7122448819542934284,就事论事啊，警方的这个回执不是只代表警方接到报案了的意思么？,18,260,26,2022-07-20 21:40:15,来自甘肃,6082507759,竹映池
7122594756424696607,确实长的好漂亮，人见人爱[鼓掌][鼓掌][鼓掌],0,0,0,2022-07-21 07:07:01,来自河南,1926767198078548,远见卓识冰淇淋0s
7122471446458811147,她未婚夫长的也很帅啊！男才女貌很般配,0,4,0,2022-07-20 23:08:56,来自山西,3724763947085411,用户91在这里
7122392079808168736,这种网络造谣最可怕的不是无中生有，而是随着曝光的深入，把以前的一些其它黑料爆出来，这才是最要命的，毕竟人无完人，谁身上没几件黑历史。,3,17,0,2022-07-20 18:00:44,来自湖南,110131693621,该姓名已经存在哦
7122413323840881408,[捂脸][捂脸]拿出证据行拘，拿不出刑拘～这一局网友输了,4,83,2,2022-07-20 19:22:20,来自广东,104199561647,嗯嗯好的哟
7122391676257420069,咱也不知道真相，但感觉女主是真漂亮啊，估计是大家羡慕人家漂亮嫁人心理有点不平衡吧？话说照片是拉长了身高吗？[笑],0,17,2,2022-07-20 17:58:31,来自陕西,1662063271216787,星空插画
7122620385702822697,出了此事，男方会怎么看？本着多一事不如少一事，男方的家人心里肯定会膈应。这个婚有没有可能继续下去？,1,6,0,2022-07-21 08:45:49,来自广东,95109584808,张灰灰zhy
7122334013653680937,"良言一句三冬暖
恶语伤人六月寒",11,191,3,2022-07-20 14:14:36,来自安徽,92607867097,麦宝宝520
7122430127090975524,要加大网络平台整治力度，立法要跟得上，从严从重法办网络造谣不法分子。,1,2,0,2022-07-20 20:27:41,来自江苏,50004796577,栖贝子
7122356274637112102,网络不是法外之地，造谣传谣需要承担法律责任。,0,219,7,2022-07-20 15:41:46,来自广西,844839785887727,顺其自然302672788117
7122760860728328972,我记得法律上有个模糊判定，也就是说我主观上不是怀着恶意，对于相似个体外貌特征错误判断，不负刑事责任,1,3,0,2022-07-21 17:51:33,来自江苏,874807972858893,别的不想说
7122424330126492419,有些网友心理变态，见不得别人优秀…总是拿自己的能力、愚蠢的见解比较别人…,3,62,4,2022-07-20 20:05:38,来自陕西,826477801383456,太阳去哪了
7122626022939427595,追究造谣者的责任,0,41,1,2022-07-21 09:08:26,来自江苏,6870627600,爱中华的老顽童
7122655908916069153,哈哈：敢去分享，就要承担陌生人给你的猜疑，不是造谣合理，而是不是每个人都是你的朋友，是你拿自己的信息占用了公共资源和精力，后果自己要承担，网络是大家的啊，自由言论啊，都没有错啊,4,18,3,2022-07-21 11:03:03,来自江苏,6148082871,姜子扬
7122449792390923049,人家不就是发个订婚照片吗？有的人就见不得别人好。至于该不该在微信朋友圈或其它圈晒自己幸福生活的是，不同的人有不同意见，个人认为自己保留照片留纪念就行了，或者设置亲人可见，其他人中的大部分不会因为你过得幸福和你一起开心的，这可能也是人性吧。至于出身的事，清者自清，浊者自浊。,11,89,4,2022-07-20 21:56:22,,1148307635441677,花姐点评
7122381262450934543,为什么要把照片发到网上让人家调侃？,13,60,2,2022-07-20 17:17:57,来自北京,3663208880803307,Divine3d
7122379010168455936,网络不是法外之地！某些人说话之前先考虑一下自己说的有没有证据！污蔑诽谤的后果自己能否承担的起！,2,43,0,2022-07-20 17:09:14,来自浙江,104789912044,清风难解忧
7122497250567717647,技师不是职业？工作无高低贵贱之分,4,14,1,2022-07-21 00:50:06,来自山东,6724725466,恒朗
7122357524619445029,网络不是法外之地，如果真是技师，那就掉价了。,3,14,1,2022-07-20 15:46:00,来自四川,1926780290859165,为正义而生——
7122614395524055848,身材这么好哦。果然是美女呢,0,31,6,2022-07-21 08:22:47,来自广东,105577458498,机智多谋de橙子
7122574310741082911,就算别人是，也该祝福人家。,4,51,7,2022-07-21 05:49:14,来自山东,254703523865928,风谁能抓
7122370989023576847,没有调查就没有发言权，在不清楚事实的情况下，就不要胡乱的评论。以免对他人造成精神上的伤害。,2,96,2,2022-07-20 16:38:12,来自浙江,3975466009247447,米
7122986482335499047,从另外一个角度来说，网上晒娃儿、秀恩爱什么的，还是考虑设置一下亲朋好友可见为好，免得有些人说你娃儿长的难看、或者类似俞某所遭遇的网暴等等，因为总会遇到一些不怀好意的人。,0,0,0,2022-07-22 08:27:24,来自河南,54348343615,秋叶静美143381199
7122308821648737039,网络不是法外之地，造谣传谣需要承担法律责任。,0,19,0,2022-07-20 12:36:08,来自天津,111609774716,看呢看呢
7122982412036178726,这女的身材确实挺好！,0,0,0,2022-07-22 08:11:34,来自河北,347067252746360,丹桂飘飘分外香
7122381916317844236,这身材是真的好看,12,304,12,2022-07-20 17:21:26,来自河北,51817808784,风趣星辰E
7122434296975164163,我好像看到评论区直接报真实名字的，感觉不像假的。当然最后还是要看警方调查结果,1,1,0,2022-07-20 20:43:56,来自安徽,96104842517,壮壮6958
7122667995977384711,谁都有过去，现在人家都要结婚爆出这种事情只能说明爆料人也不怎么样,2,6,0,2022-07-21 11:50:57,来自河南,54440527823,张衡143552540
7122445344260719360,真的挺漂亮的,0,6,0,2022-07-20 21:26:28,来自湖南,65610771401,xjc20012
7122411080114389799,假如查证不是造谣，她真是技师的话，那她算不算报假警？要不要追究责任？,3,32,2,2022-07-20 19:14:24,来自广东,5946876395,张裕解佰纳
7122384067215033102,偏见害死人啊，正当职业不应该被歧视啊,17,201,1,2022-07-20 17:28:52,来自山东,51552896512,一路高歌132657319
7122383661231899427,我就奇怪了，自己的订婚照片为什么非在社交媒体上发布？网络本就是是非非。,60,527,15,2022-07-20 17:27:12,来自河南,97675990730,司刚14
7122423130240566016,一般叫嚣诽谤，要报警的，最后都是被拿出证据实锤,4,45,5,2022-07-20 20:00:09,来自广东,105199862505,快乐时光机J
7122816668967469837,要是她不理网友这个事可能就不了了之[捂脸],1,0,0,2022-07-21 21:27:41,来自广东,54347287991,做一个平凡人i
7122391432388379425,我表舅的女儿就在深圳那边做美容养生行业，一年能赚不少钱呢！给家里寄了不少钱，修了小洋楼，过年回家开的宝马轿车。,32,45,6,2022-07-20 17:58:30,来自四川,50075046221,因风飞过蔷薇
7122394404828611340,国内在网络上造谣的成本太低了。要管管这种乱相了,19,30,2,2022-07-20 18:09:54,来自湖北,6979973840,September31
7122372387466642216,记住，从现在开始，以后如果没有警方公告证明被诽谤啥的，估计也许可能还真是8号了，可能啊，可能,3,54,1,2022-07-20 16:43:20,来自辽宁,10084426083,A呂秀才
7122642732916638497,一旦急于辟谣又没有实质证据推翻谣言的基本上都是真的,1,1,0,2022-07-21 10:12:04,来自广东,77109276470,今晚宵夜你噶
7122667908794467086,就这身段，这标准的站姿，确实。。。。。[呲牙][呲牙],5,87,14,2022-07-21 11:50:37,来自北京,97088572708,热情的鲸鱼th
7122608343789306656,哈哈，主要是形象气质太像了,1,39,2,2022-07-21 08:00:23,来自河北,3192578701265916,爱沐时光记
7122638916959601438,可能是长得像呢，人家只是误以为，这也算造谣吗？,2,0,1,2022-07-21 09:57:11,来自云南,101655565633,歪脑壳宠物
7122395952878715681,报警人和这评论名字确实是对上了[我想静静],3,30,1,2022-07-20 18:15:36,,14869294809,俊俏柑桔K
7122688345490670367,结婚现在还需要在网上晒一晒吗？,8,18,0,2022-07-21 13:10:07,来自辽宁,96206858899,脚步2625
7122703917225493288,身材好好啊，虽然打着马赛克，也能看出来是个很漂亮的小姐姐。小姐姐不要怕，要维护自己的合法权益，恢复名誉，也要喝老公好好解释解释，不要影响了你们之间的感情呦，但是这也是一次考验，祝你幸福哦,0,2,1,2022-07-21 14:10:03,来自吉林,110956683783,小贺加油q
7122607503250653960,这是嫉妒人家身材好漂亮,0,19,2,2022-07-21 07:56:38,来自安徽,1239869536091879,彤儿彩云之间
7122438567905248034,好笔直的大长腿，我很喜欢,1,64,5,2022-07-20 21:00:08,来自上海,104562884953,邓义文13816474866
7122446416739484450,大长腿杠杠滴,1,58,4,2022-07-20 21:30:30,来自江苏,57595027480,笑看风云151741948
7122394615105667874,有没有可能是女方走失多年的朋友？女方这么敢刚，也侧面说明了，人家没这个问题，俩人挺般配的,3,2,0,2022-07-20 18:09:45,来自江苏,67492259473,Stranger
7122676161012450080,如果不是为了虚荣心把结婚的事发到网上，就不会有这么多糟心事儿,2,4,1,2022-07-21 12:23:06,来自陕西,6511119700,freeHH
7123046503924646667,如果有人出来说，那警方是不是可以直接抓捕，不是造谣，就是嫖娼，都是违法的,0,0,0,2022-07-22 12:19:49,来自山东,2717589899582471,Nevercry
7122402905047188236,羡慕人家娶到这么漂亮的女孩子[狗头],4,191,17,2022-07-20 18:43:03,来自广东,3789839227,议车道
7122494094097826601,新娘不仅漂亮，而且身材也好,0,2,0,2022-07-21 00:37:27,来自浙江,1882815237459704,郁金香
7122668884414432041,祝福人家啊，多美的新娘,1,11,2,2022-07-21 11:53:48,来自山东,549388759599773,兴隆山脚下
7122652497160127235,身材是真的好，这俩大长腿,1,5,2,2022-07-21 10:51:05,来自浙江,3640702613,暖暖哒1314520
7122362603343069952,报警处理，整顿网络不文明现象,0,112,3,2022-07-20 16:05:37,来自广东,52382478659,静儿winds
7122621736042087182,不过确实像，网友的眼睛还挺敏锐的,0,34,1,2022-07-21 08:51:36,来自北京,78793334217,无损检测民工
7122355619595551500,网络不是法外之地，造谣传谣需要承担法律责任。,0,4,0,2022-07-20 15:39:00,来自安徽,5436753673,Phoenix54301666
7122334779441447688,做技师犯法吗？举报人是不是做了违法的事吗？,6,116,3,2022-07-20 14:17:44,来自安徽,58000470481,艺廷梅花
7122584451800580904,太好办了。女子可以想办法让真正8号送个祝福就真相大白了。,5,5,0,2022-07-21 06:27:08,来自吉林,70202365056,韦陀杵啊
7122444883461227294,把自己的私生活全盘托出 风险很大 必然会被品头论足 何必呢,2,55,3,2022-07-20 21:24:43,来自上海,85716629525,Alexzhu1977
7122657310740546335,造谣可耻，照片中明显是两个人，先不说颜值，鼻子明显不同。,3,2,1,2022-07-21 11:09:36,来自广东,101009014353,热闹青山6D
7122411900687975172,见不到别人娶漂亮老婆，哈哈,14,108,8,2022-07-20 19:17:20,来自安徽,2507319693279309,蜜似晨晨CC
7122345689824576256,技师是正当职业，怎么存在诽谤这一说[狗头]我就有技师等级证，还是二级技师[狗头],5,44,3,2022-07-20 14:59:59,来自江苏,56057178775,领略不一样的精彩
7122602494765269764,是不是真的看警方通报[捂脸],10,34,4,2022-07-21 07:38:01,来自河北,80998578453,Brianbobo
7122385079963337505,这么多人都说了，怎么处理，不可能全部立案侦查吧,11,38,4,2022-07-20 17:33:19,来自上海,3466129215331181,爱谁谁
7122634947868803844,我和我老公刚开始在一起的时候都说郎才女貌，现在十年了，生了两个小孩，我只胖了5斤，他胖了40多斤，本来他个子也不高，现在一胖形象更加不同，和他走一起我弟的朋友或者不熟的都说我老公家是不是很有钱？我找谁说理去[捂脸],16,12,4,2022-07-21 09:41:48,来自江西,3119091368,小小丸小丸子小丸子头
7122980902233293609,必须严厉制裁造谣者,0,0,0,2022-07-22 08:04:47,来自吉林,496602500825790,成熟生活家el
7122392215778853632,想证明自己的清白很容易吧，拿出上学经历工作经历,6,13,1,2022-07-20 18:00:16,来自吉林,1912739400790259,自在漂流瓶SU
7122342307152167716,诽谤他人情节恶劣，造成严重后果的，甚至可能构成诽谤罪，依法需要追究刑事责任。[鼓掌][鼓掌][赞][赞],2,4,0,2022-07-20 14:47:07,来自浙江,2484545038329181,好运连连财源滚滚8888
7122434273189806884,订婚也好结婚也好，这都是私人的事情，发到网络上干嘛？,2,2,1,2022-07-20 20:43:56,来自山东,5780655938,mooN潮
7122489190369346304,网络暴力应入刑。敲敲键盘就害了人，这种卑鄙行径和抡着菜刀上街砍人一样恶劣,22,369,10,2022-07-21 00:17:59,来自内蒙古,2678019587,傲翔鹰
7122844019826852648,这小伙子挺帅气的，怎么眼神不好,0,5,1,2022-07-21 23:14:02,来自广东,65931740092,清爽暖阳lj
7122500019734987532,长的漂亮被人嫉妒了[捂脸][捂脸],0,3,0,2022-07-21 01:03:26,来自浙江,84007754449,爱吃的小贝尔
7122351927962125095,俞女士报案，主要是因为受到人身攻击及侮辱诽谤,1,9,1,2022-07-20 15:24:45,来自北京,73972051496,鱼〢不可脱于渊
7122475706973602594,兼职的一点都不奇怪，四年前在苏州认识几个，穿着打扮时尚，花钱也阔绰，以为是富二代，后来在吃饭时朋友偷偷说她们太脏，劝我别追，人家都是有正经工作只是偶尔兼职，兼职几天的钱就比正经工作的月工资还多了[捂脸],4,21,1,2022-07-20 23:24:38,来自上海,91507807891,不正经的喵太桑
7122380770102608643,"如果可以证明她就是8号, 就不算传播谣言吧",17,35,2,2022-07-20 17:16:54,来自广东,2572478102642843,高土肥圆
7122466440695218984,这是嫉妒别人吧，必须要严惩造谣者,4,21,6,2022-07-20 22:48:29,来自广西,1538961532525166,空气中的小云朵
7122383176504754980,你把人家的名字都公布了，算不算违法,6,21,2,2022-07-20 17:25:42,来自安徽,51679714843,塔巴克管理中心
7122381399470441227,警方还负责证明这个？,21,105,1,2022-07-20 17:19:23,来自云南,1327807140728859,A蓝色刀锋
7122475090528928547,大家在网络上口嗨，原本无可厚非，但是口嗨可以，不能诽谤、侮辱他人，更不要触犯法律。,5,24,0,2022-07-20 23:22:26,来自广东,2018309257566375,通知我们公司
7122392423241728805,会不会出现反转，现在啥事在网络上都无法遁形,1,20,1,2022-07-20 18:01:25,来自广东,108611786208,淘虎子123
7122340973044417314,这玩意警察能知道你干没干过？警察要是能证明你干过，说明你被打击过,3,35,3,2022-07-20 14:41:40,来自河南,2247021141164340,善良百香果Kx
7122304428916769571,这几个ip是江苏的，你报警绝对可以抓到他。,0,56,3,2022-07-20 12:19:08,来自贵州,111471837665,多才多艺宇宙zi
7122389254021825315,真像！我也好奇那么多做这个，结婚的发现了都咋办的？反正我是离婚了，越想越恶心🤢 娶了这种,22,53,2,2022-07-20 17:48:52,来自北京,4844418113,流浪滴乖乖
7122684485296472871,可谓是唾沫星淹死人,0,0,0,2022-07-21 12:55:20,来自河北,111170258868,Do大鹏说房
7122417338188153635,不懂 订婚宴照干嘛拿到网上晒,18,37,2,2022-07-20 19:38:00,来自河南,78473962422,时而晴时而鱼
7122404955809579783,为什么要发到网上去？,6,27,0,2022-07-20 18:50:03,来自陕西,83257982465,chenxin1981
7122511458441380642,两人有夫妻相，祝幸福美满！,0,6,1,2022-07-21 01:48:29,来自河南,92384165417,妙清8u3T
7122360070847152937,不信谣、不传谣，相信公安调查公布结论！,0,22,2,2022-07-20 15:55:44,来自湖南,3307752160493767,外向叶子9l
7123052714850534155,必须严惩造谣者,0,0,0,2022-07-22 12:44:08,来自河北,85193157618,Sunflower🌻
7122341307435614980,为什么会所技师就是侮辱人品？我们施工企业的技师都是要考试才能评的。,3,48,2,2022-07-20 14:43:55,来自湖北,74224167868,平沙落雁11
7122250547595445029,坚决要求重判造谣者,10,85,2,2022-07-20 08:51:12,来自河北,2264649368611431,大口娱乐妹
7122472325240800012,想美美哒订个婚，结果网友太损了[我想静静],11,226,13,2022-07-20 23:12:18,来自内蒙古,21336468425,刘潼宇
7122953398865101580,事实告诉我们，不想当网红，就不要把私事放到网上，世上不缺闲人。总有人以为无关紧要,0,1,0,2022-07-22 06:20:18,来自福建,71104603857,江西陈姐
7122602540072092456,太漂亮也是罪过[呲牙][呲牙][呲牙],0,0,1,2022-07-21 07:36:54,来自辽宁,3315767694341752,夏日未至人间已秋
7122415894215050018,造谣的人说不定还躲在被窝里在偷笑得意呢。,2,3,0,2022-07-20 19:32:21,来自浙江,4862112098,Your名字
7122313138313577229,网络恶意造谣等种种乱像必须彻底整治，才能让广大网民真正拥有清新明朗的网络空间。,0,70,2,2022-07-20 12:53:09,来自福建,2850355052026828,榕城老顽童
7122416008039662371,很有夫妻相,0,3,0,2022-07-20 19:32:39,来自广东,3571689871379915,随性自由的星辰km
7122468889543590667,报案回执说明不了什么，只代表接案了,4,52,2,2022-07-20 22:58:35,来自山东,980353918187885,爱吃炒芦笋的三少
7122587055292531496,他们俩好有夫妻相呀，祝99[中国赞],0,0,0,2022-07-21 06:36:47,来自重庆,1443017231438126,阳祭拾捌
7122278186230645535,网络不是法外之地，造谣传谣需要承担法律责任。,6,34,3,2022-07-20 10:38:19,来自河南,62181632730,空城旧梦在
7122368734773314308,别人为什么要谣传她是8号技师？,45,67,8,2022-07-20 16:29:55,来自北京,6373286887,yyldfbb
7122392398487208736,小伙子面相看着挺老实的[大笑],3,10,0,2022-07-20 18:01:38,来自北京,111222804844,管不住的音符0110
7122381949846520589,一个私人的订婚照，为什么就要发到网上呢？！这不是要找事,4,29,3,2022-07-20 17:20:49,来自山东,53115335414,神秘轮船Ya
7122431138198651663,别忘了当初杭州拿快递的那个女生，就是被人乱造谣，直接报警了，而且属于公诉案件，那两个人都坐牢去了,0,9,2,2022-07-20 20:31:10,来自浙江,53357077575,原来我是葡萄藤呐
7122421624225268515,如果转发或点击超过5000次就不止拘留这么简单，而是构成了刑事犯罪。,1,0,0,2022-07-20 19:54:16,来自广东,4197283425,睡醒的中国就是猛狮
7122357260797985567,不信谣、不传谣，相信公安调查公布结论！,0,100,5,2022-07-20 15:45:03,来自山西,1521338162359020,大气西柚yn
7123001341785719589,对待网络暴力必须零容忍！,0,0,0,2022-07-22 09:24:40,来自河南,82172682530,樊律师专注民商案件
7122391814883017509,多少年搞不懂为什么要弄什么订婚仪式，直接结婚得了呗。费那二遍事。,1,3,0,2022-07-20 17:58:47,来自吉林,88503049273,且听风吟zd
7122956362514170659,"网络不是法外之地
造谣者必然要受到法律制裁",0,0,0,2022-07-22 06:30:00,来自贵州,110931301571,可甜可盐LLL
7122353758268408614,嘴欠的后果很严重，网络不是法外之地,6,219,4,2022-07-20 15:31:45,来自贵州,4085827555,贵州曲生酒业
7122277865257222946,重判，绝对该重判，对恶意造谣中伤的绝不姑息。尤其是有些人，拍视频造谣博取流量的，决不能道歉了事，还互相道歉，怎么造谣别人还让别人给你道歉,4,6,1,2022-07-20 10:36:49,来自山东,110954623393,wwwwwwwwwwwwdd
7122433153670693667,确实需要报警！对人家影响太大了……人家订婚被你这一搅和，都乱了,0,4,0,2022-07-20 20:39:00,来自江苏,6851938684,教父gateriver
7122307284382040865,机师咋了也是靠劳动吃饭，不要干道德违法的事情就行,0,47,1,2022-07-20 12:30:24,来自甘肃,2994711036175448,没那么简单tong
7122707704359486242,这事整的，丈夫不嫌弃，网友到嫌弃起来了[捂脸],2,0,2,2022-07-21 14:24:52,来自甘肃,98216845831,早知l
7122624561354457871,漂亮惹的事，事过就好了,0,0,1,2022-07-21 09:01:52,来自四川,50888954608,绿恐龙4086
7122383193583387432,如果背景干净履历清晰也就不怕什么谣言。,3,18,1,2022-07-20 17:25:20,来自四川,53317121994,高地之风
7122497085727408934,说实话哈，真的很漂亮，身材还好，希望不是真的,0,8,0,2022-07-21 00:51:41,来自浙江,53156931188,奔跑的小馒头1
7122264840378385166,怎么说呢 造谣不造谣还是等公安发布吧！这事儿不好说！,3,128,6,2022-07-20 09:46:32,来自重庆,92662226825,白雲外09
7122271294493590308,"其实，如果没有做好思想准备，最好不要把自己的生活公布到大众眼前。
你既然要把自己的私生活公布出来，就可能面对各种想象不到的结果。
看一下马克吐温的《竞选洲长》就清楚了。
知道现在为什么很多人越来越不喜欢发朋友圈了吧！
即使造谣者得到惩罚，而你该受的伤害也并没有减少！",6,63,3,2022-07-20 10:11:37,来自江苏,102979480774,无情熵神
7122390015833293603,确实是8 号[捂脸][捂脸][捂脸][捂脸],19,168,2,2022-07-20 17:51:58,来自广东,58527501186,藤壶体育
7122415871742018335,身材完美啊,0,25,3,2022-07-20 19:32:42,来自江苏,1394608152002062,热情小红花1420
7122388641892664095,多少价位的,6,12,0,2022-07-20 17:47:01,来自河南,4908077426,舌指双绝
7122424483734110983,不要轻易饶了他，网络不是法外之地！不能用简单的道歉和补偿了事，处罚要让他回忆起来感到羞愧，要让观者振动。不能低于醉驾受到的惩罚。,2,9,2,2022-07-20 20:05:48,来自山东,259097955405213,多才多艺麻酱r
7122371099387855624,"这个，怎么证明是不是造谣呢？难道以后网络上说自己见过谁谁谁，都必须以手机里有录像为前提？这件事如果把重点放在是不是事实上面，那么永远搞不出结果，除非有证据证明她真的是八号。证明你做过什么比较容易，证明没做过可就很难了。
女子应该反思，为啥那么多人会一致造谣她是八号呢？是不是自己选的衣服风格出现了偏差？",13,11,8,2022-07-20 16:38:42,来自山东,11942461777,三零梦幻1
7122934653757571873,希望严惩造谣者,0,0,0,2022-07-22 05:10:57,来自河北,3816167567,又见巴蜀
7122372365480379151,"造谣的成本太低。
这种谣言对受害人的损伤极大。
理应严惩不怠。以儆效尤！",11,93,3,2022-07-20 16:43:25,来自辽宁,53553207025,大连热心市民
7122557172977959718,新娘新郎都漂亮啊。有夫妻相,0,0,0,2022-07-21 04:47:55,来自河北,9859764541,23230316334
7122620440153359104,不要随便和大众分享自己的喜事，没有谁会替一个陌生人为此事感到高兴。更多的人的心态是“恨人有，笑人无”。你的漂亮，你的好身材，你的金银首饰都是某些键盘侠嫉妒的焦点。喜事好事自己独享或者和亲朋好友分享一下即可。,1,16,0,2022-07-21 08:46:03,来自上海,3716592,聪明可乐YO
7122318911512773407,不信谣、不传谣，相信公安调查公布结论！,0,9,1,2022-07-20 13:16:08,来自湖南,52723853653,曾经的拚命三郎
7122842439383368461,技师也是人，只是社会分工不同罢了，现在有些人真是吃了没事干。,0,1,0,2022-07-21 23:08:06,来自湖北,1314630766695571,风姿卓越河流CI
7122367129181553412,不能让老实人吃亏，必须严查,6,177,3,2022-07-20 16:24:00,来自广东,3417738617043988,简单咖啡
7122390747722302239,身材真好，高挑，郎才女貌,0,7,2,2022-07-20 17:54:47,来自北京,98700010745,宇佳88
7122247954920260386,女方可以报警啊,3,58,3,2022-07-20 08:40:42,来自山东,6893964305,齐鲁道泉
7122698077794009860,网络不是法外之地，对造谣者必须严惩,0,0,0,2022-07-21 13:48:03,来自山东,1909205377493476,善良柑桔7Q
7122407131223360259,造谣的人是前男友还是暗恋者,4,39,3,2022-07-20 18:59:05,来自河南,70530586744,快乐就怼
7122357099124212480,吃瓜群众还未了解事情真相。[呲牙],0,22,0,2022-07-20 15:44:07,来自广东,92912560260,上善若水27928
7122387658248291109,估计男方会悔婚了，毕竟中国人言可畏老一辈要脸,4,47,1,2022-07-20 17:42:59,来自陕西,51386925921,长安米贵不易居
7122601478078087975,主要身材太好了,0,12,2,2022-07-21 07:33:38,来自河南,518570127670348,桐晨雾雨
7122384111054340899,我想知道报警了，确认了是谣传，在网上谣传的人会付出代价吗,45,435,3,2022-07-20 17:29:00,来自山西,95420622731,厕所打饱嗝
7122321895525204773,造谣一张嘴，辟谣跑断腿。网络真可怕,0,29,0,2022-07-20 13:27:35,来自山东,105148888488,宁海C罗
7122576671094063909,晒几张照片而已，为什么有人要抹黑呢。,0,1,0,2022-07-21 05:58:10,来自上海,747305575654752,用户海浪住沙滩
7122463299585458975,为什么要侮辱技师这个行业？,10,183,0,2022-07-20 22:36:41,来自北京,1402630972648526,海侃天下001
7123060245982741259,技师不就是一种职业吗？怎么变诽谤了？怎么就成网络暴力了？,0,0,0,2022-07-22 13:13:16,来自广西,2035914859613911,WellWellWellWWW
7122665513213985576,真心觉得男方还是慎重一下最好，无风不起浪，不可能无缘无故的这么说这个女的，当然清白最好,0,4,0,2022-07-21 11:40:58,来自山东,104876851824,浓墨天晴
7122273797612651304,万一就是真的呢？你还能告人家谣言？,15,39,5,2022-07-20 10:20:50,来自广东,4646816608,昔日尤新
7122588051020645156,吃一堑长一智，以后别晒了，要知道，如果你很幸福，真正祝福你的人并不多。,0,3,0,2022-07-21 06:41:26,来自江苏,76758735329,Badtemper
7122427393993671462,他只说8号，没说什么8号啊，很多行业都有工号的,1,0,0,2022-07-20 20:17:06,来自江苏,22944674362,小咸说事
7122423359354651427,要是谣言是真的呢？？？,5,6,2,2022-07-20 20:01:12,来自安徽,5516904638,庐州记忆中的你
7122834245139432222,这就是羡慕嫉妒恨,0,0,1,2022-07-21 22:35:57,来自四川,5929927611,AEva71918288
7122366080215679779,造谣的抓起来得不得，直接发律师函就得了，发声明就是有问题，什么某明星发声明辟谣的最后好多都塌房了的，还少么～,17,42,3,2022-07-20 16:19:04,来自广西,2563656328167051,我在柳州定居
7122740955610186531,其实自己的事情何必发朋友圈，虽然说是自己的事情，但是网络什么人都有，避免不了，这是网络。,0,1,0,2022-07-21 16:33:38,来自广东,1684044063183959,小飞侠1982234566
7122368280152900363,支持严厉打击网络暴力和谣言制造传播者,12,70,1,2022-07-20 16:28:15,来自湖北,5794533278,风儿8581
7122609682422022946,这女的做的真对，就是要治治那些网络喷子，让他们收到法律制裁才行！,1,10,1,2022-07-21 08:04:27,来自江苏,3967810283,小多多的大哥哥
7122389281875837732,静待警方调查[吃瓜群众][吃瓜群众][吃瓜群众][呲牙][呲牙][呲牙],1,3,0,2022-07-20 17:49:26,来自广东,4160179447806350,幸运丘丘人
7122632242757255950,有的人就是心里阴暗得不到要毁掉的心里，谣言拿起法律武器来维护自己权益,0,13,0,2022-07-21 09:32:37,来自甘肃,106077264079,美少女偶像爱好者
7122362243714941711,支持起诉，让造谣者付出代价，网络绝非法外之地。,3,40,2,2022-07-20 16:04:10,来自浙江,59480542226,lvgufeng
7122291538755207969,真追究起来，去查一下社保缴费记录就知道了。,2,110,4,2022-07-20 11:30:36,来自广东,99196915352,胡涂老鸭
7122902828699910925,我就想知道，就算是技师，怎么了呢,0,5,0,2022-07-22 03:14:33,来自湖北,95464780709,张猫猫同款小白羊儿
7122677880571560704,要想澄清很简单，把工资的流水打一下，她说她是会计吗？这点不难吧？,1,8,2,2022-07-21 12:28:36,来自广东,3708712132,释然回暮
7122555434162635557,不要随便网络晒图片，特别是自己和家人的，现在全民演员，有利有弊，保护好自己再说吧,1,9,1,2022-07-21 04:40:54,来自广东,4125021560123191,执着的山雀6o
7122363580293071650,不信谣，不传谣，不造谣，相信法律是公正的,0,13,1,2022-07-20 16:09:27,来自西藏,4340498379323347,就当往事如风
7122484894978523912,俞某可真漂亮，身材可真好，老公可真帅。,0,0,0,2022-07-21 00:01:52,来自北京,4089829122644728,林双水
7122386278527632167,对，一切交给法律，不接受调解，不接受道歉，一律要求拘留！严抓严打几个造谣侮辱他人的典型案例，网络喷子就都老实了。,22,212,3,2022-07-20 17:37:58,来自河北,52785657765,茶余饭后话江山
7122478402728510245,属于侮辱诽谤犯罪行为，可以报案并附加民事赔偿,0,17,2,2022-07-20 23:35:53,来自河南,4300899270537342,蒲公英心理辅导
7122653935395029794,这应该是追求者追不到了造谣言，许多年以前有位美女被谣言说有尾巴，由于她是服务行业的，许多人去看她。那年月法律法规不完全，她遭受的困扰只能承受和忍耐，现在法律健全了，应该通过法律手段去寻找公正。,0,0,0,2022-07-21 10:55:56,来自广东,98135416075,自由的精灵Ly
7122321106304434982,完了完了，全网又在带订婚宴风，又是一笔不小的开销，哎！,0,21,0,2022-07-20 13:25:24,来自河北,110907630501,墨羽倾璇Anne
7122612204817711910,评论区网友去看一下8号还在不在职不就行了吗,2,51,3,2022-07-21 08:15:00,来自河南,102882887404,足迹所致
7122434260325778215,从衣着和形像气质上看，的确很像。,0,6,0,2022-07-20 20:43:55,来自天津,4204995819352219,小抖商业观察
7122337295486714638,简单 让8号出来澄清一下,1,45,2,2022-07-20 14:27:26,来自安徽,66878315153,心情多云208318585
7122368719925953283,不信谣，不传谣，不造谣，相信法律是公正的,0,2,0,2022-07-20 16:30:19,来自四川,2159074946594136,二胖1314
7122394733108364073,俗话说，宁毁一座庙不毁一桩婚,4,8,0,2022-07-20 18:10:15,来自广东,59205198318,薇尔莉特0
7122383675404813056,找到造谣者了吗,6,30,2,2022-07-20 17:27:20,来自上海,54807542369,JERRY1005
7122383592445412111,网络非法外之地，支持起诉，严惩口无遮拦者,8,26,2,2022-07-20 17:26:58,来自浙江,104142027093,紫气东来5228391321880
7122362089976513293,俞某好漂亮[大笑],3,219,12,2022-07-20 16:03:26,来自重庆,67312008000,蚂蚁说法
7122431433075278605,看来现在的社会嫉妒的人还挺多的，这女的确实身材好，人也应该漂亮，应该祝福他们[赞][赞],1,26,4,2022-07-20 20:32:53,来自湖南,50229981439,何日出春天
7122391761258906405,目前所处的工作是私企财务方面的工作，重要的需要说三遍，目前，目前，目前。,2,28,1,2022-07-20 17:58:46,来自上海,4408801706,九日1992
7122253305476678441,网络不是法外之地。,1,45,2,2022-07-20 09:01:32,来自江苏,76782224906,JSNTsmq
7122356865904411395,网络不是法外之地，造谣传谣需要承担法律责任。,0,1,0,2022-07-20 15:44:22,来自湖北,103051650378,wei69119
7122761955051848451,无所谓的事儿，男的不介意就啥事儿没有，[捂脸]，生活中还真认识这样的实例，美女曾经跑出去游水，捞足金擦干上岸，还嫁了一城市家庭的小镇做题家男，还是小镇做题家里长得帅的，男的档次低，还要靠女金上位，根本没资格介意，而且平庸男如果不娶游水女，根本没机会接触到美女，只是不知道她这事例是否跟我认识的一样。[思考],0,0,0,2022-07-21 17:56:02,来自辽宁,4428483426529726,勇敢美队
7122988067245277989,会所技师是干什么的？什么职业？,1,3,0,2022-07-22 08:32:58,来自河北,76407183695,啊朱评论
7122556213266858789,有没有可能打两分工,9,20,0,2022-07-21 04:42:25,来自福建,5767485051,biubiubiu哦豁
7122603543118938888,所以，晒图真的有风险。不知道一张图，会给他人多少遐想空间,0,58,3,2022-07-21 07:41:23,来自山东,3839127546771627,longsuixin
7122659390250894087,既然发到网络上就要经得起网友评论,3,10,0,2022-07-21 11:17:26,来自贵州,85721892646,好大一匹酸菜
7122414628353147679,普通人还是注意保护隐私，省得被有心的人以讹传讹,0,8,0,2022-07-20 19:27:53,来自浙江,106853374762,一片冰心照玉壶
7122732202240688910,所以没事不要在朋友圈，网上发自己的照片,0,0,0,2022-07-21 16:00:23,来自北京,5821230167,TWOSIDRIVER
7122391312154084126,最近有个喜欢的博主直播她亲戚的追思会，让我感觉特别古怪，有些事情真心不适合直播给网友看，不管是喜事还是丧事，喜事人家说不好听的影响心情，丧事人家未必想看你哭哭啼啼赞美你家的逝者。就像这位姐妹，本来是大喜，结果还要报案请律师和网友辩驳，多了多少糟心事。,3,39,2,2022-07-20 17:57:00,来自湖南,51733941336,雾迷尘若
7122655764380189443,怎么说呢，舆论最可怕的是连传谣的人都不知道事情的真假，却依旧可以对人指指点点，十分不公平啊,0,0,0,2022-07-21 11:03:40,来自湖南,17210688944360,扭夏
7122286227302597412,严惩造谣者！,11,183,3,2022-07-20 11:09:39,来自新疆,105115522614,长安晓鹿人
7122394888293270313,这种造谣应该严惩,5,9,1,2022-07-20 18:10:55,来自广东,99590680937,超级赛亚托
7122447623537115912,"关键还是肖像权和隐私权。
美国有一位华裔男医生取了一位美女，后来自己发现然后自己起诉离婚，那是人家的自己的事情。并没有任何人在男方自己发布信息以前说任何信息。",4,37,2,2022-07-20 21:35:29,来自上海,61912682950,礼辩异乐统同
7122410540055806731,腿真好看。漂亮姑娘在哪里都容易被人造谣，必须报警追查！,0,0,0,2022-07-20 19:12:08,来自北京,87726234734,闲庭栀子
7122999560338866984,远离网络暴力，从自身做起。,0,0,0,2022-07-22 09:17:08,来自浙江,53287993333,职业咨询张老师
7122729874066015013,一定要起诉，让网络喷子知道祸从口出，决不能息事宁人，网络不是法外之地。同时也建议立法对网络谣言传谣予以严惩。,0,0,0,2022-07-21 15:51:05,来自安徽,2682414161730584,儒雅明镜1564335
7122387412974322432,事实告诉我们，不想当网红，就不要把私事放到网上，世上不缺闲人。总有人以为无关紧要，可以随意调侃。,0,32,1,2022-07-20 17:41:56,来自广东,1028754123000463,1111122222吖
7122652875301995304,网友太可怕。,0,0,0,2022-07-21 10:52:01,来自河南,86653278121,宝菇凉🍸💃
7122384404005569320,小伙真帅！,0,4,2,2022-07-20 17:30:12,来自河北,2493303243947091,用户273578884257悠悠
7122318061021692684,个人隐私为什么要发到网络上去？女孩是想天下皆知吗？,0,31,1,2022-07-20 13:12:18,来自广东,2660442114363400,龙船山风
7123033739001119518,技师怎‘么了，只要挣的钱干净怕啥，爱娶不娶,0,0,0,2022-07-22 11:30:02,来自山西,1231868091173763,缘
7122757312691110694,网络，犯法也要严惩,0,0,0,2022-07-21 17:37:51,来自广东,20611462688,濤聲依舊wwt
7122652528785064743,这身材确实好[泪奔][泪奔],0,1,0,2022-07-21 10:51:16,来自陕西,71360909940,小只海带
7122639577907069730,杭州取快递那姑娘也是莫名被造谣，害得工作都丢了，造谣成本太低了！,0,0,0,2022-07-21 09:59:52,来自上海,61887939614,冰不耐火
7122438386136204070,这对结婚男女长的有夫妻相 。,1,2,1,2022-07-20 20:59:43,来自天津,61329233538,一切都不是困难
7122293832204796704,网络不是法外之地，造谣传谣需要承担法律责任。,0,4,0,2022-07-20 11:39:30,来自河北,105555028675,怪龙笨
7122362861803930382,不信谣，不传谣，不造谣。,0,10,0,2022-07-20 16:06:39,来自江苏,84581309357,柳溪694
7123051807437374223,大家好，能给我普及一下什么是技师吗？,1,0,0,2022-07-22 12:39:42,来自广东,3315745956561216,话险为逸
7122683803554071327,农村这种造谣的人太多了。特别是父母老实人，要是得罪人了，子女完蛋了。,0,0,0,2022-07-21 12:52:10,来自四川,281080436884781,极简生活自在
7122668727082025768,应该严惩诽谤者，以儆效尤！网络不是法外之地，嘴贱调侃不能无分寸！,0,1,0,2022-07-21 11:53:16,来自福建,4107905718,汽车军火库
7122425136766698271,#百粉升千粉丝# #我要上 头条# #我要上微头条# 我现在只想知道技师是什么意思，现在的技师很不光彩吗？我们以前只要获得技师职称是非常光荣的事。想不通现在技师竟然变成了诽谤了。这哪说理去了？,0,3,0,2022-07-20 20:08:23,来自广西,6802914117,玉宇剪辑
7123055877431165727,情节已经非一般的严重了！每个人都有被造谣的风险！必须严惩！以儆效尤！,0,0,0,2022-07-22 12:55:51,来自广东,52349192010,山风一样自由17
7123020466130305799,"人人必须守法。网络绝对不是“法外之地""。反对网络暴力！惩治网络暴力！",0,0,0,2022-07-22 10:39:02,来自广东,6652953117,NN梅泠
7122397909236613928,新娘子真漂亮,0,0,0,2022-07-20 18:22:36,来自湖南,66164202085,韩翌
7122341074878251811,我是老师，可是有人说我是外卖员，如果我告别人侮辱诽谤，那么问题来了，外卖员会不会告我侮辱诽谤。,7,38,2,2022-07-20 14:42:04,来自北京,4230928906,杨更利
7122285859084911360,我就很不赞同把自己私人的事情发布到公共平台。,0,14,2,2022-07-20 11:07:43,来自海南,1182705349560455,将我的真心放在你手心
7122613254597395215,事件不太关注，只是现在结婚订婚都喜欢把金银首饰摆在台面上，看着不太习惯！,8,3,1,2022-07-21 08:18:12,来自江苏,65733539193,215819111
7122369792837092127,技师也是人，也是职业，何来诽谤？,7,90,5,2022-07-20 16:33:53,来自辽宁,5968413847,在光辉的季节中
7122391548347925281,网络不是法外之地，但有的信息真不该发网上，你想要的祝福可能得不到，得到的满目的苍伤[捂脸],0,1,0,2022-07-20 17:58:25,来自江苏,68721061459,美梦成真278749921
7122299282811994883,有些人认为造谣不用负责，那就让它付出惨痛代价，给那些人提个醒,0,0,0,2022-07-20 12:00:30,来自山东,6004738812,摆烂的小丢丢
7122398316154995490,网络不是法外之地！,0,3,0,2022-07-20 18:23:55,来自内蒙古,1528358443,绝对俗人
7122443773363290921,目前所处工作是财务，目前[泣不成声],1,1,0,2022-07-20 21:20:11,来自浙江,108115916484,NB131457425
7122518368162612002,诽谤的人太坏了，无论人家做过什么，现在都应该祝福。恭喜,0,11,1,2022-07-21 02:15:48,来自陕西,4541669088,孤崖无芳
7122383066785530658,"@公安部网安局 @公安部 @中央政法委长安剑 
希望公安机关抓捕造谣者，并赔偿
希望公安机关抓捕嫖娼者，此人语气似乎是嫖娼老手，查询过往资金转账记录，侦查出每一次嫖娼拘留",2,3,2,2022-07-20 17:24:45,来自湖北,6115713345,风吹麦熟
7122360936677163779,不信谣不传谣。,0,6,1,2022-07-20 15:59:49,来自浙江,103202792224,乐观的豁达霞姐
7122980127943852838,非常般配的一对，无事生非的人是出于忌妒之心吧，对美好的事物我们应该有祝福之心！,0,1,0,2022-07-22 08:02:40,来自辽宁,2823142094946107,神秘咖啡kB
7122386793651356427,所以说，私人照片别往网上发，保护好自己,0,25,0,2022-07-20 17:40:05,来自辽宁,82219871164,米多儿652
7122431938354316065,怪她太漂亮了,0,2,0,2022-07-20 20:34:43,来自湖北,3707141132659352,666666E
7122389024849330985,就是别人说她是技师也不造谣不犯罪啊，在单位还要考初中高级技师呢，只是你们想歪了。,2,6,2,2022-07-20 17:48:07,来自安徽,70142426290,随性自由的星空Ia
7123044365529842446,谁又是幕后推手,0,0,0,2022-07-22 12:11:10,来自广东,87707020522,愿榛爱电影
7122320461954007840,恶意诽谤必须严惩，互联网不是法外之地,0,8,0,2022-07-20 13:22:39,来自四川,100064872507,善良星辰DC
7122365899390452484,不信谣，不传谣，相信法律是公正的,0,9,2,2022-07-20 16:19:07,来自湖北,800074770159423,用户爱不轻言
7122665952340198151,严基俊不是法外之地！道德有底线，发言又边界！任何时候不能做违法乱纪得事！,0,2,0,2022-07-21 11:42:56,来自安徽,153540419924413,极速集安5z4
7122453741966131976,好好调查，还人家一个清白！,0,0,0,2022-07-20 21:59:31,来自贵州,93057409522,Smilezyc
7122709330432295694,[捂脸][捂脸]只能说网友真的是神通广大啊,0,12,1,2022-07-21 14:31:27,来自江苏,51514348369,娜娜娜溪
7122319986009506560,不信谣、不传谣，相信公安调查公布结论！,0,3,0,2022-07-20 13:20:01,来自江苏,110226408728,佳山飞骏
7122373234263671586,技师和律师差远了，另外并不是光造谣技师的事，还对她人身攻击加侮辱了。有些人就是揣着明白装湖糊涂,0,4,0,2022-07-20 16:46:58,来自浙江,1943550282705565,奇幻火车a0
7122305687753425668,不信谣，不传谣,0,21,1,2022-07-20 12:24:16,来自河南,110416369023,懒惰de丫头
7122301661946659588,网络不是法外之地，造谣传谣需要承担法律责任。,0,3,0,2022-07-20 12:09:31,来自辽宁,50045493569,住在鸭绿江
7122405997662290720,这种网络暴力与诋毁无限的真的是非常的危险，说真的，这种伤害是无形的，但是却是非常有利的，这种伤害可以深深的伤害到人家幼小的心灵，想一下你这样子说，人家在网上，人家家里人怎么想？人家本人又怎么想？如果站在换位思考，站在你的角度，你又该如何去想呢？这无非就是纯粹的伤害，因此为了这种我们为了网络环境的美好发展，我个人还是希望这种网络上的抨击网络暴力还是少一些,6,14,1,2022-07-20 18:54:33,来自广西,106877545490,美丽乡村榨油坊
7122686428601582351,看那穿着打扮确实像 无风不起浪 ，网友无故造谣？？？,0,2,0,2022-07-21 13:02:04,来自北京,52389507305,月亮小夜曲007
7122415611023737600,证据收集比较麻烦，转发是否够刑法规定，都是个事。想做公众人物就要有一定的心理准备，毕竟嘴长在人家身上,6,34,5,2022-07-20 19:31:05,来自安徽,57190806048,南方水草
7122365919854363430,疫情期间把订婚宴照发到社交媒体上，这是一种什么样的心理？人数有没有超标？,5,22,7,2022-07-20 16:19:01,来自广西,2763531767,1山有木兮木有枝2
7122632020773634857,这种造谣生事的人应该绳之以法！,0,3,0,2022-07-21 09:31:05,来自广东,66986944516,飞花万盏Li
7122441982987043599,希望好好查一查就知道去。不有无中生有。不要伤害别人。实事求是。希望你们都知道这个问题的严重性。,0,0,0,2022-07-20 21:13:17,来自广东,1380582630894563,chslsjw
7122592115066127141,对于造谣者，警方一定会找到的，并且会审讯你在哪里看到8号的，连哪个会所都会挖出来，另外女子现在要做的是定损，本事件照成多少实际损失，例如婚礼是否取消，看心里医生,0,2,0,2022-07-21 06:56:52,来自新加坡,4481271432,SG杠神
7122337014779364110,严惩造谣者！,0,6,0,2022-07-20 14:26:40,来自江西,3685995684561309,春暖花开6806053869790
7122621002726720291,为什么造谣侮辱成本这么低？,1,2,0,2022-07-21 08:48:14,来自湖南,109913020941,狂暴小鬼
7122679173939954440,理智的看待问题，不用听风就是雨，要忠于党的领导，网络不是法外之地。透过世界看待自己的本质 ！@头条辟谣,0,0,0,2022-07-21 12:34:14,来自福建,102506638733,优美帆船HX
7122401072437953311,造谣者应该严惩，可恶,0,6,0,2022-07-20 18:35:13,来自浙江,58533105856,今夕4何夕
7122306223353316137,严惩造谣者,0,8,0,2022-07-20 12:26:06,来自福建,2524957410080231,大气柳叶8X
7122351646994137856,造谣一张嘴，辟谣跑断腿,0,17,0,2022-07-20 15:22:54,来自北京,74638315586,最初使徒
7122620935429686055,"两个概念好嘛
1. 那人瞎说，造谣人家职业，人身侮辱
2. 那人没有瞎说，但人身侮辱
目前女方试图证明1 。但是证据乏力。如果2不违法，那估计够呛",7,8,0,2022-07-21 08:49:01,来自浙江,54519459616,米西米西里xo
7122278769775887117,嘻嘻，自从归属地出现之后，朋友们，以后网络发言可能会要求实名制，我觉得所谓网络空间，这个说法其实掩盖了现实，就是这里不是虚拟空间，而是面向更为广泛的公共空间，说话做人更要注意公共影响[呲牙]希望实现实名制发言，想说话就先报上名来,1,7,1,2022-07-20 10:40:42,来自广东,62015628926,请推荐知识类信息
7122336382823711488,照片来源？影楼？婚庆公司？,5,5,1,2022-07-20 14:24:04,来自安徽,5226185674,分秒必争火车wo
7122633436182971140,新娘这么漂亮，肯定还是一个黄花大闺女！,0,1,1,2022-07-21 09:37:10,来自广东,4450421197242782,人间烟火
7122650950967558947,唯一可以吸取的教训：不要在网络上公开晒恋爱结婚照片，朋友圈发，可以设定关系比较近的亲朋好友可见，否则自食其果,0,2,0,2022-07-21 10:44:19,来自江苏,59205933073,Heidao2018
7122693138648826654,[捂脸][捂脸][捂脸]这伙计真厉害、居然敢吧订婚照放网上晒晒！之前那个让网友帮孩子取名字的忘了吗[泪奔],0,1,0,2022-07-21 13:28:30,来自河南,12308694425,小马佩德罗CC
7122399150209172232,还记得之前杭州快递员造谣事件吗？好像才判刑，还不能引以为戒，造谣的人永远比被冤枉的人还知道她（他）有多冤枉。有的人现实中唯唯诺诺，网络上躲在屏幕后面，以为可以为所欲为，这么幼稚还玩智能手机，糟蹋了,0,10,1,2022-07-20 18:27:31,来自四川,108257261522,✪蚂蚁牙黑✪
7122546683724628769,“目前”这两字用的很好,7,88,0,2022-07-21 04:11:56,来自广东,7264408630,evevrhheshbhve
7122707445218755364,是个男人都会羡慕的[小鼓掌],0,0,0,2022-07-21 14:24:22,来自新疆,111182940316,该还用户太帅无法显示
7122256703521194789,我说如果 这一查被扒出什么黑历史 亏不亏,6,112,3,2022-07-20 09:15:06,来自安徽,97304945845,蒙尘Ccc
7122366068659684100,支持女方用法律手段维护自己权益，让造谣者进监狱。除非他能拿出有力证据证明自己不是造谣,0,34,0,2022-07-20 16:19:50,来自福建,108119509264,敲玉余韵
7122484323697509150,此事告诉我们一个道理，千万不要随便晒自己照片，特指美女。,0,5,0,2022-07-20 23:59:34,来自广东,59714054757,皓莮000
7122706140575793957,羡慕 嫉妒 恨 的病态心理[捂脸],0,0,0,2022-07-21 14:19:00,来自湖北,106750155828,幸福生活8097
7122642606307574567,希望警方调查真相,0,0,0,2022-07-21 10:11:36,来自浙江,105317825187,南神6
7122855106169013006,一直说网友造谣，要是真反转了，他未婚夫得多……[我想静静],0,1,0,2022-07-21 23:58:18,来自河北,102138084116,博学多才的明月xd
7122295487537152798,报警哇，把造谣的抓起来,0,3,0,2022-07-20 11:45:23,来自江西,50269371509,呵呵呵呵呵呵呵呵hi
7122463125101789960,网警收集证据，对第一个发出照片散布谣言的人处以重刑[灵光一闪],0,3,0,2022-07-20 22:35:55,来自湖南,2996908602,森林700427
7122426107948860200,俞慧敏女士很生气。,0,6,0,2022-07-20 20:11:40,来自内蒙古,5960964927,迷人的金属之声
7122406327711941411,如果调查下来是真的，律师也来说说，这算不算报假警，算的话，报假警要承担什么刑事责任吗？,0,0,0,2022-07-20 18:55:05,来自江苏,6147249926,死神的翅膀27
7122372202469131022,以后对于这种造谣是不是可以考虑要承担刑事责任,5,27,1,2022-07-20 16:43:11,来自湖南,105971797886,真诚喜鹊XX
7122593258463134498,网友说她是工厂的枝师有错吗,0,0,0,2022-07-21 07:00:58,来自河南,102363220356,温柔光束1H
7122660898765882146,时间会证明一切的,0,0,0,2022-07-21 11:22:51,来自上海,17393062553,上海全球技术服务
7122645390154810115,造谣一张嘴，辟谣跑断腿,0,0,0,2022-07-21 10:23:01,来自云南,86301930370,插画师梦野间
7122681423135425287,人性最大的恶是见不得别人好，我的朋友都说现在出去吃喝玩乐都不能发朋友圈，因为别人会嫉妒，背地说的话很不堪，这种小人太多了！,0,0,0,2022-07-21 12:42:51,来自浙江,57620378953080,手剥橘子
7122370820432806667,这个是不是8号我不知道，我也没见过。现在有些年轻女人，白天干着正经工作，晚上和周末还有兼职。尤其是那种身边没有高中以来的长期闺蜜的那种，怕别人知道她的过往跟以前的同学朋友都断了联系。男人在婚前最好查一下她的开房记录。可怜某些老实人。,13,73,3,2022-07-20 16:38:02,来自重庆,5504138872,雨神211
7122289502341071652,那啥，会不会过段时间就开始直播了[捂脸],0,514,11,2022-07-20 11:22:20,来自上海,59753832059,凫鱼
7122392670806934313,所以一般不要把自己、亲友影像发网上，,0,4,0,2022-07-20 18:02:19,来自河南,3874325326739927,英明果断春风Op
7122803918547665700,这个事情没必要辟谣吧，两个都结婚了，肯定知根知底的，认识至少几年了，啥情况不知道,0,0,0,2022-07-21 20:38:11,来自四川,4890366069,落叶叁千
7122900400138814245,有懂法律的说一下，说别人象会所技师跟说我象搬砖的它的性质有什么区别？好象技师从法律角度也不是贬义词。哪位大神解释一下吧。,0,0,0,2022-07-22 03:02:48,来自广西,52354536502,00不是7
7122310540692964137,那些个有劣迹的人最好别在网络上露面的好,0,12,0,2022-07-20 12:42:48,来自湖北,63038631441,咔丘咔丘
7122306418963137315,网络不是法外之地，造谣传谣需要承担法律责任，慎言！[汗],0,5,1,2022-07-20 12:26:52,来自河南,65601403225,爱吾及屋
7122450931446416128,到底是诽谤还是真相，希望警方早日公告,0,2,0,2022-07-20 21:48:04,,3544426821196221,一叶知秋太湖畔
7122406029006324517,参考杭州那位女子，可以起诉，造谣者已触犯法律！！！,0,13,0,2022-07-20 18:54:19,来自安徽,67338037927,我身他读就能
7122626762500342532,网络不是法外之地！但是真相才是最重要的,1,10,1,2022-07-21 09:11:42,来自广东,483418189868654,布小得咯
7122357585784963847,这律师在诋毁技师这职业吧？,0,9,0,2022-07-20 15:46:13,来自浙江,101182235043,我是傻子我怕自己傻
7122689128788935464,身材好颜值高的女人就没有做普通工作的。,0,0,0,2022-07-21 13:12:25,来自吉林,53025997683,明江32
7122504619741430535,看了抖音聊天记录！[捂脸][捂脸],7,8,1,2022-07-21 01:21:10,来自上海,2453712978326456,热闹咸鱼
7122635013694472975,姑娘确实身材很好，值得一看，谢谢分享！,0,0,0,2022-07-21 09:42:06,来自江苏,63462773983,陈老215
7122641577100772100,网络不是法外之地！污蔑造谣就得负责！,0,0,0,2022-07-21 10:07:32,来自江苏,123578114382883,清晚
7122311013042488077,那几个造谣的人估计现在慌得一比～本来只是想混在评论区开个玩笑，结果碰到跟风起哄的，把事情搞大了。,0,4,0,2022-07-20 12:44:48,来自安徽,106155121858,Super卡哇毅
7122495954750079780,"我支持报警处理。。。跟风也是不对。严重的要受到法律制裁。
网络不是法外之地！",0,0,0,2022-07-21 00:46:43,来自河北,5790350542,传奇65133732
7122584084408828687,现在的网络太厉害了，什么都可以做。真应该好好净化了。,0,6,1,2022-07-21 06:25:44,来自北京,102395043197,骞哥306
7122619265647313668,支持起诉，让造谣者付出代价，网络绝非法外之地。,0,0,0,2022-07-21 08:42:15,来自福建,4309678669433960,林永建1987
7122715176863957760,昨天忙到夜里1点才关门，饿了去路边摊吃份炒面，别人来搭讪问我哪个ktv上班的，真的是无语，现在人真无语,11,34,3,2022-07-21 14:53:37,来自安徽,6724289196,我是小倩呀哈哈
7122430890554786595,这个报警被抓如果起诉最先造谣者估计要面临牢狱之灾3年以内,0,1,0,2022-07-20 20:30:20,来自广东,105150763476,个脉个阿波
7122452865952138021,帅哥美女，天造地设的一对！,0,0,0,2022-07-20 21:56:03,来自广西,99840906202,德才兼备星球RU
7122294583719641871,这已经立案，造谣的人留下案底毁三代，以后还嘴贱吗？,0,1,0,2022-07-20 11:41:36,来自河北,50061897556,卡莫摄影
7122345736117027615,五百元以下，这名誉真不值钱…处罚太轻了,0,19,0,2022-07-20 15:00:11,来自河北,63295347711,邢走的故事
7122393684598948646,现在微信谣言0成本，真的要管管了,0,7,0,2022-07-20 18:06:36,来自上海,65100794514,天选打工人007
7122661374664262414,想让别人羡慕，结果新来的全是嫉妒！,0,1,0,2022-07-21 11:25:08,来自山东,171128563441735,上进饼干V9
7122453903463580456,这些人最基本的人性道德底线都没有！网络不是法外之地！,0,3,0,2022-07-20 21:59:41,来自重庆,2933113586199556,知行合一lt
7122440524388909839,网络不是法外之地,0,0,0,2022-07-20 21:07:47,来自山东,70631289117,逆风依旧前行
7122585722959823619,不信谣、不传谣，相信公安调查公布结论！,0,1,0,2022-07-21 06:33:21,来自广东,2085110732818775,微风吹散雾
7122427168780862249,"社交公共平台，人多嘴杂，自己跟亲人照片啥的，控制在亲朋好友能见是最好了。
不然谁都能评论，乱七八糟，说啥的都有。",0,1,0,2022-07-20 20:15:53,来自河南,15284158233,张公子丶
7123059292462252841,严惩造谣者，有些人就不见得人家好！,0,0,0,2022-07-22 13:08:49,来自广西,54680108315,我的射手
7122478236697379592,这身材我宁愿相信是人家嫉妒恨多一点[吃瓜群众],0,3,0,2022-07-20 23:35:37,来自广西,60077816045,金钗动春意
7122437383437566752,我在北京送快递，老家有人谣传说我在北京又快地，我感觉他故意取笑我，我可以报警抓他吗[抠鼻],0,1,0,2022-07-20 20:55:51,来自北京,62647749739,这么简单9
7122451348419248936,查清楚，用事实说话，到底是事实，还是谣言，不能冤枉一个好人，也不能放过一个坏人！,0,1,0,2022-07-20 21:49:39,来自安徽,111015781646,和风98
7122438658363278114,底气足就该报警！没有就是没有！追究造谣者的法律责任！,0,0,0,2022-07-20 21:00:17,来自河南,97922850282,前行
7122884815569519400,技师是褒义词还是贬义词 法律上怎么判定,0,0,0,2022-07-22 01:56:48,来自浙江,54414502318,名字取了都是重复的
7122606475138188067,有故事的人最后也都嫁了。,4,83,3,2022-07-21 07:51:48,来自吉林,66833431716,认知者
7122616897970963235,早日网络实名制就完事了，是真的就是好人好事，是假的就是造谣追究责任。,4,4,2,2022-07-21 08:32:13,,1934786631056494,端庄饺子zq
7122365913478988551,没办法 网友很容易被带偏,0,6,0,2022-07-20 16:18:32,来自广东,82999351333,走四方276212932
7122679240402780965,估计本来想调侃一下的，没想到下面网友这么给力，给推上去了,0,0,0,2022-07-21 12:34:17,来自山东,1829211854615150,不过之年的少年
7122688643482813191,[捂脸][捂脸][捂脸]新娘好美,0,3,1,2022-07-21 13:10:52,来自广东,110375490402,胖秋月
7122244702082548513,这事是不是造谣还另说，就算是真的，可是谁都有过去，可是为什么要揭人家过去呢！,5,30,5,2022-07-20 08:29:06,,14806636163,萧逸456
7122272291899376415,网络就是这样大家说话口不遮拦，自己的隐私自己记录保存就好没必要放网上让别人欣赏让别人评头论足，,0,9,0,2022-07-20 10:15:23,来自安徽,3905878025576503,沉着微风am
7122297533447176968,网络上炫耀，就必须要承担由此带来的不可预测风险,0,8,1,2022-07-20 11:53:18,来自四川,16473957771,明月小楼风
7122693438537646880,说她是技师是诽谤么？还是她认为技师是见不得人的行业？,0,1,0,2022-07-21 13:30:27,来自天津,104182681321,大个芋头
7122280627474858787,辟谣的难度远远大于造谣，造谣一张嘴，辟谣跑断腿。而且有些造谣是没有办法真正的晒出证据来反驳的。所以，只有严惩造谣者才是王道,0,6,0,2022-07-20 10:47:23,来自湖北,51881017098,正道对的事情
7122419670904570660,造谣一张嘴，辟谣跑断腿，网络不是法外之地。,0,18,1,2022-07-20 19:47:13,来自河南,4588771367,詹姆斯丶汤圆
7122606779351630604,这如何取证网友们是造谣呢😂一面之词🤭,0,0,0,2022-07-21 07:54:17,来自河北,105149207412,乐乐呵呵阿
7122472911944254242,网络造谣应严惩,0,0,0,2022-07-20 23:13:38,来自浙江,97593475386,山水间621
7122630503861732129,雪崩的时候没有一片雪花是无辜的，那些恶意评价的人以及说风凉话的人和侮辱诽谤的犯罪份子有什么不同？主犯从犯的区别而已。,0,1,0,2022-07-21 09:26:08,来自北京,4291976619,晓曦37687579
7122400154363134728,我想知道诽谤滴滴司机的那位女士的结果,0,1,0,2022-07-20 18:31:16,来自广东,2776184009,独自享受那份孤寂
7122365943472554763,请亮出你们去过的证据🙃,0,6,0,2022-07-20 16:19:11,来自广东,624145026264312,雪儿090809
7122743137973453601,造谣者应该接受惩罚，对别人伤害太大了。,0,0,0,2022-07-21 16:42:49,来自辽宁,2137080217735560,幸福拥抱阳光
7122485092391469838,漂亮的女人出名很容易,0,0,0,2022-07-21 00:02:33,来自安徽,50530824582,景观山树
7122458589117612834,我觉得人生是自己的，为什么要极力去诽谤别人呢？退一万步说，就算人家是技师，和你有关系吗？人家家庭幸福就好了，你管那么多干嘛？,0,2,0,2022-07-20 22:17:56,来自江苏,5260335164,远方的目光
7122393906955813639,网友太不厚道了！让接盘的老实人咋办？,0,30,1,2022-07-20 18:07:07,来自广东,65582337633054,霸波儿奔波
7122417064388084483,私企财务，所报这个职业就很牵强,4,25,2,2022-07-20 19:37:41,来自广西,6150753919,江山如画80746966
7122816871040123679,网络造谣早该管管了,0,0,0,2022-07-21 21:28:17,来自四川,59232161512,一抹阳光1605369
7122679334296863522,我记得当时吴亦凡也是报警，起诉自证清白，结果自己整进去了,0,6,0,2022-07-21 12:34:26,来自四川,6712403070,荒野大官人
7122574472338588431,必须打击网络造谣者,8,26,3,2022-07-21 05:48:33,来自江苏,783287132368747,青锋剑南
7122440514422735627,自己要在社交媒体发，人家调侃也要承受的吧。,1,16,1,2022-07-20 21:08:08,来自四川,2317385217084788,戎城丰子
7122213028783375142,完了完了，全网又在带订婚宴风，又是一笔不小的开销，哎！,27,270,4,2022-07-20 06:27:12,来自河北,501013682590183,卍卍风林火山卍卍
7122710617781617416,口嗨需谨慎，当你在网上冲浪，内心满足感十足，实测已经触犯法律,0,0,0,2022-07-21 14:36:28,来自广西,1469412638996269,聪慧iu知恩
7122384343061775115,自己的私事隐私为啥喜欢给全世界的人都知道，有谁会关心啊[捂脸],0,48,0,2022-07-20 17:30:25,来自广东,69263106637,云卷云舒的昕儿
7122669591637410564,必须严惩造谣者，造谣者如果付出的代价太低，造谣者会毫无顾忌，建议顶格判决。,0,1,0,2022-07-21 11:57:33,来自山西,2510897795043988,极速清风51
7122339590169740064,如果说女子职业是技师涉嫌诽谤甚至犯罪，如果当时说该女子的职业是律师，是不是也构成呢？技师和律师应该都是法律允许的职业。,0,14,1,2022-07-20 14:37:00,来自安徽,70423073058,xiangdong0122
7122455676928541440,网络不是法外之地，一定要严惩造谣者,0,0,0,2022-07-20 22:06:35,来自天津,3975422107469613,81年的少年
7122460775302185736,网络并非法外之地，造谣诽谤者必须严惩。建议重罪！,0,0,0,2022-07-20 22:26:54,来自辽宁,2783619272948547,外贸鞋汇名品折扣店
7122290408377615118,网络不是法外之地，在网络上诽谤造谣他人达到的效果比线下大无数倍，所以网络犯罪一定要严惩,0,2,0,2022-07-20 11:25:45,来自山东,105212060571,打鹰酱的种花兔
7122873124806542115,"网上有些人心里阴暗得很。
再说以技师为业的人就不配拥有婚姻吗？",0,0,0,2022-07-22 01:09:15,来自四川,64767786756,Flamingray4
7122858304333726499,说技师就侮辱人了？那从事这行的人情何以堪？,0,0,0,2022-07-22 00:10:04,来自上海,1121090329916039,聪明的百香果RL
7122405101242827554,法拉利车队修车的工程师也叫技师，凭什么歧视技师？诽谤啥了？,0,2,0,2022-07-20 18:50:16,来自上海,5567978785,天蝎小八拉子
7122772393730376483,严惩造谣者，人肉加害者保护受害者,0,0,0,2022-07-21 18:35:38,来自广东,86841774549,风旋律282
7122401728095650563,敢公开就要接受质疑。当然也有很多的祝福和羡慕。,6,73,8,2022-07-20 18:37:47,来自山东,104473692438,卢布安
7122429781156610854,说人是技师就是侮辱性语言，要技师怎么活？,0,4,0,2022-07-20 20:26:34,来自广东,52239994633,心随你动5WFO
7122535048192623363,网络时代，谣言的伤害极大，一定要付诸刑法,0,7,0,2022-07-21 03:29:40,来自河南,1609297955404984,大道不孤天下一家
7122356233809658631,不信谣，不传谣，不造谣，相信法律是公正的,0,4,0,2022-07-20 15:40:54,来自山东,94253267393,儒雅明心
7122449272834474765,造谣肯定不可取，必须严惩，照片拍得有可能神似也说不准，毕竟明星都有撞脸的,0,0,0,2022-07-20 21:42:03,来自河北,4190977174277576,之巅之上
7122355779747283746,造谣一张嘴，辟谣跑断腿。建议对造谣者割口条处理。,0,3,0,2022-07-20 15:39:10,来自北京,63721958668,玩个大球球
7122646546613076744,我不太明白，结婚是自己的私事，为什么要发到网络啊？难道是想普天同庆吗？,12,62,7,2022-07-21 10:27:56,来自江苏,3513667397356941,ai花椒
7122678336802931493,我兴冲冲的赶紧点开图片想看看这很难很难看到的美女，居然马赛克，太过分了，我的心好痛😣,0,0,0,2022-07-21 12:30:38,来自四川,1882017155007671,聪慧山丘jO
7122387432968569641,造谣一张嘴，辟谣跑断腿,0,14,0,2022-07-20 17:41:58,来自重庆,93152649439,君熙930
7122431322970702624,哪一个人的名誉做为消遣，进行诽谤造谣，必须付出代价。,0,2,0,2022-07-20 20:32:48,来自辽宁,75489673872,259541557
7122443933262889765,造谣有多爽，哭的就多惨！一定要对造谣者控告到底，坚决不要心软！一定让这些嘴爽的人，付出打嘴的代价！,0,0,0,2022-07-20 21:21:12,来自山东,5525770499,在冷眼看世间
7122728161586070306,晒幸福要谨慎。最好别晒。,0,0,0,2022-07-21 15:43:56,来自安徽,79484950198,友爱明月No
7122674757358617376,看看，报警才是维权到王道，发律师函的好好学学。,0,0,0,2022-07-21 12:17:09,来自广东,105185930485,看那边有条只头鱼
7122303237029872418,退一万步讲js不能嫁人吗,0,56,3,2022-07-20 12:15:10,来自广东,1724498578781223,飞哥210606
7122422496418497313,这下全国网友都知道了,0,0,0,2022-07-20 19:58:31,来自湖北,3722469953,爵爷24487230
7122340819675284263,诽谤他人情节恶劣，造成严重后果的，可能构成诽谤罪，可依法追究刑事责任。和谐社会，和睦相处,0,1,0,2022-07-20 14:41:39,来自北京,1380626159385551,率真奋斗的蚁族
7122364511604310818,支持严惩网络造谣诽谤者！,0,2,0,2022-07-20 16:12:59,来自北京,100416694993,崇文尚武666666
7122432696051761950,不把自己的照片放网上给大家观赏不就行了,8,33,5,2022-07-20 20:37:43,来自山东,110767405114,超级恐龙小怪兽
7122660102888981251,为什么要发布订婚照片？？？高调的教训！！！,0,0,0,2022-07-21 11:21:07,来自广东,5926321582,幽默的潮汕禾埔
7122661371044594462,其实做财务的大多数人数学好，数学好的人大概率都智商高，智商高的人大概率都理性，理性的人大概率身材都不错[偷笑][偷笑][偷笑][偷笑],0,0,0,2022-07-21 11:25:13,来自陕西,3922699296974216,27的幻想
7122464557843071783,需要靠更多的实际惩戒案例，提醒网络上无德之人,0,1,0,2022-07-20 22:42:11,来自天津,103240137158,咸吃萝卜xxx
7122475749465981711,没有非要诋毁，也没嫉妒人家身材多好，同是女性，自我角度感觉，订婚宴，还是穿衣略端庄一些好，毕竟有双方亲友长辈，晒身材，两个人一起的时候怎么晒都行，大局之下，还是选择端庄大气的衣服好一些。个人见解，不喜勿喷。条友 抖友千千万万晒订婚照的，没人给“冠名8号”有句话说的，低调方成事。也许我是农村娃子吧，比教接受不来[祈祷],20,77,11,2022-07-20 23:24:39,来自广东,6604825447,时光静好77077
7122443714010104617,支持处罚，有些人心理变态，见不得别人好，网络绝对不能成为法外之地！,0,0,0,2022-07-20 21:20:02,来自天津,2876748042601896,TM138
7122851387436122921,等判决吧 我想看哪个赢 事实就自然明了 不必这么快信辟谣,0,0,0,2022-07-21 23:42:49,来自福建,6514165560,你他粮的还真是个天才
7122383848457143052,确认谣言散布人后，可以告他们，精神疾病的赔偿有时候超过我们的预估。,0,2,0,2022-07-20 17:28:37,来自广东,63711463303,箭矢下的野狼
7122439142042092318,支持追究刑事责任,0,0,0,2022-07-20 21:02:26,来自湖南,83478284525,仰望
7122382880755532579,网络不是法外之地，应该严惩！,8,124,7,2022-07-20 17:24:07,来自山东,1437807078028654,爽朗的乐天派卡布奇诺
7122394870622552866,又说有网警，这类人应该入刑事罪。还要把此类人真实信息发上网公开。以牙还牙,0,0,0,2022-07-20 18:10:38,来自广东,6536052023,廖大水
7122305297409966887,网络不是法外之地,0,6,0,2022-07-20 12:22:36,来自上海,3720353303760062,希腊神话和传说
7122584416441893666,长的好看又爱展示招嫉妒啊！以后保护好自己,0,0,0,2022-07-21 06:26:43,来自河北,95573871115,元气鲸鱼oo
7122592831541379877,网络不是法外之地，造谣传谣需要承担法律责任。,0,0,0,2022-07-21 06:59:42,来自山东,92657551218,孤独的雁1975
7122417976921391908,支持处理造谣者，网络不是法外之地，严惩！！！,0,11,1,2022-07-20 19:40:38,来自山东,104310333199,不知未来398
7122636799532385054,人家两口就是在那里认识的怎么啦，八号怎么啦，现在的网友真是的，自己娶不到，羡慕嫉妒吧,0,2,0,2022-07-21 09:48:57,来自广西,111170999573,掉队的蜗牛wts
7122252078038860575,当地不少人在评论这么说，我也不知道真假，有当地公正网友实地考察吗？,0,13,1,2022-07-20 08:57:13,来自四川,102795326001,愛雪多多
7122755537171317504,如果是真的 女的可以告诽谤吗？,0,0,0,2022-07-21 17:30:28,来自山西,2102734402617628,守候的人
7122616870582879014,谣癖 一般都是事实,9,37,3,2022-07-21 08:33:20,来自河南,73466573008,皆识
7122373965309297445,这事支持当事人拿起法律武器！让造谣中伤的坐牢！让他嘴欠,0,5,0,2022-07-20 16:49:41,来自重庆,1358639025626203,特有特点的名字
7122422745622659878,需要较真的人，网络不是法外之地！,0,7,0,2022-07-20 19:59:07,来自山东,60032651893,幽月明镜
7122355230767481634,造谣一张嘴，辟谣跑断腿！,0,3,0,2022-07-20 15:37:04,来自江苏,96009286943,Beckett112
7122285433819677474,现在的键盘侠啊，网络不是法外之地，张嘴就来，造谣生事，网络监控不容忽视,0,1,0,2022-07-20 11:05:58,来自山东,276689294989751,LDG溜达哥
7122638028573115166,那群人就是嫉妒，希望法律严惩造谣者,0,0,0,2022-07-21 09:53:47,来自河北,3304010193,好男人大周哥
7122830549672313612,不是发在朋友圈吗？怎么朋友圈里面也造谣吗？[吃瓜群众],0,1,0,2022-07-21 22:22:06,来自浙江,6361741200,罗拉快跑86238069
7122633584413934350,上次有两个快递驿站点员工造谣女客户被判刑的案例才刚过没多久，这些造谣者光顾口嗨了，忘了自己可能会面临的法律问题了,0,0,0,2022-07-21 09:37:19,来自广东,3067386001,粤大脚
7122384248304337697,既然说法，那就给大家解释一下，完全没有指名道姓的，怎么才能界定造谣诽谤？造谣也好 诽谤也罢，都要有明确的指向者。这个案子里有任何一个评论指名道姓针对新娘么？,4,27,3,2022-07-20 17:30:18,来自江苏,104219526808,满楼说说
7122488023937581859,网友们也真是的，人家都订婚了，就不要再搞事了。,0,3,0,2022-07-21 00:13:08,来自山东,3309120541,世界驰名双重标准
7122435994892403467,网络不是法外之地，坚决抵制网络喷子,0,0,0,2022-07-20 20:50:28,来自内蒙古,52870157297,妲妃所问
7122344455604618019,嘴下留德，不留德之人有法律制裁,0,9,0,2022-07-20 14:55:10,来自北京,96286267136,陈爽954
7122772095654069005,一回应更说不清，不回应就行,0,0,0,2022-07-21 18:35:09,来自广东,50064637457,南方都市放牛
7122441450159145759,网络不是法外之地，必须严惩,0,0,0,2022-07-20 21:11:29,来自福建,103594503189,傲娇的科四33
7122579932273820427,你们就羡慕嫉妒恨人家娶了个好媳妇吧[给力][赞][赞],0,8,3,2022-07-21 06:10:29,来自河北,2317377385533447,梦幻蓝色经典
7122813826365932322,网友的调侃变成造谣了,0,0,0,2022-07-21 21:16:16,来自广东,250316319621710,对网易失望透
7122399121180902158,对这些网络喷子抓到就是1万～5万元的刑事处罚，不是爱造谣么？至少得付出为自己的行为付出点代价吧,0,2,1,2022-07-20 18:27:37,来自新疆,60813781894,不超级de马里奥
