7121982587052655396,人贩子报警，这是怕挨打吧,24,2187,4,2022-07-19 15:31:32,来自安徽,6158528271,飘摇的炊烟
7122010532617421568,人贩子太猖狂了，，，严惩不贷，杀鸡儆猴[发怒][发怒][发怒][发怒][发怒][发怒][发怒],2,945,2,2022-07-19 17:19:11,来自天津,55023878427,评论员小米
7121990778050003747,人贩子招数变啦？开抢了吗？、,2,1279,5,2022-07-19 16:02:44,来自湖北,104849348069,湖北依然
7121980119358472963,那就去主动调查一下该女子的外甥，是不是真的同龄相仿，真的像。,61,1492,10,2022-07-19 15:21:54,来自安徽,2983720249,江淮好男儿
7122026547136955139,太猖狂太明目张胆了！“我外甥跟这个孩子长得特别像，”这样的话你信吗？我觉得不管孩子有没有被伤到，都应该补偿给人家，毕竟小孩受到了惊吓，不知会不会留下心理阴影。而且一定要调查清楚她的目的性，是不是认错人这么简单。,0,5,0,2022-07-19 18:22:00,来自广东,102910044512,水冰月情感
7122023232651461417,十年前就是这样，我们小区的一个宝妈带孩子去菜市场，孩子在车后面的小架子上坐着，妈妈一手扶着自行车，一手挑菜，就觉得自行车晃动，扭头一看，一个人正在把孩子往外抱。,5,111,4,2022-07-19 18:08:30,来自河北,85831531028,朝气蓬勃的小初呀
7121976309085504296,人贩子都升级了主动报警,12,1132,4,2022-07-19 15:06:41,来自北京,704121763797151,香香11521
7121983463976649502,警方应该尽快调查清楚并将事件公之于众，安民。,1,151,0,2022-07-19 15:34:46,来自陕西,93029595218,聪明的泽妍
7122054146219688744,大白天当众抢小孩，人贩子不可能这么大胆，事出应有因。要么女子精神有毛病，要么她家可能丢过孩子，也许家庭矛盾，离婚后双方亲属争夺小孩，但她可能认错人了,12,34,5,2022-07-19 20:08:22,来自山东,66340653122,善208179109
7122046335355945768,光天化日之下偷孩子、抢孩子，为啥这些盗贼如此猖狂？,2,47,1,2022-07-19 19:38:01,来自江苏,2919946448014904,勇者圆月No
7122008108720816907,谎话说多了，变真话了？谁信。人贩子严惩不贷。,0,1,0,2022-07-19 17:10:26,来自广东,2581290289989083,喜倪
7122003711506711307,要是老人是人贩子呢？看到外甥假装不认识？,1,0,0,2022-07-19 16:53:35,来自北京,6027584374,zlustb00
7121981706701783846,拉着孩子问叫什么名字就不正常，如果是觉得是自己外甥还用问吗,9,281,2,2022-07-19 15:28:26,来自北京,4269714776,MX1
7122009252109091584,就这一事件，又给去幼儿园接孩子的爷爷奶奶们上了一课了。,0,154,1,2022-07-19 17:14:12,来自江西,59271817419,剑邑老叟
7121981301770846991,一定是遇到人贩子了，还好有这么多好心人帮忙，小男孩才救回来了，一定要严惩这种人，光天化日之人，敢如此嚣张猖狂,1,361,3,2022-07-19 15:25:52,来自湖北,109450443605,没有如果236
7121975291505050371,现在人贩子的招数越来越多啊，打着认错人的旗号，很狡猾啊,1,988,4,2022-07-19 15:03:25,来自上海,558144751675228,无处倾诉的眼镜蛇
7122000051148292879,太恐怖了，严惩人贩子，大庭广众下就敢抢抱孩子，感谢见义勇为的好心人[给力][给力][给力],0,46,0,2022-07-19 16:38:35,来自陕西,395444257566942,苹安果18
7122001041507779364,这事一定要调查清楚，是否有一个年龄长相相仿的外甥，否则就是人贩子！必须严惩！还民众一个安全的生活环境！,0,28,0,2022-07-19 16:43:06,来自北京,57707077909,眼观六路360
7122002920467972864,光天化日下如果真是抢孩子的必须严惩不贷。,1,22,2,2022-07-19 16:49:48,来自河北,92454521919,云淡风轻275107278
7122017663391892224,幸亏这个是乌龙事件，也把大爷吓的不清，也顺便给咱提个醒，万一下次有人贩子用这个套路,0,0,0,2022-07-19 17:52:25,来自陕西,2963887446294893,苏小芽
7121994260223804198,为啥我感觉她说的也许是真的呢？人贩子不敢在人家小区门口众目睽睽下光明正大的抢人吧。,23,38,17,2022-07-19 16:16:39,来自河南,84435164997,花脸狼
7121976356954964776,把她外甥叫来一看不就行了，要真像，那就人家也是着急了呗。,13,196,6,2022-07-19 15:06:50,来自甘肃,9563301439,雪儿博美
7121959561011135266,什么事情都没有孩子重要，先看好孩子，然后是其它事情,0,0,0,2022-07-19 14:06:03,来自山东,4002684572805695,静静等待花开呀
7122001407607210784,怎么就变成女的报警了？明明是邻居报的警！这一口外地口音，怎么就本地居民了？这穿着打扮怎么也是天天在外面溜达的？什么目的？一目了然！,0,46,1,2022-07-19 16:44:32,来自天津,96819565464,Vivian 想想
7121986180744905505,不严惩都没成本，这都开始明抢了，不是孩子没安全感，这看孩子的大人都没安全感,0,318,2,2022-07-19 15:45:55,来自北京,377869300408543,h和h
7121997382849659687,这世道这么疯狂了吗？人贩子还先报警？贼喊捉贼啊！招数又变了，连后路都想好了，牛🐮还找老人下手，以后老人接送孩子的一定要注意了，还好现在人的警惕性都高了，也有好心人帮忙，老人和孩子都没事。还是要好好查查这女子的外甥，如果说谎，还是要给予惩罚才行,2,33,0,2022-07-19 16:28:59,来自河南,3272604549908104,美味的西瓜0141
7121990706336006952,人贩子吧？既然认定是自己的外甥，为什么还要问孩子叫啥名字。,0,49,0,2022-07-19 16:02:31,来自内蒙古,71201963082,lfx696969
7121990242802549536,人贩子也玩起套路了，偷不走开始找借口了。,0,55,0,2022-07-19 16:01:34,来自河南,6362036089,勇者小鱼AQ
7121997845829419789,"前几天几个官媒网站都辟谣了，说天津没有人贩子。
前段时间大家都说在小区或森林公园遇到过人贩子，然后就看到辟谣了[捂脸]，结果打脸不？",0,15,1,2022-07-19 16:30:19,来自天津,2291013724146823,一三五七八十腊
7122044724131316493,也许女子的外甥，真的被拐骗不见了，一看男孩很相似，所以激动误了会！如果是个人贩子，她会傻到自动打电话报警吗？好好查一查，不放过一个坏人，也绝不能冤枉一个好人？,0,35,0,2022-07-19 19:32:24,来自广西,60528150103,棋友直李
7122013000894333731,太可怕了，必须严惩这种人！就是外甥也不能这样硬抢！把孩子吓着了[发怒][发怒][发怒],0,12,0,2022-07-19 17:28:47,来自安徽,50098679356,老骥伏枥5018
7122088749009748766,人犯在给自己找借口，把她外甥叫来看看是不是在说瞎话！应该拘留！,0,0,0,2022-07-19 22:23:19,来自河南,619746457825064,单纯白云8l
7121999396833067807,"光天化日之下强夺孩子，人贩子太嚣张了。
带孩子的爷爷奶奶姥爷姥姥们要小心了！",0,8,0,2022-07-19 16:36:40,来自天津,65307249685,无花果的树2ngK
7121976218975044382,这是強抢，说像她外甥是借口，人贩子吧？太可怕了，必须要严惩，严打人贩子,7,1506,5,2022-07-19 15:06:40,来自广西,87910510793,正能量满满
7122013117579936524,肯定是人贩子啊，一个善良的人，会这样哦！严惩严惩严惩！,0,0,0,2022-07-19 17:30:02,来自山西,59158231523,微笑只为你123
7122090054486754052,请该女子出示外甥,0,0,0,2022-07-19 22:28:36,来自北京,2217062529764715,好5265
7122085335546200847,一看就是个惯犯，就算是他外甥，也应该拦下老人，确认清楚后，报警解决，怎么还抱下孩子就跑呢，做法非常不合乎情理。被好心人拦下以后，主动报警，估计是怕孩子家长赶来对他一顿胖揍，先变相保护自己掩饰作案动机。,0,1,0,2022-07-19 22:09:19,来自天津,4647001878,clk66
7122013531482030879,这不就是人贩子吗？一定要要查！,0,0,0,2022-07-19 17:31:22,来自江苏,910037902951240,母婴健康管理孙老师
7122027487747834660,光天化日下明着抢孩子。严惩人贩,0,9,0,2022-07-19 18:25:39,来自湖北,5487766328,owen12345622
7122087714622915328,光天化日之下抢孩子！这得严惩判刑吧？,0,0,0,2022-07-19 22:18:40,来自云南,69621285892,高级晚风wK
7122038644126860039,这是光天化日下抢孩子啊，太吓人了，一定要看好自己的孩子，幼童一般带着还是放前面弄个座，不要脱离大人的视线。,0,5,0,2022-07-19 19:09:02,来自河南,299480161999101,德才兼备青山hp
7121983046899303172,就是人贩子，必须严查此人，不要放过一个坏人,0,179,2,2022-07-19 15:33:31,,11617861699,金禾31718
7122054258052776718,太吓人了，强抢孩子就让人觉得是人贩子！,0,8,0,2022-07-19 20:09:25,来自江苏,1565292321321527,加油猪小悦
7121984407757947648,太恐怖了，严惩人贩子,0,121,1,2022-07-19 15:38:07,来自山西,58031604929,远方190113191
7121988947646939942,这种情况就是跑不掉了，自己选择报警，附近还有接应的车辆，如果当时没人拦截，那个女人抱起孩子就会钻进轿车逃跑，现在老年人带孩子的一定要注意，不能让孩子离开自己的视线，特别是跳广场舞的，一定要注意，,3,51,1,2022-07-19 15:56:02,来自河北,2853964562050075,心善之力不足
7121991023844573993,光天化日下明着抢孩子。严惩,0,70,1,2022-07-19 16:03:29,来自山西,729711529441885,腊月二十七H
7122034256088023840,被抓住了 心慌谎报说是外甥，其实就是人贩子，抓住绝不轻饶，太可恨了,0,4,0,2022-07-19 18:52:14,来自四川,55864022172,pang静姐
7122075105898955554,人贩子也太猖狂了吧！！！多少家庭被人贩子害的生不如死甚至家破人亡！强烈呼吁加大对人贩子和买家刑罚力度！真正实现买卖同罪！让有孩子有女儿家庭有安全感！,0,2,0,2022-07-19 21:29:32,来自河北,3284938188918669,lhrxjvrsomg
7122006707945095966,明抢啊 还挺横 她还报警了,0,6,0,2022-07-19 17:04:50,来自天津,4162338099,巴萨黎明前的春天
7121979513651069696,光天化日之下抢孩子，太嚣张了！最后怎么处理这个人贩子的？希望看到结果。,3,137,1,2022-07-19 15:19:02,来自陕西,53440912187,正义用存
7121991892635648772,这人贩子胆挺大，都敢主动报警,0,11,0,2022-07-19 16:07:44,来自山东,92200501742,晨曦宝月
7122036535062856481,这么思路敏捷怎么会认错人，真失去亲人悲伤过渡的会神志不清。报警是怕挨打，自知犯了大罪。一定严查严惩，还社会安宁。,0,1,0,2022-07-19 19:00:38,来自湖北,5868825416,安逸山雀fY
7121984129939325734,即使真是外甥也不能这样抱抢孩子吧,0,29,0,2022-07-19 15:37:20,来自山东,1781629126712424,雨夜花3676
7121997066892509965,就得警方介入调查，总感觉那个女人是坏人。社会影响不好，早晨家里的朋友发微信就说了这个事。有孩子的还真要小心点。,0,12,1,2022-07-19 16:27:23,来自天津,99300708364,天籁云霞
7122018314356294441,谢谢友友，给咱提个醒。[作揖],0,1,0,2022-07-19 17:54:59,来自江苏,4375679961147655,老猫的日常生活
7121981682051334943,真的是外甥，更不会车子没停就从车上抱，不怕小孩摔着吗？,0,86,1,2022-07-19 15:27:47,来自山东,2463326954621036,小可小可无不可
7122080340667663134,这也太猖狂了吧！公然抢孩子，还那么嚣张，必须严惩不贷！,0,0,0,2022-07-19 21:50:29,来自江苏,95942866658,一往无前风筝Lg
7122008293756912423,希望警方介入,0,4,0,2022-07-19 17:11:17,来自山西,92736774053,莱恩sun
7122034281295840015,那就去主动调查一下该女子的外甥，是不是真的同龄相仿，真的像。,0,2,0,2022-07-19 18:51:24,来自新疆,3812472814,暮年潇潇
7122032496984310567,这人贩子太狡猾了，怕挨揍主动报警。,0,2,0,2022-07-19 18:45:23,来自青海,6424046977,牡丹羞羞
7122013974941582087,人贩子也太猖狂了，光天化日也敢抢孩子，吓人,0,2,0,2022-07-19 17:33:01,来自天津,93006728843,大姐278540631
7122015190040199968,这是标准的人贩子，贼喊捉贼，一定要严打人贩子！,0,2,0,2022-07-19 17:38:09,来自天津,91611587748,花犯605
7122008177025417999,外甥自己不认识是吗？就是人贩子，必须严查！,0,4,0,2022-07-19 17:10:14,来自天津,68614898413,率真风铃6vhI
7122036058430178061,这人贩子也太胆大包天了，这大白天就敢抢孩子。,0,2,0,2022-07-19 18:58:23,来自黑龙江,54285793625,aa6116686
7122000919944053504,"追查到底 看看她有外甥吗 
这样放她走 有后患",0,4,0,2022-07-19 16:42:01,来自天津,2326211098846468,亲切高山FI
7121985986665759524,警方应该尽快调查清楚并将事件公之于众，安民。,0,48,2,2022-07-19 15:44:38,来自广东,108267092588,小丫1421
7122075480916132643,我看视频了，那女的就是人贩子，还和大爷狡辩，太可恶了，必须严惩她，太缺德了也不怕遭报应,0,0,0,2022-07-19 21:31:03,来自天津,4349306838464360,沐浴在阳光下的一片云
7121977390208926504,明显的没得逞就恶人先告状，反咬一口,2,57,1,2022-07-19 15:10:40,来自天津,51933788484,进取如玉
7122014440173716231,我们想要知道的是这个女的最后有没有送进监狱？不是一句孩子没事了就不追究了,0,2,0,2022-07-19 17:34:51,来自上海,4108221681510104,天线宝宝YOYO
7122036218799833896,无大碍[汗][汗][汗][汗]真被抢走了就不是无大碍了 怎么能这么轻信了这个理由呢？哪个人贩子会承认自己就是坏人 肯定是编好了借口说辞的！怎么也得多调查几天再下结论吧？！,0,1,0,2022-07-19 18:58:59,来自天津,4103006615771660,bleach晴天
7121989579376591648,人贩子太可恨，明抢啊,0,7,0,2022-07-19 15:58:44,来自河北,109161251358,聪颖明镜9O
7122022149103403807,太猖狂了吧，直接抢孩子，人贩子变招术了吧！必须严惩！,0,1,0,2022-07-19 18:05:01,来自北京,97283903815,乐天派流沙
7122027925821768461,这是強抢，说像她外甥是借口，人贩子吧？太可怕了，必须要严惩，严打人贩子,0,1,0,2022-07-19 18:27:07,来自河南,92320611416,congcong146
7122064609401520911,这就是人贩子吧，自己外甥能不认识，真是开玩笑呢,0,0,0,2022-07-19 20:48:44,来自天津,104628266133,霸道不是我的范儿762
7122007091321127714,人贩子花样百出招数变了，由偷变抢了。太猖狂了，必须要严惩。,0,3,0,2022-07-19 17:05:57,来自新疆,2181067641719341,百合仙子VW2U
7122067221027308320,人贩子的新型作案手段，主要是她有没有同伙，大家看孩子时还是多加小心,0,0,0,2022-07-19 20:59:46,来自天津,73550309222,wewe我们
7122057585037001486,光天化日之下竟敢如此嚣张的拐孩子，不管啥理由，必须严惩不贷以儆效尤！,0,0,0,2022-07-19 20:21:46,来自湖北,1899586616830356,健康传四方
7122063362129314593,一看就是人贩子，是自己的外甥还不知道他的名字叫啥？太嚣张。,0,0,0,2022-07-19 20:44:47,来自新疆,83940957869,15299562681
7122008053947417359,人贩子手段更加可恶，谁给的胆量？严惩！严惩！严惩！,0,5,0,2022-07-19 17:09:35,来自河南,1666492078501939,持之以恒的Ma
7121993599117968164,等待警方的结果，认错感觉不可能,0,10,1,2022-07-19 16:14:15,来自湖北,7432675831,游乐场克劳德6b5
7122063960773362445,可见人贩子越来越狡猾了，有孩子的家长真的要当心！,0,1,0,2022-07-19 20:46:35,来自江苏,1468535976760366,英明果断天空rD
7121990257276617509,就是人贩子，严惩不贷。,0,11,0,2022-07-19 16:01:08,来自吉林,360295524479630,简单风筝rM
7121996322894414592,这就是抢孩子，是人贩子在找借口。,0,5,0,2022-07-19 16:24:04,来自陕西,59268741938,雨夜有风拂发丝
7121989042794660620,肯定是人贩子，被人抓了，故意报警，要严惩不贷。,0,42,1,2022-07-19 15:56:28,来自新疆,52340455245,张思远33
7122014789702271778,人贩子真猖狂啊,0,2,0,2022-07-19 17:35:52,来自湖南,53059064486,自若山雀oa
7122005724800697122,人贩子抢人不成，反手报警装受害者？,0,2,0,2022-07-19 17:00:53,来自江苏,14043286739,玉姐外贸精品
7121989261385564969,这事情一定得查清处理，让人很无安全感。,0,14,0,2022-07-19 15:56:49,来自江苏,10802222746,热闹帆船qN
7122053567610913571,光天化日之下，当众抢小孩。此等恶行应严惩。,0,1,0,2022-07-19 20:06:02,来自广东,56519425547,柯国深
7122017353969697551,光天化日之下太猖狂了！一定要严惩！,0,1,0,2022-07-19 17:45:50,来自北京,5844219496,530615
7122066874317652776,都是辩解，调查外甥，严惩不贷,0,0,0,2022-07-19 20:57:42,来自天津,64608069141,大涵涵506
7121983194379404045,人贩子现在都这么嚣张了么。,0,18,0,2022-07-19 15:33:52,来自湖北,111002746116,微雨洛冰魂
7122020141772505897,人贩子太猖狂了，必须严惩！,0,1,0,2022-07-19 17:56:38,来自河北,3034287200800013,3948097459004悠然
7122078297755894569,必须认真查，这事没那么简单。不放过坏人，不冤枉好人。,0,0,0,2022-07-19 21:41:54,来自天津,901242773845896,有趣的山雀Lj
7122006912488784640,希望警方能查出个水落石出,0,2,0,2022-07-19 17:05:13,来自天津,93932371427,甜蜜蜜98053
7122084664953045798,真的要好好查查，否则是人贩子的话竟然敢明目张胆抢人了,0,0,0,2022-07-19 22:07:31,来自江苏,764882922245456,端庄优雅饼干mC2
7122045890591818530,光天化日之下竟敢抢孩子，你觉得像谁就是谁啊就上手抢吗？像的人多了。,0,1,0,2022-07-19 19:36:18,来自黑龙江,6845218496,珠珠57
7121989687773807399,为什么孩子的父母亲与其他家属来了女子才收敛不少？明显是伶牙俐齿欺负老人。,0,11,0,2022-07-19 15:59:00,来自吉林,51686452380,魔法风铃ik
7122056874828251904,起身一直问孩子名字，你外甥不知道叫什么名字吗？,0,0,0,2022-07-19 20:18:51,来自河南,5820974928,Rebecca朦
7122058873162171168,不要再和稀泥了，人贩子必须严惩,0,0,0,2022-07-19 20:26:59,来自广东,105626007559,角落里的贝壳
7122063818477781794,太猖狂了，大白天抢孩子。孩子像她外甥，要真像她外甥，孩子会不认识她，贼大胆,0,0,0,2022-07-19 20:45:53,来自天津,110570323248,高贵风铃AC
7122089794268218115,太可怕了，这事必须认真调查，关注后续。,0,0,0,2022-07-19 22:27:39,来自山东,52966609503,满满823
7122006356496433958,人贩子那么嚣张啊,0,3,0,2022-07-19 17:04:00,来自江苏,2524949285715531,善良春天真美啊
7122027555204825893,光天化日下明着抢孩子。严惩人贩,0,0,0,2022-07-19 18:25:52,来自湖北,5487766328,owen12345622
7122039558560514857,如果是人贩子，严惩不贷，行为太恶劣了。,0,1,0,2022-07-19 19:11:53,来自广东,108366411795,奋发有为可乐fN
7122046596393026338,人间悲剧不断上演，强烈呼吁法律严惩人贩子,0,0,0,2022-07-19 19:39:11,来自辽宁,99260653262,大侠福至
7122019227867546409,犯罪分子被发现后的新招数，警察叔叔可仔细盘问好了,0,4,0,2022-07-19 17:53:10,来自辽宁,53346798501,城里的月光183837394
7122046048101106432,严惩人贩子，太可恶了,0,1,0,2022-07-19 19:37:06,来自河北,4397666389461374,一小滴酒酒
7121988160737231616,偷娃贼太猖狂了，大白天抢娃还恶人先告状。必须严惩。偷娃抢娃肯定不是第一次。,0,74,2,2022-07-19 15:52:29,来自河南,311912679608171,喀秋莎4850232015731
7121982080753533711,警方把她外甥找来看看像吗？别让坏人跑了,0,23,0,2022-07-19 15:28:59,来自山东,6765170635,平安是福2088
7122016490689315584,光天化日之下抢孩子，太嚣张了！最后怎么处理这个人贩子的？希望看到结果。,0,1,0,2022-07-19 17:42:19,来自江苏,93512935673,清潭碧水772
7122052898708063017,拐小孩的人实在太可恨了[害羞],0,8,0,2022-07-19 20:03:34,来自河北,1130767657221004,高青尚洁
7121982994915164928,前几年西安幼儿园门口也有类似的事情发生,0,11,0,2022-07-19 15:32:42,来自陕西,4217377770703883,最爱中国红
7122063148001690405,人贩子太猖狂严惩,0,0,0,2022-07-19 20:43:37,来自河南,396260082718782,欢快橙子3T
7122047692754699043,人贩子贼喊捉贼，太可恶了，一定要严惩不贷！,0,1,0,2022-07-19 19:43:21,来自黑龙江,285505520928238,我的空中果园
7122050497753727744,新型的人贩子升级版呀，严惩。,0,1,0,2022-07-19 19:54:07,来自山西,92864402067,一丝不苟沙滩Vn
7122013117579936524,肯定是人贩子啊，一个善良的人，会这样哦！严惩严惩严惩！,0,0,0,2022-07-19 17:30:02,来自山西,59158231523,微笑只为你123
7121979723537826564,查下去！不放过一个坏人！,0,83,1,2022-07-19 15:20:17,来自江苏,786866206944840,缤纷晚风4K
7121986325091861252,现在人贩子的招数越来越多啊，打着认错人的旗号，很狡猾啊,0,10,0,2022-07-19 15:46:09,来自天津,5951234147,青涩奶酪5
7122064576522306337,人贩子开始明抢了，一定严惩！,0,0,0,2022-07-19 20:49:07,来自天津,4284152984,小MTJJ
7122038975660851968,人贩子都开始明抢了，正常人遇到像自己外甥的人也不可能抢啊,0,0,0,2022-07-19 19:09:28,来自四川,3707175753497396,汤圆配泡菜
7122071253133476642,人贩子向北方动手了[震惊],0,0,0,2022-07-19 21:14:44,来自黑龙江,1759656723618799,追梦人6938v
7121986804836434725,如果警方调查后证实是人贩子，那对这样的人贩子是应出重拳才行。无论是抢小孩的，还是运小孩的，都得调查清楚，决不放过人贩子。,0,14,0,2022-07-19 15:47:42,来自福建,103159529959,愉悦的宇宙xO
7122066973437117222,因为太人性化，对人贩子处理太轻，所以人贩子屡教不改猖獗。胆大包天！,0,0,0,2022-07-19 20:58:30,来自江苏,1293494968138868,正义凛然艺术家5M
7122003384475550472,抓住了说是像外甥 抓不住就是人贩子,0,1,0,2022-07-19 16:52:21,来自河南,3736737649,蕙兰馨香A
7122008108720816907,谎话说多了，变真话了？谁信。人贩子严惩不贷。,0,1,0,2022-07-19 17:10:26,来自广东,2581290289989083,喜倪
7122024855427564329,人贩子是恶人先告状。必须严惩！,0,0,0,2022-07-19 18:14:52,来自辽宁,712090122463072,默天真言
7122079020870632227,人贩子都这么明目张胆了吗？！付出代价太小了！,0,0,0,2022-07-19 21:44:42,来自山东,92801183427,莹晶楷妈666
7121979687899398925,为什么先不报警？没抱走就说像是外甥？去她家她单位一调查就知道了，严惩人贩子！,0,22,0,2022-07-19 15:20:16,来自湖南,3953468885439923,夜雨zlh
7122014713659097890,她报警也是为了尽快脱身吧，毕竟没成功即使报警也很快就能解决。如果不报警被围观者围住安全也是问题而且很不容易脱身洗白吧。希望严查人贩子。,0,1,0,2022-07-19 17:35:25,来自内蒙古,651330573047843,时髦小羊48
7122079878668698409,人贩子的新花样,0,0,0,2022-07-19 21:48:05,来自福建,408657974526413,ly语嫣0822
7122032744900788996,现在都有手机微信，把她外甥照片发过来一张对比一下，准露馅他就是个人贩子，不能放掉,0,1,0,2022-07-19 18:45:56,来自天津,3631328425,用户wwwjun
7122004101835719456,即使像她外甥，也得看看带孩子的大人自己认识不认识吧！上手就抱孩子？,0,1,0,2022-07-19 16:55:30,来自河北,50528124363,张书书99
7121985519822684941,不冤枉一个好人，不放走一个坏人。查一下他外甥是不是失踪了。还天下人一个公道。,0,7,0,2022-07-19 15:42:31,来自广东,60127770194,颐霖松客簿
7122091815578747687,有时，人贩子还会说看着象自己的孩子呢，这就是生抢。糊弄了在场的人后有同伙开车接应，上了车就是她的了。万幸，周围的人没上当。警察千万别放了这种东西！,0,0,0,2022-07-19 22:35:31,来自山东,79151039623,幸福在悟
7122085211739423523,人贩子的把戏！太可恶了。,0,0,0,2022-07-19 22:09:01,来自河北,111584641945,奋发有为沙滩mm
7122026978496512776,光天化日下明着抢孩子，严惩人贩子,0,0,0,2022-07-19 18:23:43,来自湖北,5487766328,owen12345622
7122021382145671943,这就是人贩子，要严惩！,0,0,0,2022-07-19 18:01:54,来自宁夏,10817785220,品茶悟道ZgQl
7122031392275432232,恶人先告状，人贩子,0,0,0,2022-07-19 18:40:04,来自北京,50949526355,冀秦
7122003868648555303,多亏好心的路人了,0,1,0,2022-07-19 16:54:03,来自天津,53959364500,非偶秋水
7122034975708562209,人贩子现在不是偷孩子，不是骗孩子，直接开抢，这是什么操作[大笑],0,0,0,2022-07-19 18:54:43,来自江苏,76068187567,淡泊的记忆
7121983908589454117,“孩子无大碍”，看到类似回应，感觉事件基本结束了。,0,5,0,2022-07-19 15:36:31,来自陕西,3403694134790183,实事与事实
7121973957192074014,后续千万别是认错抱错。人贩子的惯用伎俩。,0,135,0,2022-07-19 14:57:49,来自云南,111422637351,狼牛魔
7122071492224992036,人贩子损招太多了，防不胜防，千万看好自家的娃！,0,0,0,2022-07-19 21:15:52,来自上海,102459703895,优雅辰星QkK72x
7121990438545801987,外甥小时候坐在自行车后座就是这样差点被人贩子偷抱走。,0,5,0,2022-07-19 16:01:53,来自安徽,59897426829,亮剑1773138
7122007855922250508,就看他外甥是不是年龄相仿，相貌是否相似，还有是不是在附近幼儿园上学,0,1,0,2022-07-19 17:09:46,来自天津,93158990760,不会养多肉
7122065152496993027,这不是明抢吗？从重处罚,0,0,0,2022-07-19 20:51:35,来自河南,87205284606,王凤华
7122024401025139494,太猖狂了吧，要是觉得像第一直觉是好奇，第二步打电话跟家长联系确认。怎么会直接动手呢？,0,0,0,2022-07-19 18:13:53,来自云南,57742552266,酸酸甜甜的天使
7122008239457977121,人贩子手段一再升级！严查严惩！,0,1,0,2022-07-19 17:11:25,来自广西,57711344962,自由行走的灌木
7122085152163414821,人贩子招数变啦？开抢了吗？、,0,0,0,2022-07-19 22:09:16,来自江苏,17229231031,正大光明喜鹊xw
7122022681394004777,人贩子的招数变化多端,0,0,0,2022-07-19 18:06:23,来自重庆,3692800261,有一个温暖的家
7121977585814536968,警方应该尽快调查清楚并将事件公之于众，安民。,0,28,0,2022-07-19 15:12:00,来自天津,6631745756,SY一健
7122016657522213672,为啥给人贩子打码,0,0,0,2022-07-19 17:43:05,来自江西,96402877262,Miracle Dong
7122088916563329831,人贩现在好嚣张呀，大白天都敢明目张胆的抢孩子，必须严惩。,0,0,0,2022-07-19 22:24:05,来自河南,2067544325764686,囡猪宝
7122049344798245640,现在作案手段越来越高明了，随便打个电话给同伙就行，民警应该调查其给打电话的人落实是否家中由于岁数，长相相符的男孩才能发布通告。,0,1,0,2022-07-19 19:50:01,来自天津,1385030731701592,木公大可
7122084374015247136,人贩子太可怕了，也是太没有人味儿。赶在光天化日之下抢孩子，必须要严惩不贷。,0,0,0,2022-07-19 22:06:32,来自黑龙江,63444114339,滑过7639
7122021157200462607,看着像她外甥拦截报警处理，也不能强行抱走，这是人贩子的招数，发现了说谎是认错，成功了就抢跑了，一定要深挖严惩。,0,0,0,2022-07-19 18:00:25,来自天津,1970782886431103,多才湖泊8o
7122022309841945384,偷孩子的人贩子，看着是一个老人带着孩子，就想偷着抱下来。不想老人知道了，这女的就假装说是像外甥，而且一看没得手还报警，就是偷孩子的,0,0,0,2022-07-19 18:04:58,来自河北,342649737850207,善恶天地知
7122015500725060367,查查来路。看有没有前科，严惩不贷,0,0,0,2022-07-19 17:38:41,来自山东,58646079438,心宝熠宝
7122088947899597603,就是和外甥相像也不能直接从人家自行车后座给直接抱走孩子吧？还是有猫腻，好好查查吧！,0,0,0,2022-07-19 22:23:31,来自辽宁,2401799737973069,觉醒远见
7122013059921019689,朗朗乾坤，光天化日之下竟敢当众抢孩子，罪大恶极！抓住了一定要深挖彻查！,0,2,0,2022-07-19 17:29:11,来自福建,52672045659,大国智库
7122078921248178977,这是人贩子的招数啊,0,0,0,2022-07-19 21:45:08,来自天津,21126507533,高级冰淇淋e1
7122057091677717255,太恐怖了，严惩人贩子，大庭广众下就敢抢抱孩子，感谢见义勇为的好心人[给力][给力][给力],0,0,0,2022-07-19 20:19:56,来自山东,8794663225,奇妙小红花vZ
7122056006091784964,就觉得肯定是人贩子！！！,0,1,0,2022-07-19 20:16:14,来自天津,53609294856,圆圆的糖罐子
7122018062261977870,别拿这个理由逃避打击，希望警方认真调查，坚决严惩人贩子。,0,0,0,2022-07-19 17:49:07,来自河北,60438081519,风景与生活
7122011948450841348,正常的人 ，在确定是不是自己的外甥，会先叫下孩子的名字，然后在上前仔细的辨认一下，这女的上去就抱孩子，绝对是一个人贩子,0,1,0,2022-07-19 17:25:03,来自山东,3166197400735159,端庄星星7M
7122032920810046240,光天化日之下明抢，牢饭吃定了。,0,1,0,2022-07-19 18:46:51,来自浙江,101415842047,路边l鼓掌人
7121976727173825294,光天化日，被人发现，就称像外甥，如果没发现，这小孩就惨了。,0,40,0,2022-07-19 15:08:51,来自广东,13489258780,休闲看世界
7121987444408550178,人贩子吧？先严查，若查实，则严判！,0,5,0,2022-07-19 15:49:41,来自湖北,932011010694702,大武汉的小姐姐
7121974376794719016,一定是误会，人贩子不是这么干的。,10,7,14,2022-07-19 14:59:06,来自河南,5720929412,沙漠阳光61382612
7122057066596352808,"调查一下最好。
许多丢失孩子者，为了寻找孩子倾家荡产，更有许多思念孩子者都魔症了！
唉，这抱谁家孩子也违法啊！
[祈祷][祈祷][祈祷][流泪][流泪][流泪]",0,0,0,2022-07-19 20:19:41,来自山东,100415352318,86淡泊宁静
7122075142850790159,对人贩子应该用重刑！,0,0,0,2022-07-19 21:29:41,来自湖南,106514020526,亲亲子衿s
7122044079844049672,孩子并无大碍这一说法等于将责任降到零，心理伤害可能陪伴他一生，谁来负责?,0,0,0,2022-07-19 19:29:50,来自湖北,4173887209,888黄半仙888
7122062366950310689,警方应及时公布一下调查结果，一切都清楚了。,0,0,0,2022-07-19 20:40:35,来自山东,97380305828,热闹雪梨jQ
7122031327587091200,抢娃，人贩子！,0,0,0,2022-07-19 18:39:57,来自重庆,96963444773,梧桐58976
7122052829384049444,太胆子大了众光天化日之下都抢孩子，家有小孩子上下课接送孩子千万小心警惕啊,0,0,0,2022-07-19 20:03:30,来自河北,71395141768,夕阳红243993019
7122017071747072801,一定要严惩,0,0,0,2022-07-19 17:45:09,来自四川,106759217743,沐妍的妈妈
7122013699455451918,被人围住跑不掉就找借口说孩子像她外甥！！严查！！！,0,2,0,2022-07-19 17:31:59,来自重庆,109803508263,云涌风辉飞
7122063446979658503,民警不要轻易放过仔细的查查,0,0,0,2022-07-19 20:44:43,来自天津,51647482316,老葱6
7121976031225250596,这人贩子是戏精上身了，聪明！佩服！,0,32,0,2022-07-19 15:06:01,来自陕西,4204139024226320,名子就是老王
7122052826813137704,官方辟谣了，说没有人贩子，大家不信谣不传谣，看护好自己家的孩子就好，领小孩出去一定要注意安全,0,0,0,2022-07-19 20:03:13,来自山东,62317054612,闹闹178663051
7122057360499262247,认定是外甥应该直呼其名，而不是问他叫什么。,0,0,0,2022-07-19 20:21:16,来自云南,1117524328194151,正大光明荷叶cc
7122017018618118942,建议警察严查此女，不管什么借口，都不能恶意掠夺儿童,0,0,0,2022-07-19 17:44:56,来自山东,4182331530,吉他独行者
7122083122950619939,吓唬小孩老人的人罪不该赦,0,0,0,2022-07-19 22:00:51,来自天津,5925158995,太太大
7122061358077788964,人贩子就会辩解，判他个10年不行吗？别等真把孩子拐走了,0,0,0,2022-07-19 20:36:34,来自山东,892411231353691,山东眼镜兄
7122055841650066213,简直就是抢孩子,0,0,0,2022-07-19 20:15:27,来自广东,2692032778219391,风趣高山D9
7122035461778457355,聪明的人贩子，及时被抓了也有了脱词,0,0,0,2022-07-19 18:56:51,来自新疆,3957842682322973,用户7427611394658大
7122069708559434530,为什么还给她打马赛克,0,0,0,2022-07-19 21:08:35,来自天津,63268133426,爱笑胖胖
7122024246053782272,人贩子胆子怎么那么大[发怒][发怒][发怒],0,0,0,2022-07-19 18:12:24,来自云南,1732460232048952,运筹帷幄钢琴wd
7122052562609750795,像就可以抱走吗？我看银行的钱和我家的一模一样，那我也直接抱走呗[呲牙],0,1,0,2022-07-19 20:02:49,来自山东,60259079444,刚刚看到
7122046481196352296,警方通报不存在拐卖儿童行为。,0,1,0,2022-07-19 19:38:44,来自天津,2541692702957728,80后大叔szk
7122043991096820518,这人贩子也太恶劣了，居然强行抢走男孩。,0,0,0,2022-07-19 19:29:48,来自广东,5406156802,善心居
7122046430499734304,这个好办，它不是说象它外甥吗？叫它把外甥叫来，对比一下就清楚了。另外警察把人贩子带走，可千万不要随便放跑了？,0,1,0,2022-07-19 19:39:04,来自安徽,3570801925687853,勇者船帆AI
7121980598734193408,人贩子太昌狂，光天化日之下抢孩子。严惩重判。,0,5,0,2022-07-19 15:23:05,来自江苏,14660808025,才思敏捷湖泊0D
7122067789577569032,这明显是人贩子在抢孩子，应该从严惩处！,0,0,0,2022-07-19 21:01:36,来自浙江,132411410887004,西城东庄
7122029252237230882,绝对是人贩子[发怒][发怒][发怒][发怒][发怒],0,0,0,2022-07-19 18:32:08,来自新疆,108086398871,蕾丝花边12
7122013846302507812,胆子太大了，光天化日之下，竟然明目张胆的抢孩子。,0,1,0,2022-07-19 17:32:43,来自河北,2770367685866935,老哥斯拉格
7122032440725930752,太疯狂了，人贩子都敢直接抢孩子了，一定要严惩,0,0,0,2022-07-19 18:44:22,来自山西,107934701134,汇通范
7121988111869526818,这是“抢孩子的剧本”又更新了呀，因为以前“偷抢孩子者说认错人”而警察会相信，并以“认错人”为依据不追究吧。,0,6,0,2022-07-19 15:52:26,来自广东,51494906987,一灯姐姐
7122010673253139230,人贩子胆也太大了光天化日抢孩子必须严惩,0,1,0,2022-07-19 17:20:31,来自江苏,23957515907,美食引导者
7122008825003229966,怀疑这女的是拐卖儿童的，警察应该好好调查，这样光天化日抢儿童还是有点可怕。,0,1,0,2022-07-19 17:13:02,来自四川,1671700474760014,实在伊夫琳89
7122088208330359589,若真是人贩子，如此胆大妄为，必须严惩！,0,0,0,2022-07-19 22:21:04,来自河北,61518920308,高贵溪流g
7122033876595360552,老贩子！反客为主这一招，高！,0,0,0,2022-07-19 18:49:48,来自重庆,59215107910,美瞳关注
7122040609325679360,买卖人口，必须重判!,0,0,0,2022-07-19 19:15:53,来自陕西,3702747670265165,上进的春风fx
7122045268215890703,这是被抓住了，倒打一靶了,0,0,0,2022-07-19 19:33:54,来自山东,6436908717,魔豌豆呀
7122014429872915235,查清楚这个中年妇女的说法，她是不是真有一个年龄相仿，长相与这个小男孩差不多的外甥，如果有，就教育一下，如果没有，就是妥妥的人贩子，必须重判。,0,0,0,2022-07-19 17:34:33,来自广东,71150777249,干里暮云平
7122040346045399846,太可怕了！严惩不贷！,0,0,0,2022-07-19 19:15:53,来自山东,782500964084926,风吹人凉心不凉
7122038514832687879,肯定是人贩子偷抢孩子不成的借口,0,0,0,2022-07-19 19:08:07,来自广西,251145030481389,余兴未尽人已老
7122034581091664680,这个很好查，看看她有没有外甥，如有多大岁数，很快就能查清。,0,0,0,2022-07-19 18:52:37,来自河北,62370500861,盆水嬴
7122073031819985672,这不是单一的人贩子，直接是抢人的人贩子。太猖狂，必须严惩。,0,1,0,2022-07-19 21:21:56,来自湖北,20618602976,手工爆米花
7122017031465370383,孩子无大碍，那人贩子怎么处理了？,0,0,0,2022-07-19 17:44:29,来自广西,74271472861,西北花儿海洋
7122013531482030879,这不就是人贩子吗？一定要要查！,0,0,0,2022-07-19 17:31:22,来自江苏,910037902951240,母婴健康管理孙老师
7122033884476556070,太可恶，重判,0,0,0,2022-07-19 18:50:42,来自北京,97378771310,率真幸运星云
7122042456392696589,人贩子抓住就严判,0,0,0,2022-07-19 19:23:35,来自北京,109817294384,平安是福XX
7122017991441204008,寻衅滋事，严惩不贷。,0,0,0,2022-07-19 17:48:20,来自山东,545774688801424,舜风顺水啊
7122014498378351392,人贩子报警，这是怕挨打吧,0,1,0,2022-07-19 17:35:26,来自吉林,1173904874537900,思乡人委员会
7122027015490011912,看看不说话，说了也是自言自语。[呲牙],4,1,0,2022-07-19 18:23:37,来自河南,2440543986261388,孤山有韵
7122035565562168102,人贩子吧，喊不出孩子名字，孩子跟着老爷子安静坐着自行车，你叫他他有反应吗，你拉扯他他认识你跟你走吗？,0,0,0,2022-07-19 18:57:03,来自广东,2612054748828535,icy219
7122013436087108383,这种是人贩子，他们看到想要抢的孩子，会提前和周围的群众说，这个孩子是自己的外甥外甥女什么的，一旦周围群众也不认识这个孩子，就会下手,0,1,0,2022-07-19 17:31:08,来自江苏,4460301261,互联网故事会
7122073683636142860,孩子并无大碍，目前此事仍在调查中。,0,0,0,2022-07-19 21:24:50,来自天津,50018254679,剩下的盛夏124086432
7122025232797729568,可恶，没抢到孩子找借口！严惩不殆！,0,0,0,2022-07-19 18:17:10,来自辽宁,2568879277091886,林软水_
7122065537110704926,小小孩要看好 最好在眼皮底下,0,0,0,2022-07-19 20:59:48,来自江苏,91637092351,小妖怪4H6A
7122009776783016719,人贩子抢小孩惯用的手法和借口，希望警察仔细深入侦办。,0,1,0,2022-07-19 17:16:22,来自重庆,104022561179,豁达喜庆的书签
7122031952886383372,纵容人贩子就是对自己孩子的犯罪,0,0,0,2022-07-19 18:43:16,来自山东,52210612821,走在山林
7122044865113998087,是不是新型的拐卖手法，即可自保又可以拐卖,0,0,0,2022-07-19 19:32:45,来自辽宁,59274594277,馨香420
7122022617775276839,不严惩都没成本，这都开始明抢了，不是孩子没安全感，这看孩子的大人都没安全感,0,0,0,2022-07-19 18:07:15,来自河北,6607572353,顺平99150391
7122027142371771172,抢孩子也比偷换婴儿的好！,0,0,0,2022-07-19 18:24:06,来自山东,1882837534644032,山高水长路遥
7122056275579847432,听说话，这个女人不是本地人,0,0,0,2022-07-19 20:17:01,来自天津,93081344055,淑玲3823
7122013751901700864,现在的人犯子都不好惹了啊！你有上一招我有下一招，招招都让你害怕😨,0,1,0,2022-07-19 17:31:54,来自辽宁,52092348643,乖土豆1
7122021961769141004,由偷孩子变成抢孩子了，这恶人也太嚣张了吧[发怒][发怒][发怒],0,1,0,2022-07-19 18:04:26,来自河北,5942509659,终日漂泊在外SH人110
7122030773640692513,小男孩的家素质真好，不然她会长记性,0,0,0,2022-07-19 18:38:28,来自江苏,3865495885062043,老蒯
7122016934459638563,怀疑是人贩子！请警察同志认真严肃地调查处理！,0,0,0,2022-07-19 17:44:11,来自河北,85767474570,万里雪飘84
7122028606926177062,希望警方严惩人贩子,0,0,0,2022-07-19 18:29:52,来自天津,5400056509,5400056509风过留痕
7122023836014773032,人贩子理由很多，一定保护好孩子,0,0,0,2022-07-19 18:10:58,来自山东,103701550413,青岛伽利略
7122038882250130217,真是与时俱进啊，人贩子的手段又升级了。,0,0,0,2022-07-19 19:09:15,来自河南,52197805484,盛夏的时光123
7122040316517106446,人贩子要严惩！,0,2,0,2022-07-19 19:15:02,来自江西,5570461840,和风清
7122054566140773131,抢不到就恶人先告状好脱身，以前有男的当街打默生女青年，说是他媳妇要拉走，一个套路。,0,0,0,2022-07-19 20:10:37,来自北京,4699272199,用心的冬日暖阳
7122033090176385832,深挖严查，不能轻轻一带而过,0,0,0,2022-07-19 18:46:55,来自江西,61918409544,北口草
7122048076612649728,可以查查她有没有这个样子的外甥，必须查清楚，决不放过一个坏人。,0,0,0,2022-07-19 19:44:44,来自湖南,51824607007,老干81
7122021832101856034,让她把像男孩的外甥找来！,0,5,0,2022-07-19 18:03:03,来自河北,72626330347,好好好
7122034054404424478,可恶的人贩子，必须严惩[发怒][发怒][发怒],0,0,0,2022-07-19 18:50:53,来自江苏,101826519070,一伦明月照大江
7122023884311937804,如果真是人贩子就太可恨了，必须严惩,0,0,0,2022-07-19 18:11:46,来自山东,3395713562313192,喜乐男人
7122020512662242048,这借口不错，抢成了就跑，跑不掉就说自己认错了，警察跟她去看看外甥啥样，像不像这个小孩子。,0,1,0,2022-07-19 17:58:02,来自山东,51564309056,泰山石不敢当
7122041960390460174,像，不等于是。狡辩！应该是人贩子行为，支持重判！,0,1,0,2022-07-19 19:21:28,来自四川,53555318053,我在故我思7
7122020372484588321,太猖狂了，这就是人贩子新招数，见被人围住了，就抢先报警以洗清自己,0,0,0,2022-07-19 17:58:33,来自北京,263476616379751,暮史晨经
7122047316919403267,抢孩子，重判！,0,0,0,2022-07-19 19:42:18,来自辽宁,3337716437097924,幽默星空m6
7122053356126356227,不能严惩，等到破坏别人家庭时候就晚了！,0,0,0,2022-07-19 20:06:10,来自河南,92729263767,工程类知识分享
7122069352157430560,能抢就抢走，抢不走报警说认错了。,0,0,0,2022-07-19 21:08:01,来自河南,50021209700,异能人研究中心主任
7121974472533689096,孩子像外甥，所以抱走”这不不应该是人贩子的借口,0,35,1,2022-07-19 14:59:58,来自重庆,50519717568,火炉不是蒸的
7121979916966937348,强行抱走？那不就是抢夺幼童吗？,0,6,0,2022-07-19 15:21:29,来自江苏,86269025189,胖超人945
7122025368085152526,一定是人贩子，严惩！,0,0,0,2022-07-19 18:17:29,来自浙江,7005948819,平凡无奇lo
7122091150726693645,抢孩子，比拦路抢劫还要严重，要严惩不贷。,0,0,0,2022-07-19 22:32:33,来自河北,77023797450,蓝天白云YT
7122036311678092071,顶风作案，明抢啊？,0,0,0,2022-07-19 18:59:49,来自湖北,3553216024283987,依人依人依旧
7122025624801624835,这很容易落实，查一查这女的过往吧。,0,0,0,2022-07-19 18:18:41,来自广东,101074820289,聪慧香瓜ug
7122046905311560482,就是人贩子,0,0,0,2022-07-19 19:40:15,来自江苏,56356306959,56356306959
7122032421090165504,我给孙子买的有安全带的自行车小座椅，就是怕有人抢。,0,0,0,2022-07-19 18:44:22,来自河北,100095241469,camellia9911
7122011302553338638,这就是人贩子，太嚣张了！,0,0,0,2022-07-19 17:22:34,来自湖北,50085091525,stB
7122010505149104896,人贩子都升级了主动报警[撒花][撒花][撒花][撒花][比心][比心][比心],0,0,0,2022-07-19 17:19:09,来自河南,55956432047,春华秋实148427860
7122067480390337316,视频看了，明显抢人，最后居然放了[发怒]人贩子可怕，这种处理更细思极恐[闭嘴],0,0,0,2022-07-19 21:00:19,来自天津,6536257833,喜庆的饭团O0
7122017826906489635,毫无疑问人贩子，重处[敲打],0,0,0,2022-07-19 17:47:35,来自陕西,111401555500,乐天派布伦南1w5
7122013957128536835,肯定不是一人作案，警察应该立即搜捕,0,0,0,2022-07-19 17:33:17,来自天津,5004069964,为天下谷49372866
7122016536797184779,人贩子太猖狂了，，，严惩不贷，杀鸡儆猴[发怒][发怒][发怒][发怒][发怒][发怒][发怒],0,0,0,2022-07-19 17:43:03,来自上海,6856721186,微生物-吴
7122013752853496616,已经这么猖狂了吗,0,0,0,2022-07-19 17:31:53,来自辽宁,110802239781,屋顶的梦想
7122038055506215713,很简单，让她把外甥找出来，看像不像，估计都没有外甥。,0,0,0,2022-07-19 19:06:39,来自湖北,96742254423,slj0818a
7122020010813489954,一定要刑拘，不能纵容,0,0,0,2022-07-19 17:56:00,来自广西,87332555837,飞山
7122029675635327744,真是外甥也不能直接抢吧？,0,0,0,2022-07-19 18:33:33,来自山东,58817629450,邂逅蓝紫
7122021184388236046,最新通报来了，不存在拐卖行为。,0,0,0,2022-07-19 18:01:01,来自广东,99992151734,我呀在奋斗
7122017460928922403,拐卖抢夺孩子要犯，不能轻饶,0,0,0,2022-07-19 17:46:18,来自天津,6972900204,老船长60
7122027089440129833,明抢，明夺！无法无天了！看住自己的钱财，抱紧自己的小孩！,0,0,0,2022-07-19 18:23:39,来自天津,95757015503,刘彦雪722
7122056710588039973,太猖狂了…严格惩一定严惩！！！！！,0,0,0,2022-07-19 20:18:38,来自山东,95239005118,博学切问所以广知
7122053255819199271,她外甥是谁，让她叫过来，对质证明。,0,0,0,2022-07-19 20:05:36,来自河南,5830747417,智圣弟子1
7122090962007950080,她就是抢别人的孩子，如果她替别人接孩子，不可能把地址搞错，特别是她当时看到小孩被小孩爷爷抱上车时正常人的苐一反映就是大声呼叫，,0,0,0,2022-07-19 22:31:17,来自江苏,2933115234294284,奇幻生活家qb
7122082090120102697,现在的人贩子太猖狂了，都明抢了，一定要狠狠地打击。[发怒][发怒][发怒][发怒],0,0,0,2022-07-19 21:56:50,来自北京,2902314453043072,一往无前海风tG
7122061760458326787,这女子使用了个反客为主之计，应该是个老手！,0,0,0,2022-07-19 20:38:16,来自四川,2313002646514851,无鱼则水清
7122051660071387936,今天好像还辟谣了，说是认错人了,0,0,0,2022-07-19 19:59:16,来自天津,7002828922,小乖乖121
7122048176517006111,严厉打击人贩子！,0,1,0,2022-07-19 19:45:33,来自山东,80776927211,用户80776927211老乐
7122020141285606178,怎么这么神奇，坏人打码，受欺负的人就露脸,0,0,0,2022-07-19 17:56:32,来自广东,1859976770617496,盎刺刀
7122028187718451968,就是人贩子,0,0,0,2022-07-19 18:27:47,来自辽宁,105828031374,四妹爱上海
7122044146063835919,明抢啊！不管吗？,0,0,0,2022-07-19 19:29:43,来自甘肃,50316965394,荷子7
7122020552453620519,人贩子胆太大，作案前想好了对策，试图混淆视听。,0,1,0,2022-07-19 17:59:02,来自河南,2251391549050504,大江ww
7122025103923888896,这就是明抢，只不过是招数变了,0,0,0,2022-07-19 18:15:58,来自河北,71771645556,花开富贵8288
7122023330135524109,人贩子变招术了，连拐骗的技术都升级了,0,0,0,2022-07-19 18:09:22,来自重庆,434994916110171,用户米朵229331887
7122026510546240260,一定是遇到人贩子了，还好有这么多好心人帮忙，小男孩才救回来了，一定要严惩这种人，光天化日之人，敢如此嚣张猖狂,0,0,0,2022-07-19 18:22:03,来自河北,110907630501,墨羽倾璇Anne
7122029919957615397,必须认真的调查这个女人，不可能认错人，不能轻易的把人贩子漏网,0,0,0,2022-07-19 18:35:06,来自天津,95774175837,非凡枫叶o9
7122026149605802765,估计想拐走，你说像就像了，谁信！,0,0,0,2022-07-19 18:20:37,来自陕西,61560465395,狂火忧逸
7122021208321000228,让她把她外甥照片拿出来看看,0,0,0,2022-07-19 18:01:04,来自新疆,2880371599613198,云卷云舒601234
7122031039816155908,真疯狂，有一万个理由也不能改变犯罪的事实！！！！,0,0,0,2022-07-19 18:39:50,来自天津,75805474223,平安245309109
7122016202931176222,把她的外侄对比一下就知道有没有说谎了！她真有外侄吗？这事不难查吧！,0,1,0,2022-07-19 17:41:49,来自湖北,97220853439,让导弹快乐的飞一会儿
7122066104356651789,现在的人贩子越来越猖狂，越来越狡猾，必须严惩！,0,0,0,2022-07-19 20:55:02,来自四川,62594540074,悠心探玉月
7122043381915812641,让她外甥露个脸对比一下相貌和背影，还有这个小孩的服装也对一下她外甥有没有类似的，一试便知。,0,0,0,2022-07-19 19:27:24,来自天津,23365518589,生活如此5
7122022098570117902,这女人不简单，光天化日作案,0,0,0,2022-07-19 18:04:17,来自湖北,62540902296,相惜宁心
7122032108339856140,把她外甥找出来比较一下象不象,0,0,0,2022-07-19 18:43:50,来自浙江,50123827316,西山落日1
7122074487926883106,孩子的父母也来了情况该不复杂了吧,0,0,0,2022-07-19 21:27:10,来自山西,3583023389,秦喜迎春
7122089402461111053,我还是不相信报错了。,0,0,0,2022-07-19 22:25:41,来自天津,2774780616651175,不凡奶酪Pc
7122067798276653831,严惩人贩子,0,0,0,2022-07-19 21:01:33,来自山西,6319623361,破棉袄85188881
7122062869445280546,这分明就是人贩子,0,0,0,2022-07-19 20:42:12,来自湖北,65771970977,牵挂着你31
7121996521805038350,"现在的人贩子胆子都这么大了吗？
这是明抢啊！",0,0,0,2022-07-19 16:25:18,来自山东,585359898976478,蚂蚁看法
7122017052298183431,强抢呀。还摔坏大爷了。,0,1,0,2022-07-19 17:44:55,来自河南,3593479609,雪山冰峰19432256
7122021583966782243,这不是明抢吗？必须严惩,0,0,0,2022-07-19 18:02:00,来自山西,131548212105595,自在饼干Qy
7122080958354146088,这样的不就是人贩子？,0,0,0,2022-07-19 21:52:23,来自广东,4096036131,M_骑士
7122069979629601572,家属太老实了,0,0,0,2022-07-19 21:10:18,来自天津,5486179713,上进的明月zX
7122013500293071624,真不知道这女子是不是真的抱错，还是其他！,0,0,0,2022-07-19 17:31:10,来自广东,99992151734,我呀在奋斗
7122089850110542622,现在的人贩子是越来越猖狂了，原来是偷，现在是明抢。,0,0,0,2022-07-19 22:27:16,来自贵州,94143023543,没有水的鱼619
7121976435518194470,人家关注怎么回事，你回复小孩无大碍。,0,7,0,2022-07-19 15:07:44,来自浙江,111425645244,可靠溪流rc
7122043682097906472,这我看了半天这个新闻看了个寂寞！后续呢[捂脸],0,0,0,2022-07-19 19:27:49,来自山西,6460369301,迷糊的世界90284277
7122044961612595968,人贩子吧，人贩子吧！,0,0,0,2022-07-19 19:32:48,来自北京,6992151207,正直尘埃落定
7122016871561462558,人贩子惯用套路，法律应该严惩人贩子，卖家，买家同罪，举报者应该获得鼓励和奖励,0,0,0,2022-07-19 17:44:18,来自北京,70385530979,摸金校尉22394
7122082910827856640,吓人的行为呢,1,0,0,2022-07-19 21:59:58,来自天津,5925158995,太太大
7122088500115145472,为什么打马赛克看真人，看看他道底是谁认识她,0,0,0,2022-07-19 22:21:43,来自河北,4226166817816780,博学多才的蛋糕WK
7122042794440606500,是不是被堵截了，就说像她外孙，以此为借口，如果不是住在附近，不是经常去接小孩的，就有问题。,0,1,0,2022-07-19 19:24:43,来自湖南,58484852746,成熟露珠rl
7122065356336136968,先发制人，见跑不脱,0,0,0,2022-07-19 20:52:12,来自河北,76871634606,terou
7122085293544850176,10分钟前刚辟谣,0,0,0,2022-07-19 22:09:15,来自天津,4911284274,千度乐天
7122011728979755808,是，人贩子,0,0,0,2022-07-19 17:24:31,来自山东,2563674048045556,球妈爱国
7122060724889273095,7月18日，天津。一女子大白天抢坐在自行车后座上的孩子被众人围住，孩子被吓得大哭，周围群众认为女子是人贩子。19日，警方通报称，双方已消除误解，不存在拐卖儿童行为。,0,0,0,2022-07-19 20:34:14,来自北京,99442660711,PANGZZI
7122029777712235302,应深入调查那个抱孩子的女人！不要被她骗了。,0,0,0,2022-07-19 18:34:39,来自安徽,109756315707,周宗伦666
7122047820924453666,一定要严查，会不会是人贩子,0,0,0,2022-07-19 19:44:01,来自江苏,58663657641,一帆风顺160237168
7122019375628206885,人贩子的最好境界。,0,0,0,2022-07-19 17:54:02,来自山西,59624015544,寄语思浓
7122016083305251617,内里有乾坤，这女人不像人贩子，要不就是精神上出了问题。,0,0,0,2022-07-19 17:41:21,来自广东,10228186421,廖作仁
7121979592663270177,这是人贩子花招还看不出吗,0,5,0,2022-07-19 15:20:06,来自辽宁,100242795865,幸福雪碧Tn
7122052958296425216,人贩子越来越胆大包天！[刀][刀][刀],0,0,0,2022-07-19 20:03:49,来自山西,5780266373,南山听雨4561440
7122013614810841895,[捂脸]应该是误会了，俩人都怀疑对方是人贩子,0,0,0,2022-07-19 17:32:16,来自辽宁,4116992442258803,股乐渔人
7122034410136404769,病了还是坏了？,0,1,0,2022-07-19 18:52:47,来自辽宁,54641226470,一切如常11111
7122070063146435359,坐等公布结果,0,0,0,2022-07-19 21:10:29,来自天津,1952328226183655,爱分享的克洛伊
7122016244236272399,那就把她外甥带来对比一下[捂脸],0,0,0,2022-07-19 17:41:24,来自河南,2185465003508744,9373022164579
7122023548880765729,人贩子升级了,0,0,0,2022-07-19 18:10:28,来自浙江,93483825408,风不再雨不走
7122060001120207656,十足的人贩子拐卖儿童罪。,0,0,0,2022-07-19 20:31:01,来自天津,1869598492203038,薪的開始
7122035075877372712,极有可能是人贩子，而且是惯犯，好好查查,0,0,0,2022-07-19 18:54:39,来自陕西,75932199594,淡泊宁静1379
7122011716087169807,二八案的偷孩的打官司还嬴了呢，上那说理去。,0,0,0,2022-07-19 17:23:59,来自内蒙古,50002648377,cll0616
7121970412874924835,决对是人贩子,0,0,0,2022-07-19 14:43:36,来自四川,101689568981,王莉9633
7122081853447947038,严惩不贷！[发怒],0,1,0,2022-07-19 21:56:11,来自河北,3703583752852960,想去敦煌修文物
7122012226944320288,人贩子都有“应对预案”了！[抠鼻],0,0,0,2022-07-19 17:26:20,来自北京,3985274620,Sunny31081837
7122044078032110351,人贩子太坏了！[发怒][发怒][发怒][发怒][发怒],0,0,0,2022-07-19 19:29:25,来自黑龙江,50034467725,可望爱你
7122010631851213568,天津这两天有点🔥[黑线],0,0,0,2022-07-19 17:19:49,来自天津,1508169234784007,洋妞儿肉肉哒
7122013264342795023,应该还有同伙在旁边接应,0,0,0,2022-07-19 17:29:54,来自上海,89983217565,端庄优雅艺术家R3
7122017739363255052,白日抢小孩，人贩子的天下吗？,0,0,0,2022-07-19 17:48:00,来自广东,77369331561,路过813
7122056683693736745,有可能是人贩，故意为之。严查到底！,0,0,0,2022-07-19 20:18:09,来自山东,70081862482,吉星高照4836
7121999591637648128,公安机关应该把这个女。他的外甥找来看看，究竟是不是像。如果是像那没话说，如果是不像的话里面肯定有问题,0,0,0,2022-07-19 16:36:56,来自浙江,84655349073,正能量任我行12
7122042080981222185,一群网喷[抠鼻]早报道了，认错了外甥。,0,0,0,2022-07-19 19:21:33,来自甘肃,25572845591,左闲郎归来了
7122088453168743172,犯错赔偿！！！不用说自己单方面理由。,0,0,0,2022-07-19 22:22:17,来自陕西,1380603443558199,yetesun
7122015508912145167,孩子无大碍他就不管吗？,0,0,0,2022-07-19 17:38:36,来自河南,13341800333,aa中国人aa
7122012685285638953,期待后续调查结果公布天下,0,0,0,2022-07-19 17:27:41,来自吉林,71869950930,远行者195
7122045564589916962,查查她到底有没有外甥。,0,0,0,2022-07-19 19:35:09,来自天津,24798185303,狭隘的爱国者1
7122025955493298982,最新消息，这个确实认错人了，两小孩很像,0,0,0,2022-07-19 18:20:10,来自湖南,2282181221686588,昆仑湖水清
7122060096008110888,必须重判！,0,0,0,2022-07-19 20:31:29,来自山东,77217542188,淡定小红花po
7122043998641881856,应该不像人贩子,0,0,0,2022-07-19 19:28:59,来自浙江,1750066992523848,向哥1966
7122037377694073631,在天津有事绝对有人管,0,0,0,2022-07-19 19:03:49,来自天津,2260232450615987,Peeigbt
7122061706775773967,不要把人都想的那么坏。肯定是认错人了，误会一场,0,0,0,2022-07-19 20:37:39,来自吉林,104785175214,东山篱下
7122056592568615721,现在的人贩子都这么嚣张了吗？,0,0,0,2022-07-19 20:17:53,来自英国,70148506210,爱的幸福爱祖国
7122086999254811392,不能轻易放过这女人，事情不符合逻辑嘛。,0,0,0,2022-07-19 22:15:50,来自四川,3210173712964280,青崖居主
7122049287822983936,严打拐卖！！！！！！,0,0,0,2022-07-19 19:49:27,来自山东,51707143435,wu行云流水
7121975194130088738,百分百人贩子,0,0,0,2022-07-19 15:02:10,来自福建,51576487374,端庄优雅帆船s2
7122075969695204108,就是一人贩子必须严惩,0,0,0,2022-07-19 21:33:40,来自内蒙古,104546214141,不凡面条Ak
7122072127813092111,把人贩子放跑了吗,0,0,0,2022-07-19 21:18:02,来自山东,111339185411,杀鬼s
7122011717621629737,都这么疯狂了吗？大白天明抢挑衅法律红线了吗？,0,0,0,2022-07-19 17:23:42,,59087146679,千杯溯溯口万杯站着走
7122079622040240930,抢孩子的借口吧？,0,0,0,2022-07-19 21:47:09,来自广东,51830578096,HR坤1
7122040394879435533,这个人贩子不简单啊，剧本编的不但能免于刑事处罚还可以去作协领奖啦。,0,0,0,2022-07-19 19:15:35,来自北京,3232191047270539,用户3968431826391渔
7122078538412753675,人贩子的可能性不大，应该是精神方面或感情遭受过刺激吧。,0,0,0,2022-07-19 21:43:42,来自重庆,68611713519,吕仙森MVxc
7122090805841986311,这个人贩子最后抓了吗？,0,1,0,2022-07-19 22:31:22,来自陕西,5852161358,wcx711208
7122024426107405096,太猖狂了！,0,0,0,2022-07-19 18:13:21,来自宁夏,81562641614,水晶25854
7122020519654064935,她看小孩都像外甥,0,0,0,2022-07-19 17:58:51,来自北京,104787108628,直爽葡萄uO
7121973182600463141,是否疯了？,2,9,1,2022-07-19 14:54:43,来自广东,3768780977341182,奇妙柑桔w
7122056803512566528,也太嚣张了！,0,0,0,2022-07-19 20:18:36,来自四川,64188858392,华为79
7122085661263758084,光天化日，开始明抢了吗！？,0,0,0,2022-07-19 22:11:26,来自山东,17854073926,金曲留声
7121978923151295244,现在人贩子这么光明正大抢孩子了,0,5,1,2022-07-19 15:17:24,来自广东,92680563068,南无加特林普萨
7122017423066710797,如果不严惩，，，，,0,0,0,2022-07-19 17:46:37,来自浙江,61622366660,简单冰淇淋Fc
7122019811806233381,今天刚看辟谣说一群人贩子到了天津是个谣言,0,0,0,2022-07-19 17:55:35,来自北京,105032102699,出生那年1988
7122085786656342815,7月18日幼儿园还没有放假吗？,0,0,0,2022-07-19 22:11:32,来自湖北,62871715892,朴实船帆Mr
7122020385688339237,太可怕了，就看怎么保护群众了,0,0,0,2022-07-19 17:58:08,来自山东,88864027177,康德
7122021416429552414,人贩子太可恶了！大白天竞敢公开抢孩子！,0,0,0,2022-07-19 18:01:54,来自福建,108912356441,倚雲聽月
7122084267106583334,人贩子的演技越来越精湛！,0,1,0,2022-07-19 22:06:11,来自贵州,3742352567970220,用户爱我祖国3917988
7121976495803384613,不是疯子，就是强行抵赖。,0,5,1,2022-07-19 15:07:59,来自安徽,110191672789,LHK风轻云淡
7122079988874625806,是人贩子吗?,0,0,0,2022-07-19 21:49:09,来自北京,1099968087857783,分秒必争阳光3W
7122013639925613323,起码是寻衅滋事,0,0,0,2022-07-19 17:31:56,来自甘肃,4190437685,北风之神Seven
7122048010393174824,无论如何强行搶夺是治安案件，一定调查事实证据！法律是依据。,0,0,0,2022-07-19 19:44:34,来自天津,88024871392,禄沣
7122039157186446118,把外甥的照片看看，不就知道了？？？？,0,0,0,2022-07-19 19:11:07,来自天津,105738912126,Zhguozhang986
7122080778271720226,公然抢孩子，这什么世道,0,0,0,2022-07-19 21:51:39,来自河南,64726850392,同一片蓝天19430531
7122053736167752482,调查一下你清楚了,0,0,0,2022-07-19 20:06:45,来自河北,1539737104954830,轻松承德0p0
7121976507911783205,银行里一堆一堆的钱非常象我家的，简直是一模一样，我去搬回来不犯法吧！,0,12,0,2022-07-19 15:07:42,来自湖北,4371310023542270,热情的麻酱Wh
7122051026605409064,这样还不抓起来？因为像就明目张胆动手抢,0,0,0,2022-07-19 19:56:14,来自辽宁,78053021899,独处
7122008527199437576,我很怕这是不是新套路，被拦下后先报警，洗清嫌疑，如果是，那就太可怕了！,0,0,0,2022-07-19 17:12:04,来自广东,99992151734,我呀在奋斗
7122032136660026126,人贩子贼喊捉贼,0,0,0,2022-07-19 18:43:34,来自黑龙江,92887071957,热爱生活关注社会热点
7122051717671682853,如果不是亲属，就是犯罪！,0,0,0,2022-07-19 19:59:28,来自河北,86001461926,拣尽寒枝不肯栖66
7122025903464317730,接下来剧情：人贩子说她有精神疾病史，并拿出相关证明,0,0,0,2022-07-19 18:18:55,来自福建,3395150162,没错就是我啦呀
7122076519061078799,胆大妄为，大白天抢孩子，(⊙o⊙)哇丫丫这是什么鬼啊？,0,4,1,2022-07-19 21:35:15,来自山西,3689560626967950,爱心是圣洁的
7122060492167987982,就算是你外甥你也不能明抢不是,0,0,0,2022-07-19 20:33:15,来自天津,3153039898726408,端庄优雅饭团U
7122032692501938951,厉害厉害，竟然明抢啊？胆肥了是吧？[灵光一闪],0,0,0,2022-07-19 18:45:51,来自山东,3730016384849883,微笑豆花1D
7122047536626156291,这还用后续调查？？？,0,0,0,2022-07-19 19:43:42,来自山西,51481413049,简简单单就是更好
7122011561090499328,必须仔细严格调查！！！,0,0,0,2022-07-19 17:23:22,来自山西,56741824500,永强160506974
7122018633694020392,像外甥只是借口，,0,0,0,2022-07-19 17:50:49,来自上海,103802859353,自若风声lJ
7122030255347057438,这个猫胆太大了！,0,0,0,2022-07-19 18:36:21,来自辽宁,1055960322541223,积极的芒果a5
7122057053086171918,人贩子太狡猾了，不是神经病，就是认错了。,0,0,0,2022-07-19 20:19:56,来自山东,71052975401,健康是福
7122025524943684365,她为何跟着，却不大声呼喊？,0,0,0,2022-07-19 18:17:57,来自陕西,6110114630,蚂蚁评论
7122022720695010083,这個女人贩子太坏了，必須判刑坐牢！,0,0,0,2022-07-19 18:06:42,来自山西,53582730137,皇家花轿王军威
7121974039157375751,偷，变成抢了,0,25,0,2022-07-19 14:58:19,来自吉林,102815047786,足智多谋豆花rV
7122016855371809569,这是战略升级了，先下手为强！,0,0,0,2022-07-19 17:44:38,来自江苏,593341422768535,轩逸卓越
7122018335910380318,人贩子！！,0,0,0,2022-07-19 17:49:46,来自山西,106324996208,知白守黑笑傲江湖
7122023789793198880,难道是人贩子在做案？,0,0,0,2022-07-19 18:11:26,来自河北,2075471596487983,智者暖阳FI
7122077457066754824,见义勇为奖应该给她！,0,0,0,2022-07-19 21:39:14,来自山东,57700031911,空翔3
7122048102001361699,为什么类似的事件频频发生呢？？,0,0,0,2022-07-19 19:45:01,来自陕西,2660469114936679,蝴蝶也能过苍海
7122018834563105576,又会说是认错了,0,0,0,2022-07-19 17:51:34,来自河北,18255251613,郭玉芹越简单就越快乐
7122010860511298304,调查结果不是说误会么，我好像在津云看见了结果,0,0,0,2022-07-19 17:20:26,来自天津,5005820701,乐语2020
7122020987193066255,风风火火就出手，水浒中的孙二娘，也不过如此吧。[大笑],0,0,0,2022-07-19 17:59:50,来自山西,6793333260,月影探花
7122047235223012130,报警,0,0,0,2022-07-19 19:41:37,来自黑龙江,105050376578,Y宇的关注
7122025565972087564,记得有一部电影叫《逃离卢旺达》，咱们也拍一个,0,0,0,2022-07-19 18:18:18,来自江苏,53484944727,海是丢了云的天
7122038035449316132,新版人贩子招数[嘘],0,0,0,2022-07-19 19:06:17,来自黑龙江,73647113837,果木园子
7122025793856946956,家庭矛盾，家长里短的事，,0,1,0,2022-07-19 18:19:10,来自内蒙古,74341043951,宋建
7122066535870366505,手套都戴着，这是罪犯的特性，怕留下指纹,0,0,0,2022-07-19 20:56:18,来自河南,74608169476,user1499327820585
7122038542977008416,拐骗不成改明抢了,0,0,0,2022-07-19 19:08:55,来自浙江,3038647976466775,金色秋天
7122082199821828895,也许有人怕麻烦，走访调查没？,0,0,0,2022-07-19 21:57:27,来自浙江,99667324679,那二辰
7122025287000359684,现在人贩子也升级了，,0,0,0,2022-07-19 18:17:10,来自上海,12987209804,阿祥5816
7122032976099099426,明显是个人贩子,0,0,0,2022-07-19 18:46:18,来自河北,3272603259911613,么么哒
7122034903205708552,现在都公开抢劫了。,0,0,0,2022-07-19 18:54:08,来自内蒙古,52042014774,小糊涂仙转世下的学霸
7122021895767180069,不会是人贩子。,0,0,0,2022-07-19 18:03:34,来自安徽,4424040621280680,大地回春tiTQ
7122023867258176286,這標題就是拼火,0,0,0,2022-07-19 18:11:34,来自陕西,4148596488,禅心逸士
7122024168253571873,应该是贼喊捉贼吧,0,0,0,2022-07-19 18:13:01,来自湖南,98031254209,淡看人生831
7122060319173903118,典型的贼喊捉贼,0,0,0,2022-07-19 20:32:27,来自山西,104324072805,奇妙钢笔Ny
7122058852170384165,哈哈，人间真有趣,0,0,0,2022-07-19 20:27:04,来自浙江,86388988737,微笑晚风hm
7122072268150309671,等官方通告,0,0,0,2022-07-19 21:19:05,来自江苏,102707329517,江南老道dkzF
7122048227952165666,虚惊一场。,0,1,0,2022-07-19 19:45:27,来自山西,97436086834,河东妮子的日常生活
7122029194037068547,抓住了有一千种借口解释，没抓到即使实锤了，也没损失。利大于弊,0,0,0,2022-07-19 18:32:38,来自广西,4234937150481435,晕糇欣果货真獸發
7122027044745233184,河北，真，太，平常了,0,0,0,2022-07-19 18:24:03,来自广东,800865511543928,看看你吧
7122012763111080740,无法无天了,0,0,0,2022-07-19 17:28:34,来自天津,73492914967,指间的烟草味儿
7122023332602004254,强辞夺理。,0,0,0,2022-07-19 18:09:29,来自山东,104002101670,乐源知足
7122010603468063529,人贩子吧,0,0,0,2022-07-19 17:19:38,来自黑龙江,59377594185,山谷幽兰99
7122063742758306575,又是河北！,0,0,0,2022-07-19 20:45:40,来自上海,104370074609,坦荡的轮船w2
7122067648162710312,人贩子的新手法,0,0,0,2022-07-19 21:00:45,来自天津,50090393927,刘振洪1
7122064444196553511,但愿是一个误会,0,0,0,2022-07-19 20:48:54,来自江苏,111085642242,陈伍保
7122024835383001895,现在变成抢了！,0,0,0,2022-07-19 18:15:29,来自四川,97799118296,虫琳1
7121974992904471296,希望人贩子受到法律的制裁，还有帮他们下户口的，比如我认识一个,0,10,0,2022-07-19 15:01:36,来自广东,111169649196,住在海边的海哥
7122030342873826082,这是明抢了,0,0,0,2022-07-19 18:36:18,来自福建,74112640928,悠麻地006
7122035219574276905,支持严惩不贷！,0,0,0,2022-07-19 18:55:12,来自天津,51996704673,自强不息星球2
7122081102487470878,这是开始明抢了,0,0,0,2022-07-19 21:53:26,来自内蒙古,111055487979,QQWmmm
7122090333013345024,大家信吗？,0,0,0,2022-07-19 22:28:48,来自广东,93830705489,看红雨那红红的雨
7122054794856071936,恶人先告状,0,0,0,2022-07-19 20:10:47,来自湖南,4004815432,勇敢快乐老妖怪
7122030242248114957,警惕性都挺高。[捂脸][捂脸][捂脸][给力],0,1,0,2022-07-19 18:36:25,来自河北,5954576195,透过光阴看自己
7122022439634125599,有外婆不认识外孙的吗？,0,0,0,2022-07-19 18:05:45,来自湖北,62540902296,相惜宁心
7122023141354111777,应该重判,0,0,0,2022-07-19 18:09:09,来自安徽,1794824724556392,沉着蜻蜓ML
7121974195701334815,胆大，这如何判,0,6,0,2022-07-19 14:58:55,来自湖北,4206627311,hp522522
7122084264333853475,后续呢[泪奔],0,0,0,2022-07-19 22:05:15,来自广东,51987751320,万般皆下品惟有杜康
7122027150152663819,好好审审：,0,0,0,2022-07-19 18:24:40,来自河南,6382240128,奋发高山Jx
7122008718744634123,胆够肥！[发怒],0,0,0,2022-07-19 17:12:48,来自安徽,68434772892,雪山琴声2
7122024318980784937,现在人贩子的手段，也在不断的创新，不断的更新和升级！,0,0,0,2022-07-19 18:12:54,来自黑龙江,1337423795591139,远见卓识叶子Nb
7122060915180684045,好狡滑的人犯子,0,0,0,2022-07-19 20:34:49,来自山东,111554613231,愚一一想
7122046749274997512,重判,0,0,0,2022-07-19 19:39:58,来自陕西,83865726576,林
7122043565227918094,人贩子吗,0,0,0,2022-07-19 19:27:50,来自广东,51650839359,ynanjiangshan
7122035147016487691,搞清楚就好，虚惊一场,0,1,1,2022-07-19 18:55:23,来自湖南,104478854404,努力小屋
7122084873825108751,人贩子,0,0,0,2022-07-19 22:07:40,来自浙江,6187313158,凡叶无尘
7122021125705466664,人贩子,0,0,0,2022-07-19 18:00:17,来自山西,3988650796005208,深山寻径
7122011457076167431,人贩子,0,0,0,2022-07-19 17:23:34,来自广东,5357123418,林枫51933796
7122021125705466664,人贩子,0,0,0,2022-07-19 18:00:17,来自山西,3988650796005208,深山寻径
7122011457076167431,人贩子,0,0,0,2022-07-19 17:23:34,来自广东,5357123418,林枫51933796
7122021441113703182,必须严判，说别的都是谎言，,0,0,0,2022-07-19 18:02:14,来自吉林,99898175933,来生脚踏祥云263
7122010604344656672,买卖同罪,0,0,0,2022-07-19 17:20:13,来自北京,50001667896,兰花花啊兰花花
7122011465808806667,明抢呀。,0,0,0,2022-07-19 17:23:49,来自北京,106228594847,我用我的号
7122060149728723723,明抢啦！,0,0,0,2022-07-19 20:32:20,来自辽宁,95267215225,正义凛然饭团s5
7122042831954936617,严惩不贷,0,0,0,2022-07-19 19:24:40,来自北京,3579608365015519,聪明的风声d3
7122037507080061700,真抢呀,0,0,0,2022-07-19 19:04:36,来自天津,4459266465085684,鸿禧之家
7122027549173236483,明抢了,0,0,0,2022-07-19 18:26:00,来自山东,50666504368,一心一意清泉c
7121975840686342948,明抢啊！,0,5,0,2022-07-19 15:05:11,来自天津,74856897871,快乐的青儿106
7122074918426788619,虚惊一场,0,0,0,2022-07-19 21:29:44,来自河南,58614512978,清亮冰泉
7122018981896684299,够狂的！,0,0,0,2022-07-19 17:53:03,来自河北,93421972772,流坪
7122014850808890119,真恐怖,0,0,0,2022-07-19 17:36:23,,104536817819,爱吃三叶草的胡萝卜
7122012977729602341,一知半解,0,0,0,2022-07-19 17:29:30,来自江苏,111522291440,醉卧伏牛八百里
7122021269599568670,胆大妄为,0,0,0,2022-07-19 18:01:16,来自山东,25537008952,幽默光束w
7122047892554515200,明目张胆,0,0,0,2022-07-19 19:44:09,来自山东,100720063389,平台协理
7122082845413557033,肆无忌惮,0,0,0,2022-07-19 21:59:49,来自广东,55719346686,甜草根儿1
7122054752275448612,又是河北,0,0,0,2022-07-19 20:11:00,来自山东,3328092759,Tom11506155
7122002077286761219,为什么选择一个骑自行车的老人下手？明显就是看中了老人好欺负，孩子在自行车后座便于抢走。这女的长得就像人贩子 ，她也太猖狂了，看到围观的人要报警 ，她居然先报了警，看来她是把各种场面的应对方法都想到了。细思极恐啊！,0,1,0,2022-07-19 16:47:16,来自湖北,102537751828,秋河一滴露
7122019526111822626,应该重判，光天化日之下就抢孩子[捂脸][捂脸][捂脸],0,0,0,2022-07-19 17:54:18,来自浙江,92888664538,愿望6049
7122031359354815267,这是什么情况，光天化日之下抢小孩，太可恶了,0,1,0,2022-07-19 18:40:13,来自广东,97895100377,智慧芒果fn
7122033690699498281,光天化日之下抢小孩，太猖狂了！,0,0,0,2022-07-19 18:49:07,来自重庆,72866874069,年年有瑜367
7122021535937970978,光天化日之下抢孩子，太猖狂了,0,0,0,2022-07-19 18:01:59,,6754636550,印堂悦色1319
7122027028555547407,人贩子光天化日之下明抢孩子不成，满嘴谎言。,0,0,0,2022-07-19 18:23:22,来自山东,57151864046,正能量的Maggie
7122026548131742497,光天化日之下就抢孩子，够猖狂。,0,0,0,2022-07-19 18:22:16,来自广西,4230516952011997,快乐的远山1b
7122035188531987215,光天化日之下强抱别人的孩子还强词夺理？为自己的行为狡辩？真的是胆大包天！查查是否是人贩子！,2,2,0,2022-07-19 18:55:02,来自北京,59557381230,岁寒之友9
7122046476226200327,这个恶毒的坏女人就是人贩子，它用了另一种手段，必须严惩[发怒][发怒][发怒][发怒],0,0,0,2022-07-19 19:39:14,来自江苏,2832760263943080,家教微课
7121977400497750798,人贩子可能性极大。下一步被抓了就开始装疯，最后就只能放了。这货口音外地的。,0,5,0,2022-07-19 15:11:17,来自天津,54466641286,凛冽沙上蓬
7122019725861290787,是不是精神有问题了，就算人贩子，无脑的明抢吗,0,0,0,2022-07-19 17:55:00,来自北京,109562343547,霁风朗月6
7122010770556273439,我觉得吧，现在的人贩子真是太蠢了，抢人居然在人来人往的幼儿园门口抢，根本不考虑逃跑的问题，这智商恐怕只有30多。评论里说“人贩子抢人”的网民们，你们说说是不是？[捂脸][捂脸][捂脸],0,0,0,2022-07-19 17:20:31,来自湖南,3664797999,怀疑探路者的DAD
7122055546047988519,像你外甥也不是你当街抢走的理由，不管是不是人贩子，目的肯定不纯,0,0,0,2022-07-19 20:14:32,来自广东,72993453457,咖啡小狐狸
7122031590272287523,人贩子太猖狂了,0,0,0,2022-07-19 18:40:58,来自云南,50335772906,心易碎梦易醒6936
7122034916976165644,红衣女子究竟是不是人贩子，待警察处理结果才能定论。不管怎样，我们的安全意识不可淡薄，我们的警惕性不可放松，只要人们团结一心，见义勇为，即使是坏人也难逃法网。,0,0,0,2022-07-19 18:54:45,来自安徽,2884717920925228,潇洒用户夕阳红似火
7122018873771311887,人贩子又在变换招数,0,0,0,2022-07-19 17:51:35,来自天津,2431756760522446,自由山雀va
7122010623168725797,想钱想疯了，直接抢了，必须严惩人贩子，严厉打击。,0,0,0,2022-07-19 17:20:21,来自江苏,86407885140,随遇而安5537
7122036613886706462,当街抢孩子？放出这个女人照片！,0,0,0,2022-07-19 19:01:08,来自江苏,14819249662,晨曦142028740
7122074068882735880,这是转移注意力，别人的孩子，如果真的以为是自家的应该先报警，这明显就是拐卖人口，必须依法严惩。,0,0,0,2022-07-19 21:25:56,来自吉林,52628891333,扶摇173424032
7122020646590743331,这是什么社会？光天化日之下竟然公开拐小孩？,0,1,0,2022-07-19 17:58:35,来自甘肃,52499937997,小雁塔101
7122069622568239908,戏精把警察都骗了，没人管各位父母看好孩子不能马虎，小心小心再小心！,0,0,0,2022-07-19 21:08:42,来自天津,98459981012,阿修罗5304
7122005116299068194,女的是人贩子吧？,0,0,0,2022-07-19 16:58:19,来自北京,3320135260046717,庄里的城市
7122021865434071842,抢孩子女够狡猾的,0,0,0,2022-07-19 18:03:12,来自辽宁,109727348671,神秘菠萝NW
7122038389473493796,这个女的明显精神不正常。警察来了就好。,0,0,0,2022-07-19 19:07:43,来自陕西,72461248573,灵敏铅笔14
7122011158693053221,警方怎么认定她不是人贩子？,0,0,0,2022-07-19 17:22:12,来自天津,111223065457,王光弼
7121978583194895145,当街抢孩子 该打！,0,5,0,2022-07-19 15:15:22,来自山东,62422915767,桐忠红门战士
7122013671630996255,太幼稚了吧！难道抢夺小孩不成，这个理由就能逃避法律制裁吗？,0,0,0,2022-07-19 17:32:15,来自江苏,98728906486,昵称已重置
7122015032678171432,这位中年妇女，如果不是人贩子，哪她与女儿女婿的关系一定不好，人世间，哪有亲外婆连亲外孙都认错的哟。,0,0,0,2022-07-19 17:36:46,来自重庆,6380096076,微微的风细细的雨
7122026927443051301,明白人一看这个女人不应该是人贩子！应该是因孩子受过打击精神不正常的人！,0,0,0,2022-07-19 18:23:15,来自云南,5379029992,196502
7122014188587385635,不像人贩子，哪有光天化日之下抢孩子的，很有可能是精神方面有问题[抠鼻],0,0,0,2022-07-19 17:33:33,来自辽宁,62380968642,聪明原野4S3
7122015723140268813,碰瓷，人贩子，广场舞！,0,0,0,2022-07-19 17:39:53,来自辽宁,53046807080,曰新858
