7131188971476206367,香港住的有些也差不多！,17,143,3,2022-08-13 10:56:43,,92815213126,川L在港漂
7130973399295247138,中国也有群租房啊，也有住防空地下室的，不过早几年清理了,68,545,6,2022-08-12 20:59:24,来自新疆,3889397544,我是一个不讲道理的人
7131090114905719555,下雨就要被淹啊,0,104,2,2022-08-13 04:38:48,,4371283998419731,宝里个咪
7131085689739330338,我就想问不让住以后，低收入人群住哪里,81,396,12,2022-08-13 04:21:36,来自福建,100723675103,姜子说古书
7131153557906227980,欧美很多人住半地下室[笑哭][笑哭]这个明明是城市排水不行[捂脸][捂脸],4,36,1,2022-08-13 08:39:46,来自浙江,5514718842,汉代蜜瓜
7131005580462244646,地下室公寓居然还要2500一个月[捂脸][捂脸],30,130,2,2022-08-12 23:05:56,来自四川,98563754548,双子2362
7131134172088877839,所以新加坡才厉害,26,94,2,2022-08-13 07:23:44,来自山东,2000736289299612,拥抱过去不惧未来
7131133230690124580,水是一下子涌入的吗？没有反应时间？,24,30,4,2022-08-13 07:20:58,来自江苏,54191482239,P离离原上草L
7131197489474388772,好奇这种地下室的地面以上部分是什么,2,6,1,2022-08-13 11:29:44,来自陕西,2660437164568893,与好书为伴
7131048186495582990,原来寄生虫是多么写实[石化],8,59,2,2022-08-13 01:55:37,来自湖北,50099394885,可爱的蜜仔
7131056261575623454,德善家住的算不算半地下室,6,39,3,2022-08-13 02:21:28,来自安徽,82310036544,"7"""
7131126981961614092,北京也有地下室，夏天时候住了3个月，屋里跟冰窟一样，夏天真凉快,15,108,4,2022-08-13 06:57:29,来自辽宁,5783311807,露坚强
7131142725722178339,"2020年，韩国20多岁的人平均月薪约为200万韩元（约1万人民币），而半地下室公寓的月租金约为54万韩元。
房租占4份之一的收入，我们的房租占比是多少呢？差不多吗？",11,40,3,2022-08-13 07:56:58,来自上海,22071603140,寂静星球
7131124256573883176,水开始蔓延的时候，为什么不知道跑出来？,5,15,3,2022-08-13 06:45:33,来自广东,3685151139177454,朝气蓬勃的憨厚皇后
7131155884432032543,北京也有地下室，不过北京气候比较干燥，不会有潮湿的烦恼,4,30,1,2022-08-13 08:48:24,来自广东,111628380888,沈佳觅
7131051215538127631,还好小城市没有房子压力 我家就我跟我对象住130平的房子 觉得房子特别空[捂脸],7,21,1,2022-08-13 02:05:50,来自云南,1662939441141725,♠️K
7131117333309293324,20多岁平均一万多！,8,32,3,2022-08-13 06:20:53,来自浙江,7016274610,缘缘的小日子
7131143208377615138,以前看过一篇文章，说歌手孙楠没成名之前也住过北京的地下室,1,8,1,2022-08-13 07:58:59,来自江西,2777554229,谢22652322
7130992097385612044,住在半地下室的房間，省了不開開支？什麼意思,8,18,6,2022-08-12 22:13:07,来自中国台湾,1842391429425262,梨渦淺笑自安然
7131003658175021855,还以为只是河北暴雨，原来韩国也不好过啊。[祈祷],4,51,4,2022-08-12 22:57:55,来自河北,18550611124,骄骄子吟
7131117572321280802,70岁两个姑娘，两个姑娘又有两个女儿，没有男人，还是男人不负责任,6,17,0,2022-08-13 06:19:54,来自山东,98285945376,嗨的皮
7130998997007024911,我在北京住过这样的地下室，刚毕业那会，有次停电，在下面转了二十分钟没找到出去的路。,4,54,0,2022-08-12 22:39:07,来自山东,99797466548,鸟羽绘
7131050107180827392,我们小区的地下室也住着人。韩国是半地下室，我们小区是全地下室。,7,42,1,2022-08-13 02:01:28,来自河南,53071432218,Lupe
7131088271643607811,我自己就住了好几年地下室,0,9,0,2022-08-13 04:34:02,来自浙江,100713531706,小苹果爱吃大苹果
7131009653710308111,北京好像也很多地下室住人…不过这两年发现都空着了，可能不给住了,5,38,2,2022-08-12 23:20:47,来自广东,104923020255,冬冬隆冬锵
7131001475526345506,和郑州比呢，谁的损失大,3,29,2,2022-08-12 22:48:51,来自河北,98039079259,坐海观天777
7131133646840349475,这些居民可以出租自己多余的房子挣钱，来改善自己的居住环境。也可以用自己的私家车跑优步,2,21,1,2022-08-13 07:21:51,来自河南,14235681104,甲骨风尘1
7131155204774937347,一住50年就过了，如果住地下室是因为刚刚开始到一个大城市去寻找发展机会住地下室过渡一下还可以，多年找不到适合自己的机会就回家乡吧！起码好好工作买房买车不成问题！,0,7,1,2022-08-13 08:46:24,来自吉林,3689604324534347,NP自发光蜡烛
7131122567179600648,有钱谁愿意去住呀！,0,20,1,2022-08-13 06:39:50,来自海南,5574176770,阿朵姐姐
7131128843414438692,那里都有穷苦人，穷的更穷，富的更富。,0,15,0,2022-08-13 07:03:55,来自陕西,85676274301,阳光7571338402993
7131079856532112141,有多少打工的在北京住过地下室，我09年做保安都是地下室。,3,15,2,2022-08-13 04:03:13,来自浙江,5960426509,0000oooo73103577
7131111593571533572,我记得北漂的很多都是住地下室,0,16,0,2022-08-13 05:57:59,来自广东,417447276974123,1985纯宅女
7131131468914524958,韩语的“banjiha”不就是中文“半地下”的读音嘛😅,0,8,0,2022-08-13 07:13:52,来自陕西,3337723251280739,紫色的白missyou
7130999407860531982,还不如住房车,7,6,3,2022-08-12 22:41:25,来自北京,53225048098,Yan141085776
7130994817932215070,北京上海年轻人有几个月薪过万的？地下室是不让住了，不然呢？这才几个人,5,33,4,2022-08-12 22:23:08,来自辽宁,83933236623,十四阿哥朗歌
7131122280281195279,北京防空洞改造的宾馆，可是富丽堂皇，两层式结构，宽大气派，冬暖夏凉,0,7,0,2022-08-13 06:38:14,来自甘肃,1214280398037615,缤纷水滴wB
7131187436012798734,原来寄生虫是多么写实[石化],0,6,0,2022-08-13 10:50:36,来自广东,5992751774,L语若寒冰L
7131132685489816353,中国也有的，有的小区地下室都是出租给打工的，便宜。,0,11,0,2022-08-13 07:19:31,来自江苏,50331119623,纯真童年GG
7131012669163356928,上海桥下水泥房，看得也是心塞！,0,12,0,2022-08-12 23:32:42,来自上海,8195802159,菜菜1338698
7131154737897947911,哪里都有穷苦人，穷的更穷，富的更富。[机智][机智][机智],0,5,0,2022-08-13 08:43:51,来自山东,782447765895742,鸡毛蒜皮的幸福
7131154720370033445,哪里都有贫富差距，哪里都有住在地下室的人，越繁华的地方，底层人越难过,0,10,0,2022-08-13 08:43:45,来自江苏,72415756367,朱九戒啊
7131155590466487071,穷人和富人的生活差距太大了。,0,5,0,2022-08-13 08:47:34,来自安徽,2572492893329358,漂流瓶Vd
7131220692221412133,哪里的穷人都不好过[捂脸]所谓“有瓦遮头”多苦也能捱！,0,2,0,2022-08-13 12:59:38,来自广东,4076602921858686,妙音远尘
7131110115633120013,有钱谁愿意住地下室？,0,11,0,2022-08-13 05:52:02,来自吉林,5732951149,楊豐寬
7131202695616381734,地下室我们一般放东西而已，并不住人，阴暗潮湿人在这些地方住湿气重,0,2,0,2022-08-13 11:50:29,来自广东,109586416508,霖在江湖
7131021866784899848,希望中国不会有这样的惨剧,0,13,0,2022-08-13 00:09:32,来自四川,4199764619176727,D4U吃瓜专用
7131197551873016591,在电视里播放的韩国感觉他们生活不错，而现实还有这么多人住地下室,0,2,0,2022-08-13 11:29:37,来自广东,92475174618,路痴与导航
7131107044035396386,韩国都没有经济适用房的吗？,0,6,0,2022-08-13 05:39:46,来自江苏,1332239848707851,小桦树
7131151765239694118,北京大把这种地下室[捂脸],0,2,0,2022-08-13 08:32:45,来自江西,5998675424,晓晓75008416
7131173931813798689,韩国社会贫富差距太大，这些贫困的人们真可怜,0,3,0,2022-08-13 09:59:02,来自河南,2480139512330701,书虫19720715
7131161095704363806,韩国不是都挺富裕的吗？,0,3,0,2022-08-13 09:08:50,来自吉林,2132672727755256,我最爱铃儿
7131197150922998558,54万韩元，约人民币2700元,0,3,0,2022-08-13 11:28:34,来自上海,104250583945,正大光明山雀NA
7131144995813622568,看这个新闻就想到了韩剧里的穷人，不是住楼顶小屋，就是住地下室[捂脸],0,4,0,2022-08-13 08:05:54,来自山东,4472465650363795,用户想变年轻的老人
7131099254705455885,那里都有穷人，,0,12,0,2022-08-13 05:11:37,来自浙江,111639464832,烦恼的梨花
7131249111487087372,生在中国挺幸运的,0,0,0,2022-08-13 14:50:32,来自广西,105828702271,44妮妮
7131150316514329374,最后的生存空间被剥夺。那里的人们该何去何从？,0,3,0,2022-08-13 08:26:45,来自河北,110229719498,名字叫费劲
7131153879118775053,有钱谁愿意住地下室,0,3,0,2022-08-13 08:40:53,来自山东,606527132541239,安逸辰星bw
7131127548348056327,生活不易啊,0,6,0,2022-08-13 07:15:37,,1239861446319895,彩云之南呈祥远行
7131245650641273641,这些发达国家繁荣的表面，也隐藏着那么多贫穷和悲哀。,0,0,0,2022-08-13 14:36:13,来自广西,110573584723,夜雨姒唐煜
7131247698333778688,70岁两个姑娘，两个姑娘又有两个女儿，没有男人，还是男人不负责任,0,0,0,2022-08-13 14:44:14,来自广西,2419399706806380,无双芒果0T
7131186058301260575,美妙的韩剧 和现实的差距,0,5,0,2022-08-13 10:45:06,来自河北,75078473214,写诗的文盲
7131249133901693737,住这种地方长期下来对身体很不好,0,0,0,2022-08-13 14:49:53,来自广东,57037790285,深海鲸䚠
7131247733356741384,还是有自己的房好啊,0,0,0,2022-08-13 14:44:54,来自四川,1856392760681060,糯米糰子
7131133142194766599,北漂的穷孩子有几个没住过地下室。,0,3,0,2022-08-13 07:20:31,来自广东,2608487450036334,缤纷青山RV
7131226151808336652,哎，非人的生活,0,2,0,2022-08-13 13:21:08,来自江西,111569691585,远见卓识雨寒
7130998904199430912,这应该就是“驱逐低收入人群计划”的一部分，站在公心立场上剥夺底层人群生存的基础。,0,30,0,2022-08-12 22:38:41,来自福建,6851760382,传说中的詹哥
7131146943065391912,北京早几年前就有这样的房子，现在都不让住了，清理了,0,3,0,2022-08-13 08:13:25,来自天津,54298012907,芊芊大海
7131163581357523715,哪儿都有贫富差距，有钱谁愿意住地下室。,0,3,0,2022-08-13 09:18:36,来自河北,879202392098046,1279476614819甜
7131230638539670285,那这些人去哪里安身啊,0,1,0,2022-08-13 13:38:36,来自辽宁,76082532767,ttyjuny
7130987003911013153,名字怎么不用汉字。,1,4,1,2022-08-12 21:53:20,来自浙江,59008641340,莉娅的炼金工坊
7131029883723350822,我刚来青岛的时候。，也住过这种公寓，到那时候内心是充实的。,0,7,0,2022-08-13 00:43:22,来自山东,56817700152,海边de卡夫卡
7131170469486822176,我国不是也有么，昨天看新闻一个半地下室的住户把绿化挖掉了把自己搞成一楼,0,2,0,2022-08-13 09:45:09,来自江苏,3713014040,兔子1211
7131212702999134987,还是的解决住房问题，对于收入低的人群也是无奈之举,0,1,0,2022-08-13 12:29:06,来自山西,55132166854,昱日329
7131149393633460995,十年前去韩国，这种半地下室的房子在首尔到处都是。,0,2,0,2022-08-13 08:23:46,来自江西,1872882753,魔法宝贝嚒嚒
7131173792260637481,穷就是人生的通病，如果有的选择，谁愿意住地下室,0,1,0,2022-08-13 09:57:24,来自广东,74309749364,小璇 
7131134834659148574,不是发达国家吗[灵光一闪],0,5,0,2022-08-13 07:27:13,来自四川,6417634266,自由湖泊Dc
7131115741243523873,有北京地下室人群的%1吗？？？,0,13,1,2022-08-13 06:14:25,来自山东,1763247020578781,坐看云起时139
7131170934786065165,北京的地下室应该还有很多吧，还有底下旅店,0,2,0,2022-08-13 09:46:44,来自上海,6050704920,l3优秀
7131204057553355534,那部韩剧好像叫1988？,0,1,0,2022-08-13 11:55:14,来自四川,55260518966,上进的海浪4
7130992644771234594,穷人与富人在每个地方都有,0,16,0,2022-08-12 22:14:19,来自河南,4385698932,葫芦神
7131215478542287652,我就想问不让住以后，低收入人群住哪里,0,1,0,2022-08-13 12:39:33,来自江苏,107661886043,简简单单3297961542553
7131206039143531278,我就想问不让住以后，低收入人群住哪里,0,1,0,2022-08-13 12:02:46,来自江西,3835548954272429,我家有喜
7131220674953167620,真的很无奈,0,1,0,2022-08-13 12:59:55,来自安徽,110809319885,描花霞
7131232985827033895,如果有钱，谁想住地下室啊？生之艰难。,0,0,0,2022-08-13 13:47:49,来自安徽,2207432392049975,猪猪凝视你
7131162666810950414,喜欢农村生活环境。,0,1,0,2022-08-13 09:15:07,来自河南,95453318446,落花吟别
7131194789546640168,发生这样的事，不应该想想怎么预防吗 ？直接不让住了，那租不起房的人要怎么活？,0,1,0,2022-08-13 11:18:54,来自天津,2031532305028494,幸福的距离93
7131214654545642280,没有钱，只能如此，在哪个囯家都是这样,0,1,0,2022-08-13 12:35:38,来自江苏,103293668351,萍萍太阳花
7131225373068755749,安全意识不够,0,2,0,2022-08-13 13:17:58,来自河南,602187974844023,想变成一切美好的事物
7131217054128603915,低收入人群何去何从？？,0,1,0,2022-08-13 12:46:23,来自四川,85344338723,sunny佳jj
7131249326747370270,我们楼里地下室全是住的人，我经常想他们住那里怎么生活的？太可怜了,0,0,0,2022-08-13 14:51:00,来自江苏,171127287059373,一种心情df
7131207400258552614,北京也有好多这样的地下室和半地下，火灾和洪水的隐患也很大,0,1,0,2022-08-13 12:08:53,来自黑龙江,92976850774,余生何惧
7131218620738896651,发达国家也有阳光照不到的地方,0,1,0,2022-08-13 12:52:12,来自江苏,87103662628,今夜没有流星雨
7131221464120066831,怎么不会得关节炎,0,1,0,2022-08-13 13:02:16,来自福建,5491735414,艳傲立枝头
7131233013979693859,2500的价格在深圳城中村都住的很好了吧！,0,0,0,2022-08-13 13:47:21,来自广东,3757613402,深圳芳儿
7131234363114750724,没有钱才会选择地下室……,0,0,0,2022-08-13 13:53:10,来自浙江,93142038881,小男4578
7131207277209879309,房租又涨了…,0,1,0,2022-08-13 12:07:42,来自福建,6237625546,史前霸王龙
7131191853793526535,下辈子投个好胎，比哈重要，要么后天努力,0,1,0,2022-08-13 11:07:47,来自重庆,3448540692753483,秣马厉兵4094
7131193198554481438,难怪不敢结婚生子，连住的地方都冇，自己受过的苦不想让下一代再受……,0,3,0,2022-08-13 11:13:04,来自广东,52038784107,Lily為你倾心
7131199528535393036,寄生虫这部电影拍的很好，获了大奖的,0,2,0,2022-08-13 11:38:10,来自四川,56912847760,积极的雪梨T
7131208999982383885,知道为啥不想结婚生孩子了。,0,1,0,2022-08-13 12:14:17,来自四川,1882017155007671,聪慧山丘jO
7131147350256780072,德善家就住这种地下室,0,1,0,2022-08-13 08:14:53,来自湖北,4372608607,天下无双39444005
7131239492152853281,为什么不说首尔排水系统太差呢？半地下室不让住，房价这么高让穷人住哪里呢？,0,0,0,2022-08-13 14:13:05,来自浙江,88872119499,美食10同在
7131162335389287209,一种贫穷的现象罢了。。。。。,0,1,0,2022-08-13 09:12:58,来自浙江,108945845970,嘟嘟20190204
7131103125183939328,一切都要看钱,0,4,0,2022-08-13 05:24:55,来自重庆,1736855498266436,龙仔妈
7131212872390083365,哪里都有穷人！,0,1,0,2022-08-13 12:29:15,来自山东,6001268500,蔚蓝AoA
7131186588155314948,不喜欢韩国,0,1,0,2022-08-13 10:48:04,来自浙江,3459031501,小花15972748
7131123787340628766,难怪人口出生率怎么都上不去,0,3,0,2022-08-13 06:44:47,来自山东,87503062768,坡坡坡
7131160096700154656,不分哪国，有钱谁愿意住地下室,0,2,0,2022-08-13 09:04:59,来自河北,104294151306,大奖临门
7131139891152945959,再下去，露天居住了,0,2,0,2022-08-13 07:47:09,来自浙江,4309678633527560,j91140
7131141288686797600,人口太多真不是好事,0,0,0,2022-08-13 07:52:55,来自重庆,421815121873527,簡單3097
7131146998132556559,韩国也有穷人呀！,0,1,0,2022-08-13 08:13:39,来自河南,99078592605,刘六格格
7131158020683350816,可怜了！地下室不让住又能住到哪里呢？,0,1,0,2022-08-13 08:56:56,来自安徽,66343315637,Toto10200898558
7131236955303772943,地下与半地下室是不适合长期居住的，由于潮湿对人身体影响很大的。,0,0,0,2022-08-13 14:02:25,来自北京,6978102917,金蔷薇4
7131133803325948702,中国很多大城市的地下室也被出租作为居住的房间呀,0,2,0,2022-08-13 07:23:05,来自山东,1692872026369405,内心阳光就会看到美好
7131114701673186056,咋不住別墅呢？住地下室,0,3,0,2022-08-13 06:09:56,来自河南,1865229949469848,人间四月是小满
7131131928463819558,是时候推出廉租房了[捂脸],0,2,0,2022-08-13 07:16:40,来自浙江,83573565300,圆来如此甚好
7131190756034888448,每个城市都有不少人住在不安全但便宜的地方。,0,2,0,2022-08-13 11:03:06,来自江苏,6460748513,立春将至
7131131704798561038,看到一篇文章说上海车墩有很多大神，晚上睡公园,0,4,0,2022-08-13 07:15:09,来自四川,100781557299149,执着的西柚h8
7131200281824035617,大城市会有这些情况,0,1,0,2022-08-13 11:41:07,来自河北,1169472854698973,喵婷婷1026
7131198957342606112,中国的群租房没有被清理，也存在很多隐患跟危害，甚至有些城中村的住宿环境也不好,0,1,0,2022-08-13 11:36:05,来自广东,71509687027,赵宝的佞臣
7131185893654299392,谁有钱不想住高楼大厦？谁愿意蜗居在地下室里？,0,3,1,2022-08-13 10:44:17,来自山东,94579260277,风雨人生路漫漫一世情
7131000073840378657,那都有穷人,0,12,0,2022-08-12 22:44:19,来自福建,108061175965,落叶静等
7131126066189861673,深圳的城中村比这强多了,0,3,0,2022-08-13 06:52:46,来自广西,6576022919,小木木目
7131237738804085538,北京地下室里住的也不少,0,1,0,2022-08-13 14:05:40,来自青海,56044454503,曌见唐朝AA
7131161245473964837,简单一句取消，说得真容易啊！我们这儿也有类似的房子出租吧！如果不是没钱，谁愿意住在这样的地方？！,0,2,0,2022-08-13 09:09:03,来自江苏,2797614140495293,ning平平
7131117533306012429,上中国小城镇买套房子，打工生活吧,0,3,0,2022-08-13 06:20:32,来自辽宁,870439485455623,There8t
7131138754106344205,北京住了好几年地下室，租不起房的人多的很,0,2,0,2022-08-13 07:42:28,来自河北,3803965816848951,极客小妮
7131127810517254920,让这群人住哪里？,0,2,0,2022-08-13 07:00:04,来自广西,92358398664,嘻嘻哈哈7990
7131102874964558606,《请回答1998》里女主就是住地下室,0,3,0,2022-08-13 05:24:48,来自江苏,2035950174874600,拳打熊三石脚踢DXZ
7131234201424528141,世界上到处都有穷人,0,0,0,2022-08-13 13:52:14,来自广西,50312634418,kx kl
7131038455328998156,每个国家都有穷人和富人,0,7,0,2022-08-13 01:17:42,来自安徽,55764985616,姚晔
7131235896305402654,韩国没有廉租房和合租房吧[呲牙],0,0,0,2022-08-13 13:59:06,来自江西,58523697666,Fighting呀梦想家
7131131330163295007,人们住在这里是因为房租便宜。,0,3,1,2022-08-13 07:13:43,来自河南,93180122709,用户清风秋月
7131131729619895080,十几年前在我们老家县城，一个小学附近我姨租过半地下室，当时觉得挺好奇的,0,1,0,2022-08-13 07:14:29,来自安徽,3715092950,朝阳敏敏
7131141491963151111,没有个中国邻居就是不行，有对八十多的老人，房东尝试救没成功，中国邻居出手成功救出来了,0,1,0,2022-08-13 07:52:42,来自黑龙江,101169603303,睿智针砭时弊
7131244421617713953,[what]他们为什么不住别墅呢，是将闲置的房子出租了吗？用私家车跑出租啊！,0,0,0,2022-08-13 14:32:11,来自四川,65031941198,天才小猴子
7131119667623772932,有能力谁不想住地上呢？清理以后好多人连头上的遮盖都没有了吧！,0,2,0,2022-08-13 06:29:40,来自浙江,62811217368,素老虎KK
7131144656481977096,韩国不是已经崩溃了吗？怎么还有人？,0,1,0,2022-08-13 08:05:13,来自山东,53501952400,plhp841147
7131158723611132672,哪都有穷人啊,0,1,0,2022-08-13 08:59:06,来自陕西,82997218547,漫天飞雪404
7131144374632940303,北京的半地下室也很多！,0,1,0,2022-08-13 08:03:28,来自北京,9764948084,第五种权力
7131149178944013093,底层人民不容易啊～希望世界和平疫情早点过去，太累了,0,1,0,2022-08-13 08:22:34,来自广东,4037975869,YY32090257
7130995361107641127,廉租房啊！,0,4,0,2022-08-12 22:25:43,来自湖北,85667887631,喵言喵语喵人生
7131248573601661730,这应该就是小区的地下车库吧，我的车位上边就有开窗应该叫半地下室。比较好奇的是地下室住了人那车停哪，就算是人防地下室也是便宜点的人防车位啊。,0,0,0,2022-08-13 14:47:41,来自广东,25217151582,再来一段666
7131024050910610217,韩国虽然科技领先朝鲜，可是幸福指数估计就差远了。,0,14,0,2022-08-13 00:17:54,来自云南,82561281769,爱户外喝茶的老李
7130999457218888448,这就是真实的韩国，别天天陶醉于韩剧了,0,23,0,2022-08-12 22:40:57,来自山东,588935938193070,旭日Dong升5B3V
7131251393922843431,中国也有的，有的小区地下室都是出租给打工的，便宜。,0,0,0,2022-08-13 14:59:33,来自江苏,1732441926024775,魔心花怒放
7131209131574821668,我之前在北京住过半地下的酒店，当时就想如果大大雨肯定要淹了[捂脸],0,1,0,2022-08-13 12:15:05,来自山东,83446473378,木呆呆87
7131251140330980129,上海的群租房也很小，一张床的位置，在那地方生活工作太压抑了。,0,0,0,2022-08-13 14:58:40,来自江西,5994527078,趣味信息
7131194451947143943,首尔还有这样的房子,0,0,1,2022-08-13 11:18:15,来自四川,4575575427,猪小屁麻麻
7131250973175612198,韩国也有这样的人啊。应该不多吧。,0,0,0,2022-08-13 14:57:54,来自江西,50913245836,系统给安排一个
7131064386944320289,是因为别墅住不惯吗？,0,2,0,2022-08-13 03:00:37,来自河南,6265891884,奥利不给
7131128609649214240,北京地下室住的人还少吗？,0,5,0,2022-08-13 07:03:26,来自山西,2919480376,发现太原
7131251414978200327,多关心关心国内在大城市蚁居的人群，为他们发发声,0,0,0,2022-08-13 14:59:09,来自上海,4134585670833960,幞头是乌纱帽
7131250854841565983,韩国电影 寄生虫 看了好几遍,0,0,0,2022-08-13 14:56:59,来自辽宁,64257290295,新闻连着你和我
7131131906435269409,有时候想扼杀贫困 就是不生或只生一个 遗传的不仅是DNA还有贫穷,0,6,0,2022-08-13 07:16:34,来自江苏,94389413169,为国搬砖义不容辞
7131234703235253030,为什么说半地下室是寄生虫式公寓？,0,1,0,2022-08-13 13:54:37,来自安徽,106475622679,菜鸟语不惊人
7131194579956957988,2500，即使是在魔都也能租个体面的房间了吧,0,1,0,2022-08-13 11:18:35,来自浙江,1622519449926012,灿烂圆月WS
7131248432156623648,我特别希望这些作者能够再严谨些，2005年以前她叫汉城[作揖],0,0,0,2022-08-13 14:47:39,来自河北,3157932173,散步的叶子
7131214527835865891,收入比我们高，房价比四大一线低多了，为什么要住地下，想不通,0,1,0,2022-08-13 12:35:14,来自广东,4269438461,深圳老狼
7131150193286005512,我这很多老楼都是半地下，也没看哪个下大雨淹死了。这是什么情况？,0,0,1,2022-08-13 08:26:24,来自黑龙江,2277802668983544,邊走邊回憶
7131171546919371532,北京一样有几十万人住地下室！而且是地下几层都有人住！,0,2,0,2022-08-13 09:49:22,来自山东,54804627730,黄花盆花盆黄
7131156802288796427,我曾经在北京住过地下室，并且是地下二层，没有任何采光，十五瓦小灯泡,0,1,0,2022-08-13 08:52:30,来自河北,5819329772,郭斌1503038
7131213224636236585,中国一个房间租住几个人也很常见，地下室很少，所以也没人住地下室，人穷图便宜[酷拽],0,1,0,2022-08-13 12:30:14,来自湖北,1530948108432935,泪珠闪闪几时休
7131221810859279138,看样子，越发达的地方，穷人也很多,0,1,0,2022-08-13 13:03:44,来自福建,97650274366,手工自制枇杷膏
7131120531508003622,北京有好多这样的房子,0,4,0,2022-08-13 06:32:43,来自山东,84907853906,小怼對
7131211768105534249,北京这样的地下室不要太多基本都是东北人承包过来再出租出去。,0,1,0,2022-08-13 12:24:42,来自重庆,2150267990843284,月牙湾有你有我
7131219042198864640,穷人的生存空间，富人哪里会明白的！,0,1,0,2022-08-13 12:52:51,来自江西,4173389540630659,客家老曾
7131179778832433931,北京地下室旅馆还有吗？06年去北京还住过一周，挺暖和的,0,0,0,2022-08-13 10:21:18,来自河南,5148520666,说云看海
7131205387323343651,地下室！低收入人群[大笑],0,1,0,2022-08-13 11:59:52,来自安徽,3280536136597255,勇敢的风筝hu
7131119372034622219,我想中国租住在地下室的人和环境不比韩国的情况好多少 至少北京是这样,0,4,0,2022-08-13 06:28:50,来自北京,3762056245,只爱陌生人25823946
7131248292553687846,先把自己的事情做好,0,0,0,2022-08-13 14:47:16,来自广西,63399548989,有灵魂的地方没有家13
7131169333141062433,看的我都想写《城中村被拆，年轻人何去何从》了。,0,1,0,2022-08-13 09:40:57,来自河南,108746127540,连城珏玉公子
7131221209022710567,看到别人的缺点与不足，似乎心里平衡多了，看看，发达国家也是如此，这样比较，我们的幸福感满满,0,1,0,2022-08-13 13:02:15,来自河北,70248831562,心慈志高2
7131246081555727104,不如住高架桥下。空气好，自己生活做饭啥的。[大笑],0,0,0,2022-08-13 14:38:01,来自云南,5552786477,不羁之灵魂
7131206313790964480,海绵城市郑州地铁，郑州隧道了解一下,0,1,0,2022-08-13 12:03:35,来自北京,3698374810287127,大乌拉
7131149586537825027,穷啊，没钱啊！谁不想住的安逸啊?贫富分化啊！,0,1,0,2022-08-13 08:24:21,来自陕西,3311348439847867,扫除害虫建花园
7131216285152641805,全世界最多的是北京,0,1,0,2022-08-13 12:42:25,来自山东,50043349169,寂寞斜阳124549455
7131160075183719168,北京地下室还在吗,0,1,0,2022-08-13 09:04:10,来自吉林,685726183468928,fronteq
7131213276411183884,就是没钱才住地下室，有钱谁不知道住好点？,0,1,0,2022-08-13 12:31:26,来自山东,2264600398014884,一枚热闹书签
7131175773981590311,穷字就是住在穴中，出力的人。,0,2,0,2022-08-13 10:06:07,来自天津,62225932506,老辰刘
7131247850234774305,北京没有？,0,0,0,2022-08-13 14:45:32,来自吉林,55256430397,让风吹
7131213215131829029,这个和去年郑州相比……,0,1,0,2022-08-13 12:30:26,来自上海,3029895862036680,存在即合理对吗666
7131222556027880203,全世界都有低层群众，但愿他们幸福的活着。,0,1,0,2022-08-13 13:07:32,来自江苏,102973012365,疾风劲草向天歌
7131179053582680846,悲剧了发达城市也住在地下室,0,1,0,2022-08-13 10:18:07,来自江苏,52084590703,想化作一阵春
7131244626107433769,发达的南朝鲜首都汉城 是不可能出现这样的[泪奔],0,0,0,2022-08-13 14:32:29,来自辽宁,59668836972,HIPIER
7131215742674453283,月薪一万。我严重拖后腿,0,1,0,2022-08-13 12:40:08,来自青海,58609247319,如法戒律
7131213906613289769,在中国这种地下室是送的，储物间,0,1,0,2022-08-13 12:32:57,来自山东,54816653660,食神144530987
7131249243855782664,上次下大雨北京不也一样吗丰台最严重,0,0,0,2022-08-13 14:50:53,来自河北,92331545868,增强免疫力很重要
7131129818385138439,韩国财富也是聚中在财阀手中，普通人苦啊,0,3,0,2022-08-13 07:08:07,来自河北,2493310604673276,热心老康
7131213062677332775,不要说住地下室潮湿严重了，我租过2楼单间的也湿得不行住在那里也很难受，住地下真是难以想象,0,1,0,2022-08-13 12:30:16,来自广东,64411457077,参天大棵葱
7131147963430699787,以韩国现在的出生率 在熬几年 这问题就没了,0,2,0,2022-08-13 08:18:35,来自福建,61170365249879,锐讯
7131218931469075233,我们类似的破旧地方少吗？,0,1,0,2022-08-13 12:53:06,来自江苏,111219443233,丑八怪鲜肉
7131221430779527968,我在杭州荷花苑住过一年半地下室，半截窗户就在地面上，那是一段不堪的岁月。,0,1,0,2022-08-13 13:02:51,来自浙江,52658988335,史话今说
7131229354596221732,这就是所谓的发达国家？,0,0,0,2022-08-13 13:33:42,来自上海,68719788148,史内克玖伍柒陆
7131206042188514083,不要嘲讽他们，多看看我们自己！,0,1,0,2022-08-13 12:02:27,来自山东,3821539298648951,萌萌侠6619
7131211982187479848,香港的劏房还不如这个,0,1,0,2022-08-13 12:25:37,来自福建,483405254108878,丁丁历险记20201
7131165068640797471,悲哀，谁愿意住地下室，没法。,0,2,0,2022-08-13 09:23:53,来自北京,51252241685,ch士
7131214597205754659,房价暴涨，谁能住的起？,0,1,0,2022-08-13 12:35:47,来自陕西,4428485890937837,tt55727287安安
7131202222591394596,有个电影—寄生虫，经典,0,1,0,2022-08-13 11:48:12,来自四川,5979377694,溯本清源
7131206937001181955,好像谁愿意住地下室似的,0,1,0,2022-08-13 12:06:34,来自山西,51161122676,麻辣鸡丝777
7131222348170707753,我们昆明市区小区就有这种只露小高窗的房子，四千元一平米价格就可以买到。,0,1,0,2022-08-13 13:05:53,来自云南,110857962850,亲切小羊05
7131210541497910016,还是中国好,0,1,0,2022-08-13 12:19:53,来自黑龙江,6042741561,幻影特工77131572
7131217635169370916,这边也有半地下的，咋办,0,1,0,2022-08-13 12:47:53,来自北京,95407396882,京城二大爷他爸
7131205007298429735,太可惜了两个女儿,0,1,0,2022-08-13 11:59:06,来自广西,64480087335,小陈212378145
7131215810009973536,这种地方在北京最多，，，,0,1,0,2022-08-13 12:41:19,来自广西,1516978744866740,釹斯拉妇
7131197685035123497,我们小区物管也让清洁工住地下室,0,1,0,2022-08-13 11:30:03,来自四川,104602810431,流星翱羽
7131200618877846307,本来就是弱势群体，再不让住地下室，他们住哪？,0,1,0,2022-08-13 11:41:22,来自山东,56781062867,早晨169873869
7131239016267219747,北京原来也很多人住地下室，清理的早。日韩的发展证明走美国殖民的国家完全不可靠，咱们还是要自立自强,0,0,0,2022-08-13 14:10:28,来自北京,108307011861,飞侠一刀49
7131141118154392359,韩国月收入1万，半地下房租3000！对比下上海，虽没有地下室，但最低收入2590，也只能诞生群租！哦对了，韩国还有全税房，交保证金100-200万后，房租0！,0,1,0,2022-08-13 07:51:43,来自上海,566992448265347,帕菲的爹爹
7131216949560394537,汉城排水系统这么差劲。,0,1,0,2022-08-13 12:44:51,来自山东,101074834412,温柔苹果Ax
7131211689991062287,美国也有地下室住人,0,1,0,2022-08-13 12:24:27,来自广东,2848836047,云雾之城2010
7131206634013131528,每个国家都是有贫穷的人的，贫穷让人不敢随便华为。,0,1,0,2022-08-13 12:04:59,来自湖北,919651762057693,微笑柳叶0R
7131170444845171494,美国 加拿大遍地都是这种只露半个窗户的地下室 租住的人多了去了 不少移民的人都住这里 [捂脸],0,1,0,2022-08-13 09:45:08,来自山西,106489204672,奋斗2290078463372
7131247269089362729,一切都是钱的问题,0,0,0,2022-08-13 14:42:52,来自广西,3392200905,至尊狼王AMG
7131216271387034376,穷人在哪都是边缘人,0,1,0,2022-08-13 12:42:24,来自广东,880036366526029,乐klzsz
7131203320743543567,生下来容易！活下来也容易！生活真的不容易……,0,1,0,2022-08-13 11:51:50,来自浙江,1170333315111980,风姿卓越钢笔1s
7131201377010893572,有没有单身女青年,0,1,0,2022-08-13 11:45:08,来自山东,2651664683370910,单身青年小赵
7131206245016896286,能住好房子谁想睡地下室啊,0,1,0,2022-08-13 12:03:34,来自江苏,6581383299,从我做起少用塑料
7131170759824737062,按照平均每户1.9人计算，相当于有62万余人住在半地下室。有那么算人的吗？这是先算好了再平均的吧[捂脸],0,1,0,2022-08-13 09:46:13,来自浙江,107910980582,请来的救兵799
7131198210466939648,我宁可去山上搭个简易房，也不会去住地下室，那是提前住地府,0,1,0,2022-08-13 11:32:08,来自江苏,99018710596,双鱼北极星
7131241708528075534,谁有钱了，会选择住地下室呢？叫住地下室的人，何去何从呢？,0,0,0,2022-08-13 14:21:25,来自北京,101122233580,小枫284456336
7131053756443362048,可怜啊。。。,0,1,1,2022-08-13 02:11:22,来自广东,109558557276,优选优质食材
7131192301216432899,全国各地住地下室的多了，这是要比惨吗？,0,1,0,2022-08-13 11:09:45,来自黑龙江,59474883013,申请成功4
7131109232048964389,北漂大多都有住地下室的经历,0,3,0,2022-08-13 05:49:21,来自吉林,5508794784,阿斯顿马丁路德金克斯
7131121901766329121,近半数？那半数以上是怎么死的？,0,3,0,2022-08-13 06:38:22,来自浙江,2084276306468619,木乃伊归来
7131217463605707533,2021郑州！郑州！,0,1,0,2022-08-13 12:47:08,来自安徽,59838914747,掌上定远网
7131164305667883788,群租房被整治好像是昨天和今天正在发生的事。穷人难活，天下通理,0,1,0,2022-08-13 09:21:36,来自河北,111239374798,大帝乔弗里
7131017477576000263,中国可以回自己老家，北上广深住地下室只是一种选择，回家也可以吃喝不愁,0,6,0,2022-08-12 23:52:20,来自江西,110536869525,一心一意花猫ST
7131124789452063526,过高的物价、房价，收入低的人群不想住进条件设施好的住房吗？！谁都想生活质量好一点，但终归是条件不允许。,0,2,0,2022-08-13 06:48:47,来自黑龙江,3372924232016135,🇨🇳毛驴子666
7131198809874465576,北京以前也有地下室半地下室,0,1,0,2022-08-13 11:34:22,来自北京,76311948262,曾经的幽蓝
7131095414320808738,发达国家也有这么多人住地下室,0,3,0,2022-08-13 04:56:08,来自委内瑞拉,250334270469460,灯火阑珊523945188515
7131147503911093026,北京多的是这种地方，还有完全是地下室，没有窗户的房子出租,0,1,0,2022-08-13 08:15:33,来自福建,106874830460,宏鱼吧
7131156685846348544,地球都是韩国的，为什么要住地下室？,0,1,0,2022-08-13 08:51:03,来自广东,108146443130,蓝西影
7131238885250237216,北上广地下室一样有人住 房租便宜,0,0,0,2022-08-13 14:10:58,来自天津,2850371496581204,泡沫90816
7131202401054638851,Banjiha（半截房）[我想静静],0,1,0,2022-08-13 11:48:59,来自广东,1478211186990029,yangsuker
7131233506021655299,广州市貌似没有地下室,0,0,0,2022-08-13 13:50:00,来自广东,690140099911758,淡泊用户笑看人生
7131168247986684679,这些人去哪里呢？不是他们想住地下室，而是没有钱！,0,1,0,2022-08-13 09:36:31,来自辽宁,422667170873981,右手年华07
7131156306999837480,地下室冬暖夏凉舒服的很,0,1,0,2022-08-13 08:49:25,来自上海,6479008173,斌91341268
7131207646207656736,国内的北漂族住地下室的大有人在，国内还出过纪录片,0,1,0,2022-08-13 12:09:11,来自上海,93079032146,明平686
7131225024858014464,在国内也有大量半地下甚至地下居所，甚至单位分的公房也有，不新鲜。,0,0,0,2022-08-13 13:16:16,来自北京,3042889745,加菲的污托邦
7131182972799714079,别关心这个。把自己的事做好,0,1,0,2022-08-13 10:33:31,来自广东,1050759614697323,躺平小男孩
7131156198224872232,韩国可是很早就进去发达国家行列，居然还有地下室租客。,0,1,0,2022-08-13 08:49:08,来自河北,101903336343,如何能让我相信你
7131190851883647752,为了活着，生活艰难，因为什么？,0,1,0,2022-08-13 11:04:10,来自山东,55198658925,北
7131124048393995048,中国现有住宅够14亿人口每家分配二套房子的，可惜还有住地下室的，,0,2,0,2022-08-13 06:44:55,来自江苏,110937297736,Davidtangzuo
7131159967562236709,北京也有吧，很多北漂都住过的,0,0,0,2022-08-13 09:04:27,来自浙江,4349310373205643,hai军俱乐部会长
7131239179237081868,发达国家也有穷人啊😱？？？？,0,0,0,2022-08-13 14:12:02,来自浙江,1487017498127863,半个春秋
7131151317615461161,我们这一楼车库都不允许出租了。,0,1,0,2022-08-13 08:30:26,来自江苏,5918178793,沧浪之水jX
7131155717927142155,说到底还不是穷人多，没办法，他要是财阀，他不会住几千平的别墅，不香吗。,0,2,0,2022-08-13 08:48:24,来自浙江,15815117900,寂寞梧桐锁春秋1
7131155502351778599,多数外国农民工，当地人极少！,0,2,0,2022-08-13 08:47:11,来自吉林,2915503682888539,寻梦人二
7131174352133309215,干的干死，涝的涝死！,0,1,0,2022-08-13 09:59:58,来自河南,67968544287,当时的月亮47
7131231118280082188,想起一部电影（寄生虫）,0,0,0,2022-08-13 13:40:52,来自云南,6679617647,海龙104590816
7131152722132452100,上次郑州大雨，比这严重,0,1,0,2022-08-13 08:36:18,来自浙江,4274589097,嘟嘟的小窝
7131111120785949474,这应该就是“驱逐低收入人群计划”的一部分，站在公心立场上剥夺底层人群生存的基础。,0,5,2,2022-08-13 05:55:27,来自广东,62819337332,明天会是更好
7131171091648987937,也是一种解脱，一路走好离苦得乐[祈祷][祈祷][祈祷],0,0,0,2022-08-13 09:47:39,来自山东,51959269202,释心一40
7131121234036835102,没有钱才住半地下室的,0,3,0,2022-08-13 06:34:33,来自浙江,6100131254,磊79111321
7131235751593526016,北京各个大学的地下室都住满了,0,0,0,2022-08-13 13:58:00,来自北京,4648801956,开着飞机上北京
7131211273748218659,生活不易啊,0,1,0,2022-08-13 12:22:46,来自上海,109083337018,老周827278
7131179534548140800,不是发达国家吗？感觉没有非洲发达最起码人家不用住这种地方,0,1,0,2022-08-13 10:19:43,来自河北,6175319352,诚信81468212
7131206347051975456,唉，看这篇文章瞬间脸红了。因为我也在北京地下室住过。,0,1,0,2022-08-13 12:04:39,来自河北,2722036260012221,江N南
7131201636147512094,这就是发达国家[我想静静],0,1,0,2022-08-13 11:45:37,来自上海,1219175802,蒙奇d路飞3823
7131233447376618252,以前新闻报道过北京也有外来务工人员住下水道还有住地下室的,0,0,0,2022-08-13 13:49:33,来自江苏,501016445589133,山川1011
7131155292632711969,好像除了 首尔 其他地方都活不了似的。,0,1,0,2022-08-13 08:46:34,来自辽宁,1350871601,南风不爱吹
7131144708247601960,北京也有一大批地下室吧,0,1,0,2022-08-13 08:04:39,来自安徽,53242405961,夸我就好了
7131132951874241284,人们住在这里，是因为房租便宜。,0,2,0,2022-08-13 07:20:44,来自福建,2893510768082829,123456胖胖老头
7131212115024970511,不可能，绝对不可能[大笑][捂脸],0,0,0,2022-08-13 12:26:00,来自广东,98121581645,冰山雪人2057
7131184303270314756,一万元工资，2500元租房，房租也高,0,1,0,2022-08-13 10:38:54,来自湖南,1830057459069279,丝姐爱唱歌
7131224304477471502,韩国首尔没有城中村和土著吗,0,0,0,2022-08-13 13:13:47,来自浙江,86360374614,我是能吃的瘦子
7131218069779071777,哪里都有穷人,0,1,0,2022-08-13 12:49:57,来自四川,83865702318,老谢1685
7131111779522118413,我90年到天津去玩儿，也住的是地下室的旅馆。,0,4,0,2022-08-13 05:58:41,来自江苏,50358571433,bzh911
7131196297696609063,好文章分析透彻到位，韩国地下室就有那么差吗,0,1,0,2022-08-13 11:25:32,来自云南,2343801202682119,裸奔大蚂蚁
7131196307142001411,韩国这么惨？,0,1,0,2022-08-13 11:25:38,来自四川,2768105593,你娃不莎
7131155511969825576,以为中国没有吗 以前我也住过这样的地下室 只有电 没有水 我们都去超市厕所接水回来。现在条件好了,0,0,0,2022-08-13 08:46:32,来自山东,20272421341,存存130202051
7131131614637572872,韩国电影里面表现的原来是真的。,0,2,0,2022-08-13 07:14:40,来自安徽,6728447845,雪舞狂纷
7131186985901081358,美妙的韩剧 和现实的差距,0,1,0,2022-08-13 10:49:00,来自江西,68020716303,文文奥奥
7131190368355435267,德善一家就住这半地下室[酸],0,1,0,2022-08-13 11:02:17,来自陕西,4218668122,才高八斗海浪M0
7131195989079622430,没有郊区吗？韩国全是高楼大厦吗？,0,1,0,2022-08-13 11:24:03,来自四川,377831163171379,安神定志向
7131190938042942221,中国也有的，有的小区地下室都是出租给打工的，便宜。,0,1,0,2022-08-13 11:04:22,来自北京,421805968597277,明树6664
7131236312006705954,电影改变不了的，灾难改变了,0,0,0,2022-08-13 14:00:04,来自上海,2322590621502094,东方未明654
7131146911045829413,发达国家的人怎么住地下室？,0,2,0,2022-08-13 08:13:35,来自上海,58199855934,夏雨天400
7131210787720921871,坐标吉林长春。98年特大暴雨。长春地下室淹死上百人。当年，全部地下室禁止住人。,0,0,0,2022-08-13 12:21:02,来自吉林,1939181444277383,Cnsirius
7131193286215877376,咱们国家就特别好！北京上海完全没有首尔这样的问题！我为祖国感到骄傲！,0,1,0,2022-08-13 11:13:09,来自上海,58063784633,啥也不是的八零后
7131227586235417359,国内也有很多住地下室的,0,0,0,2022-08-13 13:26:09,来自陕西,4859457497,我真的是小明啊
7131240157617292047,类住宅，让我想起，湾湾的类火车,0,0,0,2022-08-13 14:15:03,来自贵州,1789633792053396,雨寒0329
7131218239375573801,这就是资本家给人民的福利，要好好感恩。,0,1,0,2022-08-13 12:49:45,来自广西,5341924640,冈春咛刺
7131190185513435941,北京也有很多地下室,0,1,0,2022-08-13 11:01:26,来自福建,4103022033247614,用户名已存在感
7131180220895839010,少少几十万人，作为亚州更富裕随时都可以安排上楼了。如果是中国早就安排好上楼了,0,1,0,2022-08-13 10:22:32,来自广东,111109491992,Qq1414
7131244450923184932,不是生活所迫谁愿意住在这种地方,0,0,0,2022-08-13 14:31:57,来自陕西,3161792107260798,智者吉尔1f
7131223238142984960,发达国家[偷笑],0,1,0,2022-08-13 13:09:12,来自上海,50481183123,yttsc30
7131142740632617735,有钱谁愿意去住呀！[捂脸],0,1,0,2022-08-13 07:57:34,来自安徽,50292641756,1126631004
7131198198064530176,没地方住，就去青瓦台嘛！那里地方大，再多的人都住得下！[赞][赞][赞][赞][赞],0,1,0,2022-08-13 11:32:09,来自广东,95787238286,锋芒半露
7131187009921598245,可怜的发达国家,0,1,0,2022-08-13 10:48:53,来自上海,5486321366,就不告诉你我是谁88
7131243471800910596,不是防空的地下室全部填了安全,0,0,0,2022-08-13 14:28:42,来自湖南,57340728830,那个毛孩子
7131175434846716703,不是发达国家吗？,0,1,0,2022-08-13 10:04:18,来自广东,6096023607,小李飞刀78868776
7131227544259035939,标题写的让人看的云里雾里的[得意],0,0,0,2022-08-13 13:26:03,来自辽宁,4936026631,杰森正能量
7131218790549324559,唐三藏：从哪里来～回哪里去～,0,1,0,2022-08-13 12:52:00,来自山东,65750933261,圣人是无心的怪人
7131159728906044167,北京的地下室住了多少人呢？,0,1,0,2022-08-13 09:03:17,来自江苏,52026437362,煜洋宝宝
7131160557201638179,在首都很多呀，大都在医院附近出租的廉价公寓或旅店。,0,1,0,2022-08-13 09:06:03,来自山西,84997450162,断片的cat
7131148660431422243,发达国家人民也要住地下室吗,0,1,0,2022-08-13 08:19:58,来自广东,107984370689,大东A2
7131143543728587560,太正常了 北上广底下多少层的都有 为了活着有一栖之地已经很不错了 还有很多住不上底下的呢,0,1,0,2022-08-13 08:00:09,来自黑龙江,111450784247,自若海燕Ye
7131226017100383011,永远也别忘记郑州的洪水！,0,0,0,2022-08-13 13:20:13,来自辽宁,105119845536,倔强的屌丝
7131173023805178638,这个就是例子，以后不要住地下室，希望保障落实到位，不然悲剧只会重演。,0,1,0,2022-08-13 09:54:48,来自湖北,2422934808837484,雪漫居庸
7131198473302786816,手电筒[大笑][大笑][大笑],0,1,0,2022-08-13 11:33:12,来自江苏,3294587900399975,执着的葡萄9M
7131235274021569321,北京不是有很多地下室吗？,0,0,0,2022-08-13 13:56:06,来自吉林,70885384670,相见不如怀念223744136
7131106133158134563,中国也有啊！,0,3,0,2022-08-13 05:36:01,来自江苏,3346600271,虀41
7131189672956904205,20岁月入1万人民币啊,0,1,0,2022-08-13 10:59:29,来自湖北,99059279159,蓦然
7131226633746596608,表面的繁华底下都是。不容易解决的。,0,0,0,2022-08-13 13:22:18,来自江苏,4734300117,刚刚讲过
7131143630282785569,有空关心一下我们国内的这样的人群吧！,0,2,0,2022-08-13 08:02:01,来自上海,74481492687,无脚鸟80
7131155328561234728,中国也有这样的地下室，有钱谁想住地下室,0,1,0,2022-08-13 08:45:56,来自广东,92044760388,小肥878
7131241384203649825,北京好多这种,0,0,0,2022-08-13 14:20:34,,99460364488,不想给你当大爷
7131137398003958528,中国有没有这种地方？,0,1,0,2022-08-13 07:36:30,来自云南,3376316719,天地一沙鸥A01
7131133603798876942,和上海的群租房一样，有这种需求，怎么禁止的了。,0,2,0,2022-08-13 07:22:29,来自上海,5878447625,痛扁老实人
7131242284364071691,真是旱的旱死，涝的涝死，我们这自从入夏以来就没降过多少水，全省大旱,0,0,0,2022-08-13 14:23:53,来自安徽,6288178718,Dinoluke
7131239023431516943,"中国的一线城市中
就没有人这样生存吗？",0,0,0,2022-08-13 14:10:37,来自上海,2044717674534775,馄饨天尊
7131149779903841036,青岛大暴雨住地下室一个老太太被淹死！没人关注！,0,1,0,2022-08-13 08:25:21,来自山东,59007206957,青漂大磊
7131144982454551310,电影里经常看到,0,1,0,2022-08-13 08:06:06,来自广西,62511725868,烟锁旧梦
7131160206662370051,我就想问不让住以后，低收入人群住哪里,0,1,0,2022-08-13 09:05:24,来自江苏,2450171890512504,故渊丶e0wP
7131225918097982239,还是我们国家好,0,0,0,2022-08-13 13:20:14,来自重庆,1103549877198510,简单叶子zL心宽
7131191817814754087,不要老盯着别人的弱点，先看看自己的低收入群体如何改善生活质量,0,1,0,2022-08-13 11:08:10,来自山东,85295392847,风调雨顺68
7131156326268404516,北京也有不少这种,0,1,0,2022-08-13 08:50:00,来自北京,52221215983,老胡81
7131185259664130847,这片还是真的反应了事实,0,1,0,2022-08-13 10:42:12,来自广西,1126568693,一杯微薰
7131160815213789959,地下室要看地型入住,0,1,0,2022-08-13 09:07:24,来自云南,5759310043,三仟丝
7131200087531373319,发达国家了,0,1,0,2022-08-13 11:39:53,来自湖南,3887511206370720,蓝星种花家的弗兰兔子
7131172308412072707,我们国家也不少啊 应该警惕,0,1,0,2022-08-13 09:52:15,来自辽宁,81823894980,山水酒坊
7131184675770860327,贫穷是最难治愈的病。,0,1,0,2022-08-13 10:40:26,来自上海,6227517561,ViccoWu
7131226881332527907,我们好幸福啊，生活在我们国家太幸福,0,0,0,2022-08-13 13:23:31,来自辽宁,98613277301,大乐7772
7131177088933200679,60万人在我们呢？,0,1,0,2022-08-13 10:10:56,来自山东,55124069185,虚伪的故宫
7131160907941511950,遇到倒灌基本上没有生还可能,0,1,0,2022-08-13 09:07:46,来自河南,2805807602,臭臭的臭子
7131225022919820040,叫什么名子？一样一样！[呲牙],0,0,0,2022-08-13 13:16:27,来自北京,73334416059,民间艺人
7131126971446756135,有资本家在，就没法解决这样的问题,0,2,0,2022-08-13 06:57:32,来自辽宁,81239963170,哈哈超级三哥
7131167897787138848,国内所谓的底复会有这个风险吗？,0,1,0,2022-08-13 09:35:29,来自甘肃,5910543233,leoness
7131189532250686208,为什么和韩剧演的高大上不一样？,0,1,0,2022-08-13 10:58:28,来自陕西,71618085492,tianyima88
7131101080850760452,禁止炒房回归刚需控制租房价格,0,1,0,2022-08-13 05:19:33,来自重庆,50310477998,青涩蛋糕81
7131149677076415273,全世界都有，不止是韩国,0,1,0,2022-08-13 08:24:06,来自安徽,67229164936,轻舞飞扬berid
7131244707551855401,低收入者的悲哀！,0,0,0,2022-08-13 14:32:26,来自河南,110892467882,35259983
7131154715324744482,首尔地下室的小米人怎么办,0,1,0,2022-08-13 08:43:37,来自上海,104565722324,属猴的357
7131169086385570572,那个国家都有这样的生活状态,0,1,0,2022-08-13 09:39:53,来自广东,53223682844,调摄大使
7131099686907527969,发达国家吗？,0,3,0,2022-08-13 05:15:33,来自浙江,3939976148,亲切豆浆V6
7131168205971718946,有钱谁会住这种地方了？,0,1,0,2022-08-13 09:35:38,来自广东,5465881674,真心大冒险
7131142011847623465,韩国有老鼠吗[吃瓜群众],0,1,0,2022-08-13 07:54:25,来自辽宁,1890774617172328,余峰
7131231283623166752,他们不是发达国家吗,0,0,0,2022-08-13 13:41:10,来自浙江,3630356983,寒风莹
7131171748661920549,看看我们郑州,0,1,0,2022-08-13 09:50:06,来自安徽,57851797689,正能量海浪VV
7131172431997780751,我们以后会不会也是这样？,0,1,0,2022-08-13 09:55:16,,101853349757,88祖国繁荣昌盛88
7131145495916856095,哦北京没有地下室,0,1,0,2022-08-13 08:08:05,来自广东,1671679987949080,坦荡的漂流瓶q5
7131240246674653959,北京一楼就是一半在土里，不知道为什么要这样设计,0,0,0,2022-08-13 14:15:41,来自上海,51147944583,面对现实
7131034470488474404,北京早年用作防空的地下室，多有改做招待所民宿。,0,3,0,2022-08-13 01:00:10,来自南非,95128174046,Ahjun001
7131240359950467844,南棒真可怜,0,0,0,2022-08-13 14:16:55,来自上海,3998800437,毛毛是短腿
7131127423768593163,寄生虫里的半地下室，淹了就这么惨。,0,1,0,2022-08-13 06:59:04,,103333611835,乐天派忧郁的包子
7131131644949725963,评论区肯定能看到我想到的。,0,1,0,2022-08-13 07:15:17,来自浙江,75287766620,飞将549
7131162662809633577,只能说解决了淹水问题，而对解决住房问题完全没有帮助。,0,1,0,2022-08-13 09:14:24,来自广东,71221667307,三百年残山賸水
7131224564528513833,唉，咱们的北上广也是这样的吧,0,1,0,2022-08-13 13:14:21,来自河南,3650821359,核桃味儿瓜子
7131113827646817039,难道说郑州城市不一样吗？,0,1,0,2022-08-13 06:05:27,来自广东,6292440050,快乐的喜鹊u5
7131159545153389351,还是多关心关心同胞,0,1,0,2022-08-13 09:02:42,来自陕西,96017554839,来自西西里
7131226587273577257,中国人真幸福,0,0,0,2022-08-13 13:22:13,来自辽宁,54929174060,王自嘲的限量青春
7131025431176282921,北京的地下室不也很多么 这种至少有个窗,0,4,0,2022-08-13 00:23:23,来自广东,3724781697907469,珍奇动物观
7131116637176103713,我还以为只有北票住过[流泪],0,1,0,2022-08-13 06:17:40,来自福建,3709633960,伊凡1313
7131033362277860111,发达国家也这样？,0,4,0,2022-08-13 00:54:52,来自福建,52037542927,呼吸科划水的咸鱼
7131146126027146015,相比之下，深圳城中村比这个好一点,0,1,0,2022-08-13 08:10:30,来自广东,51675799727,哈斯塔001
7131192876222661389,这算什么首都还有厕放，背对坑位，吃泡面。,0,1,0,2022-08-13 11:12:18,来自贵州,84829420883,黑皮水果猪
7131129468982444807,存在就是合理的,0,1,0,2022-08-13 07:06:28,来自天津,55300972922,漆灯风飐1
7131160709605524239,发达国家也这样啊,0,1,0,2022-08-13 09:06:39,来自江苏,59030481538,成都辣椒怪
7131047667937313540,一个中国人还救了一个,0,2,0,2022-08-13 01:56:09,来自江苏,110072372124,吴刚560
7131099737893290790,中国城市低收入者都住哪里？,0,1,0,2022-08-13 05:14:42,来自江苏,76618533548,南天竹204
7131161994300293900,大城市也很多,0,1,0,2022-08-13 09:12:32,来自河北,16992341058,走卒E4K6
7130981949292233504,那住地下室的是不富裕的人吗？,0,1,0,2022-08-12 21:33:27,来自四川,53138696125,CDpan
7130984332159943463,国内那么多城中村也是有很多安全隐患,0,8,0,2022-08-12 21:42:29,来自广西,100264062020,cinzm
7130982246622364453,群租房差不多,0,6,0,2022-08-12 21:34:22,来自安徽,66119586434,王大锤的榔头
7130992029148496653,韩国房价又要涨了[泪奔][泪奔],0,0,1,2022-08-12 22:12:28,来自浙江,5780727511,铁头船长
7131022252421825280,难道韩国没有廉租房吗？,0,2,0,2022-08-13 00:10:14,来自四川,94764389993,苍木618
7131018507130635038,一直贫困的人都会很难,0,1,0,2022-08-12 23:55:55,来自重庆,1961969812519624,白色月光356
7131152942589281024,发达国家的韩国居然没有解决这个问题！北京，上海的地下室以前也是住了很多的穷人，现在这种现象已经都消失了。,0,1,1,2022-08-13 08:36:35,来自湖北,55191380386,爱刻
7131149948904801036,这都赶上北京了,0,1,0,2022-08-13 08:25:49,来自浙江,50903474338,大神瞳
7131212038092882702,我们能比他们好多少呢,0,1,0,2022-08-13 12:25:56,来自山东,53267925676,颜景如141247030
7131148048977429248,谁住过地下室、城中村、笼屋,0,1,0,2022-08-13 08:17:37,来自江苏,60521570703,Y1674256
7131121698820326144,还好北京不下暴雨,0,3,1,2022-08-13 06:35:41,来自北京,3284929779336040,丑橘的
7130982219753358118,有地方睡就不错了！你们光说不让住地下室，地上也住不起呀！,0,33,2,2022-08-12 21:34:42,来自北京,103347591199,槐树与井
7131113921955988231,中国的地下室，车库，群租房都很危险,0,1,0,2022-08-13 06:06:46,来自江苏,93702250195,懿一一燚
7131012927033312032,电影来源生活,0,1,0,2022-08-12 23:34:52,来自安徽,64257005896,城里街坊
7131054925920436992,发达国家也有穷人,0,1,0,2022-08-13 02:15:58,来自江西,3518067545487324,南昌热瓜
7131075682322875151,我们县城的廉租房（每月一百块）却空置没人住,0,4,0,2022-08-13 03:42:30,来自广东,62120841355,斌哥1774
7131196693722792745,地下室不住人……,0,0,0,2022-08-13 11:26:19,来自陕西,94304475559,Affirm350
7131028999438418700,郑州300多？,0,1,0,2022-08-13 00:39:18,来自浙江,377848569800956,轰六ZZ
7130986657561756416,谁能赦免他们,0,1,0,2022-08-12 21:50:59,来自浙江,4583123790,城西说书人
7131245330641437453,己转,0,0,0,2022-08-13 14:35:44,来自四川,72856211396,茜茜念茜
7131176110855570180,北京也有,0,1,0,2022-08-13 10:07:30,来自江苏,105767038308,Dora653
7131155000428233487,到沈阳吧,0,1,0,2022-08-13 08:44:31,来自辽宁,3956680517,金币辉煌30567292
7131144290545861376,唉。。。,0,1,0,2022-08-13 08:03:17,来自山东,102297225446,凤栖丹桂
7131190261107376935,北京很多,0,1,0,2022-08-13 11:02:11,来自广东,4186454678,员外李
7131149956110467880,回朝鲜啊,0,1,0,2022-08-13 08:24:55,来自山东,5993312496,终为碎银几两
7131159286017147680,北京也有,0,1,0,2022-08-13 09:02:06,来自辽宁,229114192599636,紫气东来之厚德载物
7131211880831812386,回农村,0,1,0,2022-08-13 12:25:08,来自江西,57726027919,民间逸事
7131242245529223966,是汉城,0,0,0,2022-08-13 14:23:29,来自广东,83385081598,在路上
7131159427201237801,哪都一样,0,1,0,2022-08-13 09:01:37,来自天津,1904794348041416,主佑我心
7131125784932647712,北上广,0,1,0,2022-08-13 06:53:00,来自山东,6013038796,仙居散人
7131042884073292584,北京大把,0,2,0,2022-08-13 01:32:48,来自广西,57250849801,老王看红尘
7131076826960560937,可怜啊,0,3,0,2022-08-13 03:46:39,来自江苏,5790660494,贫道法号轻疯
7131131755662639886,起来！,0,1,0,2022-08-13 07:15:20,来自江苏,58910150362,女人心腾讯
7131095528024392459,可悲啊,0,1,0,2022-08-13 05:00:55,来自黑龙江,80600868015,纸上勿谈兵
7131040438529557252,冬暖夏凉,0,1,0,2022-08-13 01:24:14,来自安徽,6516204376,天赋激情
7131136645574984487,哈😄,0,0,0,2022-08-13 07:34:30,来自广东,110924507559,美梦歌曲制作
7131216612555981572,以前看韩剧。穷人都是住公寓顶层加盖的房子，叫屋塔房的嘛，门口还有一张床，晚上可以看星星。真正的底层住的不是首尔市郊的贫民窟么，路都是歪歪扭扭的台阶，房子的顶棚和门都是一些废弃的建筑材料。看来这些房子这些年被清理了，穷人住到了地下室，彻底没有资格享受阳光。,0,1,0,2022-08-13 12:44:09,来自江苏,69790488749,哇啦哇啦哇啦哇哇啦啦
7131124188278358818,为什么评论那么多城市的地下室能住人啊？福建都没有啊，而且韩国一天的降雨量是380，郑州是449，关键是郑州最高一个小时是210，所以，有什么可比性吗？收入1万要付2500的房租确实是很贵，我所知道的，现在很多年轻人都是选择合租的模式，这样平摊一下也还好！,0,1,0,2022-08-13 06:45:29,来自福建,61562919398,慕色凉月
7131032675074786048,有点扯，政府不该提供吗,0,2,0,2022-08-13 00:52:13,来自青海,109971689312,yekki
7131188865066468107,韩国写实片《寄生虫》……不是浪得虚名。,0,1,0,2022-08-13 10:56:33,来自河南,64763565514,空船虛己遊
7131219291067794217,跟我们的群租房一样处理，清理完就行，管你死哪里去。,0,1,0,2022-08-13 12:53:52,来自江苏,325081169924749,刀锋战士V
7131201567037965070,这种住地下室的韩国人算不错的，有机会大家去看看汉江北岸的贫民窟，绝对和巴西，墨西哥的有一比。,0,1,0,2022-08-13 11:45:26,来自北京,6162320874,hotlynn
7131187413308769027,为啥不给寄生虫建小区，住别墅呢？,0,1,0,2022-08-13 10:50:54,来自河南,74838983942,翱翔240541359
7131154032009593613,这么发达的韩国，真是讽刺啊,0,2,0,2022-08-13 08:41:21,来自山东,67292769443,V青山观察者V
7131150696271430439,韩国社会是一个最为无情的社会。,0,2,0,2022-08-13 08:28:56,来自天津,98194032315,浮云鹤
7131226489403589411,震惊，宇宙第一的韩国也有地下居民,0,1,0,2022-08-13 13:21:42,来自广东,50939448094,坂田金城五
7131176645532320525,中国住下水道的也不少,0,1,0,2022-08-13 10:08:57,来自黑龙江,54606255076,溱弓
7131210834244043555,错别字不少,0,1,0,2022-08-13 12:21:08,来自山西,5999167760,抬头向前低头看路
7131184581528634115,刚丝上的繁荣,0,1,0,2022-08-13 10:40:01,来自四川,61745211967,chengdu萧何
7131252023471145763,韩国也有贫民窟,0,1,0,2022-08-13 15:01:02,来自河北,566971608080747,等待黎明日出东方
7131234156905923361,活着需要成本考量,0,0,0,2022-08-13 13:52:22,来自广东,1587804988,清风醉远方
7131192411102937869,这就是那些韩吹说的一个月过万的美好生活哈哈😊,0,1,0,2022-08-13 11:09:54,来自山东,1522159351774061,才高八斗橙子2J
7131173457416749857,老爷们心善，见不得穷人[看],0,1,0,2022-08-13 09:56:59,来自山东,1873173735,断手指的闷油瓶
7131210543671247631,把眼光看向国内吧，就韩国这情况算新闻吗？,0,1,0,2022-08-13 12:20:01,来自广东,2102679477683240,伟大的也许
7131178196208943908,发达国家的先进程度不是我们这些贫穷国家的人能想象的！,0,1,0,2022-08-13 10:15:05,来自湖北,6004510677,真心人儿
7131204896749060867,北京不是也有嘛？,0,1,0,2022-08-13 11:58:39,来自广东,3918296417830894,亲切饺子9
7131241031060030243,看看上海有没有,0,0,0,2022-08-13 14:18:18,来自广西,110150115786,野蛮生长8147
7131195009722041120,郑州的720太恐怖了，死了几百人,0,1,0,2022-08-13 11:20:29,来自河南,1464198292060798,腿界一哥
7131117170188337960,一方面缺人，一方面不拿人当人。,0,2,0,2022-08-13 06:18:20,来自山东,1103536691876836,淡定微风k
7131228656860889895,感觉我们上海很幸福了,0,1,0,2022-08-13 13:31:09,来自上海,6684718216,温柔的阳光105083471
7131221652222018345,我们贫富差距不大？,0,1,0,2022-08-13 13:03:02,来自湖南,430598019092496,DKCopy7479
7131250899989168907,中国的20岁的人平均工资一月能挣一万元的有多少呢，有吗？,0,0,0,2022-08-13 14:57:37,来自河南,50000416658,凤123721735
7131220769661109005,北京有很多吧,0,1,0,2022-08-13 13:00:14,来自河北,9545164872,太行飞鸟
7131184811527996167,已经比香港人过的好啦,0,1,0,2022-08-13 10:40:38,来自内蒙古,51520214644,小奥184825611
7131217605683725092,五十步笑百步，郑州忘了？！,0,1,0,2022-08-13 12:47:57,来自江苏,3452100474842589,仁恒江湾城美女的bb
7131242590359552808,北京比这更多,0,0,0,2022-08-13 14:24:26,来自山东,84872329063,爱上一猪
7131115915382948647,河南！河南！,0,1,0,2022-08-13 06:15:20,来自江西,3967513049966324,边路望海
7131125634847572776,批评外国真是一套套的,0,1,0,2022-08-13 06:51:07,来自浙江,101889378672,拉叔021
7130995571968049934,看看大北京得有多少人住地下室,1,4,0,2022-08-12 22:26:18,来自山东,1569734278775848,用户4409817397248
7131216080072442659,都是贫穷惹的祸，没钱才住地下室,0,1,0,2022-08-13 12:41:25,来自新疆,2040305711058120,用户6728429376673
7131053977462555426,吓人呀！在地下室能住50年。,0,2,0,2022-08-13 02:12:14,来自新疆,558185172184647,用户2948890869829
7131212020963132200,一直以为首尔的条件特别好，是富人区呢。,0,1,0,2022-08-13 12:25:33,来自辽宁,93495209025,用户161066356631
7131217441090650887,有钱谁愿意去住地下室啊,0,1,0,2022-08-13 12:47:01,来自浙江,1925942008362318,用户916429763138
7131195529077523214,北京上海漂着的年轻人，住地下室不足为奇！,0,1,0,2022-08-13 11:22:05,来自山东,3733592335720683,用户194688584796
7131232503272375079,中国也有很多住的地下的不要总看别人的黑暗,0,1,0,2022-08-13 13:46:01,来自北京,1468579627677080,用户6015602789771
7131247174075532067,这些发达国家繁荣的表面，也隐藏着那么多贫穷和悲哀。,0,0,0,2022-08-13 14:46:30,,99633561011,用户8338257050985
7131244922036486952,住地下室的确是有很多安全隐患,0,0,0,2022-08-13 14:33:34,来自上海,575760637896365,用户9124986603921
7131224702940971787,贫穷苟且偷生，太难了。,0,1,0,2022-08-13 13:16:09,来自湖北,4173400998418237,用户8924016989082
7131237057175257863,我说我们这边怎么不下雨，原来雨下到韩国去了,0,0,0,2022-08-13 14:03:32,来自陕西,980378814521934,用户8726369227954
7131242335723389696,有钱谁愿住地下室,0,0,0,2022-08-13 14:23:25,来自江西,2685443382,手机用户2685443382
7131207466691379976,在外打拼的低收入人群该住哪,0,1,0,2022-08-13 12:08:12,来自山西,2186251543259373,用户2125097387665
7130980096399475460,中国现在还不是有一大群买起房，租不起房的穷人。,0,12,0,2022-08-12 21:26:14,来自四川,6996390591,手机用户6996390591
7131237347781919496,宇宙第一的韩国竟然也有这样的住处和人群。,0,0,0,2022-08-13 14:04:39,来自福建,110198764788,用户7299052127096
7131191443800572672,光鲜亮丽的背后，人们看不见的地方。,0,1,0,2022-08-13 11:05:57,来自江苏,518568496075358,用户1919317536453
7131155592429159168,如有能力改善，谁愿意住那种环境呢，生活不易呀,0,1,0,2022-08-13 08:46:58,来自四川,4358116291905614,用户2269720413654
7131176550568919819,唉，世界上穷人很多的,0,1,0,2022-08-13 10:08:44,来自广东,2102683360574574,用户8058254913259
7131144413341811487,韩国都没有经济适用房的吗？,0,1,0,2022-08-13 08:03:50,来自广东,4481262492331486,用户2951190035273
7131200942367671081,看了这个突然觉得我的两居室也已经很好了。至少还是我家，无论怎么样都是家,0,1,0,2022-08-13 11:42:45,来自广西,3773139240891832,用户3960861630669
7131133652062421801,因为穷，收入过低，到哪都是一样,0,1,0,2022-08-13 07:21:48,来自江苏,65983506563,手机用户65983506563
7131188836658529064,哪里都有穷人，哪里都是富人的天堂穷人的地狱！,0,1,0,2022-08-13 10:55:40,来自河北,4957905416,用户621529
7131235743674385164,哪里都有，为了生活，没办法,0,0,0,2022-08-13 13:58:40,来自云南,659337139458063,用户9619370273854
7131237813181416195,七十年代也是暴雨，住在一汽地下室的住户被淹死了！救援人员眼睁滴看着，没有办法半地下室的窗户上焊着护栏窗户出不去，而地下室水满了！一起悲剧！事情过后，地下室的住户全部调走了！,0,0,0,2022-08-13 14:06:39,,110986767541,用户1763939946051
7131121661566468899,韩国房价也很高，租房子的遍地是，普通房一间租金一年最少一万多。,0,1,0,2022-08-13 06:35:51,来自山东,1450995116433981,用户6833415756539
7131132275206669094,没钱没办法，只能住这样的地方，可怜,0,1,0,2022-08-13 07:17:34,来自江苏,3667568240891069,用户51459250565
7131226139410006814,对比之下还是我们的祖国好啊，好好工作好好生活，好好爱我们的祖国吧！,0,2,0,2022-08-13 13:20:48,来自陕西,106617694535,用户8880622709362
7131190744509219584,发达国家的贫富差距更大。,0,1,0,2022-08-13 11:03:08,来自河北,1015539840606499,用户9352082021401
7131243940347118371,这样的居住方式中国北京也有很多，很正常，本人就住过。,0,0,0,2022-08-13 14:29:46,来自北京,108157572782,用户6705059341038
7131243656853979916,本来应是和业主配套的储藏室，现在开发商都建成地下室或半地下室，又多卖一份钱,0,0,0,2022-08-13 14:29:29,来自山东,428937592255,用户8120986157934
7131247244392809230,如果不让人往地下室了，低收入人群住哪呢？,0,0,0,2022-08-13 14:43:03,来自广东,1636522298716359,用户6853107240094
7131234512394093346,我们这里住半地下室的用户因上个月连阴雨.暴雨基本上都进水泡了。,0,0,0,2022-08-13 13:52:54,来自江苏,1604921327102574,用户995331769374
7131231987218170658,看来任何一个社会都有绝对贫穷人口。,0,1,0,2022-08-13 13:43:18,来自江苏,703294744043647,用户6852366940439
7131185549422936863,中国也一样，住地下室的很多，群居房,0,1,0,2022-08-13 10:43:17,来自浙江,2207473003142110,用户6214029029755
7131241386279518983,看来韩国首都也不怎么样啊，也有很多穷人,0,0,0,2022-08-13 14:20:01,来自河北,111041206245,用户4779072877862
7131227141944984351,韩国的群租房看来也要整顿了,0,1,0,2022-08-13 13:24:43,来自江苏,4182183288770844,用户4174409174343
7131219700020790050,所谓的发达国家下雨也会淹死人？？,0,1,0,2022-08-13 12:55:18,来自湖南,53604712176,手机用户53604712176
7131211416866489123,我在北京也住了一年地下室,0,1,0,2022-08-13 12:23:26,来自河北,108819929572,用户5477897553933
7131169265947804448,北京原来就有住地下井的，后来取缔了，至于住地下室的，现在也有很多……,0,1,0,2022-08-13 09:40:36,来自浙江,103285754615,用户7134280614553
7131230287027389217,哪都有这样的人群,0,1,0,2022-08-13 13:37:32,来自天津,110069768906,用户679414400247
7131156020944339743,如果可以选择，会有人愿意这样吗？不过是形势所迫，至少好过露宿街头吧。,0,1,0,2022-08-13 08:49:04,来自辽宁,1539748315273124,用户3610620844025
7131218187865375488,我们这也是有的住半地下室的。人家小韩已经开始吸取教训了。我们能不能提早解决。,0,1,0,2022-08-13 12:52:52,,110730436569,用户3832866594955
7131218532348003111,哪里都有穷人，穷人日子难过。唉！,0,1,0,2022-08-13 12:51:37,来自浙江,99502681786,用户42267488492
7131217194586850055,地下室怎么能住人呢,0,1,0,2022-08-13 12:46:03,来自天津,93317521492,用户8422480952483
7131189654246015782,确实是一个发达的国家。[打脸],0,1,0,2022-08-13 10:59:50,来自上海,654961279762716,用户3745875772401
7131245892606772005,贫民无奈的选择,0,0,0,2022-08-13 14:37:49,来自河北,104659425827,用户69700932934
7131208228620305189,我住过北京的地下室 潮,0,1,0,2022-08-13 12:11:10,来自江西,79689207140,用户9280269656743
7131217951948702471,都是因为穷啊,0,1,0,2022-08-13 12:49:07,来自江西,1908352626734727,用户3293859503423
7131185662497800998,穷人那都有，苦命,0,1,0,2022-08-13 10:44:22,来自重庆,72249477658,手机用户72249477658
7131191724608979745,这些居民可以出租自己多余的房子挣钱，来改善自己的居住环境。也可以用自己的私家车跑优步,0,1,0,2022-08-13 11:07:55,来自江西,387452470569687,用户5614245403259
7131161201451025182,和北京的地下室一样吗？,0,1,0,2022-08-13 09:09:13,来自河北,676907436999517,用户4017732522475
7131189798353715975,找盟友没？,0,1,0,2022-08-13 10:59:49,来自广东,2739613443567316,用户4342623181241
7131001430671966990,那几年我在北京群租房里，一到夏天简直就是地狱。,0,2,0,2022-08-12 22:49:07,来自河北,3157405378026685,用户1671000379531
7131244502962324257,哪里都会有穷人,0,0,0,2022-08-13 14:32:53,来自浙江,2510916309226708,用户7654566704012
7131177984895009570,大首都就有地下室旅馆,0,1,0,2022-08-13 10:13:28,来自上海,104232165488,用户5032805437442
7131022332726117153,我在韩国仁川市住过一段时间的半地下室，都是因为钱的原因啊！,0,1,0,2022-08-13 00:12:28,来自吉林,108922572075,用户3329177628472
7130987666556093198,这是世界性难题,0,2,0,2022-08-12 21:55:18,来自江苏,17351402427,用户17351402427
7131034267014660901,起码是单间，我们好多还住宿舍呢,0,2,0,2022-08-13 01:00:35,来自湖北,106140944495,用户3298224772053
7131213796072309517,天灾呀,0,1,0,2022-08-13 12:32:43,来自上海,1609332014462382,用户470090093672
7131097777408377635,老人,0,0,0,2022-08-13 05:05:05,来自北京,70061991072,手机用户70061991072
7131218339422126859,那里副,0,1,0,2022-08-13 12:50:47,来自浙江,99502681786,用户42267488492
7131203245753746206,已阅读,0,1,0,2022-08-13 11:51:58,来自广西,3161840900125933,用户492162566642
